{"type":"FeatureCollection","features":[{"type":"Feature","id":1,"geometry":{"type":"LineString","coordinates":[[-123.2305665,48.6795187],[-123.2306463,48.6791912],[-123.2306654,48.6789683],[-123.2306431,48.67872]]},"properties":{"OBJECTID_1":1,"OBJECTID":1,"ID":1,"SITECODE":"sjs0326","SITECODE1":" ","ISLAND":"Stuart","LENGTH":293.225,"SITE":" ","LINK1":" ","LINK2":" ","LINK3":" ","SAMP_SIZE":4,"MEAN":16.3999996,"ST_DEV":3.32999992,"MAX_":18.2999992,"MIN_":11.3999996,"COMMENTS":" ","Shape_Leng":293.224819735,"Shape_Length":293.2248692578654}},{"type":"Feature","id":2,"geometry":{"type":"LineString","coordinates":[[-123.1997326,48.6628163],[-123.1993797,48.6625652],[-123.198661,48.6625337],[-123.1980424,48.6624079],[-123.197668,48.6621434],[-123.1975768,48.6621268]]},"properties":{"OBJECTID_1":2,"OBJECTID":2,"ID":1,"SITECODE":"sjs0322","SITECODE1":" ","ISLAND":"Stuart","LENGTH":610.798,"SITE":" ","LINK1":" ","LINK2":" ","LINK3":" ","SAMP_SIZE":7,"MEAN":20.6000004,"ST_DEV":3.95000005,"MAX_":27.1000004,"MIN_":16.7999992,"COMMENTS":" ","Shape_Leng":610.797674164,"Shape_Length":610.7978763047167}},{"type":"Feature","id":3,"geometry":{"type":"LineString","coordinates":[[-123.1910431,48.6602761],[-123.1908808,48.6602287],[-123.1900961,48.6601246],[-123.189754,48.6601039]]},"properties":{"OBJECTID_1":3,"OBJECTID":3,"ID":1,"SITECODE":"sjs0322","SITECODE1":" ","ISLAND":"Stuart","LENGTH":319.33,"SITE":" ","LINK1":" ","LINK2":" ","LINK3":" ","SAMP_SIZE":7,"MEAN":20.6000004,"ST_DEV":3.95000005,"MAX_":27.1000004,"MIN_":16.7999992,"COMMENTS":" ","Shape_Leng":319.330317703,"Shape_Length":319.3301489219516}},{"type":"Feature","id":4,"geometry":{"type":"LineString","coordinates":[[-123.1824431,48.6592049],[-123.181769,48.6592324]]},"properties":{"OBJECTID_1":4,"OBJECTID":4,"ID":1,"SITECODE":"sjs0321","SITECODE1":" ","ISLAND":"Stuart","LENGTH":163.242,"SITE":" ","LINK1":" ","LINK2":" ","LINK3":" ","SAMP_SIZE":3,"MEAN":14.3999996,"ST_DEV":4.46999979,"MAX_":19.1000004,"MIN_":10.1999998,"COMMENTS":" ","Shape_Leng":163.242439773,"Shape_Length":163.24271479581606}},{"type":"Feature","id":5,"geometry":{"type":"LineString","coordinates":[[-123.1798869,48.6622111],[-123.1796155,48.6623665],[-123.1794064,48.6625494],[-123.1784701,48.6635774],[-123.178538,48.6641065],[-123.1788055,48.6644355],[-123.1787794,48.664436]]},"properties":{"OBJECTID_1":5,"OBJECTID":5,"ID":1,"SITECODE":"sjs0320","SITECODE1":" ","ISLAND":"Stuart","LENGTH":944.818,"SITE":" ","LINK1":" ","LINK2":" ","LINK3":" ","SAMP_SIZE":6,"MEAN":19.1299992,"ST_DEV":6.23000002,"MAX_":25,"MIN_":10.3999996,"COMMENTS":" ","Shape_Leng":944.817715035,"Shape_Length":944.8173033193264}},{"type":"Feature","id":6,"geometry":{"type":"LineString","coordinates":[[-123.1787966,48.6644299],[-123.1794992,48.6655113]]},"properties":{"OBJECTID_1":6,"OBJECTID":6,"ID":1,"SITECODE":"sjs0320","SITECODE1":" ","ISLAND":"Stuart","LENGTH":429.499,"SITE":" ","LINK1":" ","LINK2":" ","LINK3":" ","SAMP_SIZE":6,"MEAN":19.1299992,"ST_DEV":6.23000002,"MAX_":25,"MIN_":10.3999996,"COMMENTS":" ","Shape_Leng":429.498775156,"Shape_Length":429.4990452396782}},{"type":"Feature","id":7,"geometry":{"type":"LineString","coordinates":[[-123.1765725,48.6703906],[-123.1758167,48.6698581],[-123.1754851,48.6696515]]},"properties":{"OBJECTID_1":7,"OBJECTID":7,"ID":1,"SITECODE":"sjs0341","SITECODE1":" ","ISLAND":"Stuart","LENGTH":376.683,"SITE":" ","LINK1":" ","LINK2":" ","LINK3":" ","SAMP_SIZE":9,"MEAN":16.6499996,"ST_DEV":2.4000001,"MAX_":19.2999992,"MIN_":11.5,"COMMENTS":" ","Shape_Leng":376.682791662,"Shape_Length":376.6827857492313}},{"type":"Feature","id":8,"geometry":{"type":"LineString","coordinates":[[-123.1744706,48.6691703],[-123.1743333,48.6690231],[-123.1739007,48.6687032],[-123.1735552,48.6683815],[-123.1735301,48.6682148]]},"properties":{"OBJECTID_1":8,"OBJECTID":8,"ID":1,"SITECODE":"sjs0341","SITECODE1":" ","ISLAND":"Stuart","LENGTH":424.962,"SITE":" ","LINK1":" ","LINK2":" ","LINK3":" ","SAMP_SIZE":9,"MEAN":16.6499996,"ST_DEV":2.4000001,"MAX_":19.2999992,"MIN_":11.5,"COMMENTS":" ","Shape_Leng":424.961922789,"Shape_Length":424.96189511167864}},{"type":"Feature","id":9,"geometry":{"type":"LineString","coordinates":[[-123.1726082,48.6652466],[-123.1729729,48.665369],[-123.1746627,48.6649674],[-123.1752902,48.6648899],[-123.1755808,48.6648192],[-123.176027,48.6643489],[-123.1759294,48.6638824],[-123.1758467,48.6637399],[-123.1754929,48.6636173],[-123.1752412,48.6635863],[-123.1750034,48.66362],[-123.1750149,48.6636341]]},"properties":{"OBJECTID_1":9,"OBJECTID":9,"ID":1,"SITECODE":"sjs0341","SITECODE1":"sjs0340","ISLAND":"Stuart","LENGTH":1414.911,"SITE":" ","LINK1":" ","LINK2":" ","LINK3":" ","SAMP_SIZE":9,"MEAN":16.6499996,"ST_DEV":2.4000001,"MAX_":19.2999992,"MIN_":11.5,"COMMENTS":" ","Shape_Leng":1414.91138244,"Shape_Length":1414.9115694481868}},{"type":"Feature","id":10,"geometry":{"type":"LineString","coordinates":[[-123.1740794,48.6638764],[-123.1741808,48.663478],[-123.1743198,48.6631869],[-123.1742446,48.6629722]]},"properties":{"OBJECTID_1":10,"OBJECTID":10,"ID":1,"SITECODE":"sjs0340","SITECODE1":" ","ISLAND":"Stuart","LENGTH":339.286,"SITE":" ","LINK1":" ","LINK2":" ","LINK3":" ","SAMP_SIZE":20,"MEAN":19.4799995,"ST_DEV":5.03000021,"MAX_":25.7999992,"MIN_":11.5,"COMMENTS":" ","Shape_Leng":339.285416693,"Shape_Length":339.2854314593273}},{"type":"Feature","id":11,"geometry":{"type":"LineString","coordinates":[[-123.1716994,48.6632253],[-123.1716233,48.6634646],[-123.1717914,48.6638072]]},"properties":{"OBJECTID_1":11,"OBJECTID":11,"ID":1,"SITECODE":"sjs0340","SITECODE1":" ","ISLAND":"Stuart","LENGTH":220.661,"SITE":" ","LINK1":" ","LINK2":" ","LINK3":" ","SAMP_SIZE":20,"MEAN":19.4799995,"ST_DEV":5.03000021,"MAX_":25.7999992,"MIN_":11.5,"COMMENTS":" ","Shape_Leng":220.660435114,"Shape_Length":220.6605571161849}},{"type":"Feature","id":12,"geometry":{"type":"LineString","coordinates":[[-123.170508,48.6633429],[-123.170256,48.6633048],[-123.1700191,48.66336],[-123.1695866,48.6631813],[-123.1691709,48.663132],[-123.1688612,48.6630229],[-123.1681362,48.6628717]]},"properties":{"OBJECTID_1":12,"OBJECTID":12,"ID":1,"SITECODE":"sjs0340","SITECODE1":" ","ISLAND":"Stuart","LENGTH":616.869,"SITE":" ","LINK1":" ","LINK2":" ","LINK3":" ","SAMP_SIZE":20,"MEAN":19.4799995,"ST_DEV":5.03000021,"MAX_":25.7999992,"MIN_":11.5,"COMMENTS":" ","Shape_Leng":616.869245874,"Shape_Length":616.869483924143}},{"type":"Feature","id":13,"geometry":{"type":"LineString","coordinates":[[-123.1661783,48.6638336],[-123.166119,48.6639645],[-123.1659823,48.6640682],[-123.1660953,48.6641596],[-123.165981,48.6642772],[-123.1658706,48.6647191],[-123.1658034,48.664915],[-123.1657,48.6650324]]},"properties":{"OBJECTID_1":13,"OBJECTID":13,"ID":1,"SITECODE":"sjs0339","SITECODE1":" ","ISLAND":"Stuart","LENGTH":480.52,"SITE":" ","LINK1":" ","LINK2":" ","LINK3":" ","SAMP_SIZE":6,"MEAN":10.2600002,"ST_DEV":1.85000002,"MAX_":12.3000002,"MIN_":7.30000019,"COMMENTS":" ","Shape_Leng":480.519917578,"Shape_Length":480.51992246931616}},{"type":"Feature","id":14,"geometry":{"type":"LineString","coordinates":[[-123.1546007,48.6635755],[-123.1541228,48.6633544],[-123.1537292,48.663074],[-123.1533649,48.6629587],[-123.1530517,48.6625325],[-123.1522139,48.662052],[-123.1511658,48.6617341],[-123.1507768,48.6615545],[-123.1502466,48.6613777],[-123.1497654,48.6610846],[-123.1493419,48.6608624],[-123.1488746,48.6606339],[-123.1474434,48.6605038],[-123.1470568,48.6603746],[-123.1467126,48.6602229]]},"properties":{"OBJECTID_1":14,"OBJECTID":14,"ID":1,"SITECODE":"sjs0498","SITECODE1":" ","ISLAND":" ","LENGTH":2338.236,"SITE":" ","LINK1":" ","LINK2":" ","LINK3":" ","SAMP_SIZE":25,"MEAN":24.2800007,"ST_DEV":2.74000001,"MAX_":28.3999996,"MIN_":20,"COMMENTS":" ","Shape_Leng":2338.23597143,"Shape_Length":2338.2360159480227}},{"type":"Feature","id":15,"geometry":{"type":"LineString","coordinates":[[-123.1391984,48.6581381],[-123.1389134,48.6578482],[-123.1387464,48.6577651],[-123.1387144,48.6577801]]},"properties":{"OBJECTID_1":15,"OBJECTID":15,"ID":1,"SITECODE":"sjs0497","SITECODE1":" ","ISLAND":" ","LENGTH":186.177,"SITE":" ","LINK1":" ","LINK2":" ","LINK3":" ","SAMP_SIZE":10,"MEAN":22.3600006,"ST_DEV":1.87,"MAX_":25.7000008,"MIN_":20.2000008,"COMMENTS":" ","Shape_Leng":186.17687287,"Shape_Length":186.17668475675566}},{"type":"Feature","id":16,"geometry":{"type":"LineString","coordinates":[[-123.1393083,48.6610476],[-123.1389363,48.6607595]]},"properties":{"OBJECTID_1":16,"OBJECTID":16,"ID":1,"SITECODE":"sjs0502","SITECODE1":" ","ISLAND":"Johns","LENGTH":138.329,"SITE":" ","LINK1":" ","LINK2":" ","LINK3":" ","SAMP_SIZE":2,"MEAN":11,"ST_DEV":0.280000001,"MAX_":11.1999998,"MIN_":10.8000002,"COMMENTS":" ","Shape_Leng":138.32916193,"Shape_Length":138.32919134218113}},{"type":"Feature","id":17,"geometry":{"type":"LineString","coordinates":[[-123.1465463,48.6647092],[-123.1469876,48.6650824],[-123.1472567,48.6652572],[-123.1474895,48.6655913],[-123.1476794,48.6659407],[-123.1476204,48.6660788]]},"properties":{"OBJECTID_1":17,"OBJECTID":17,"ID":1,"SITECODE":"sjs0501","SITECODE1":" ","ISLAND":"Johns","LENGTH":586.144,"SITE":" ","LINK1":" ","LINK2":" ","LINK3":" ","SAMP_SIZE":7,"MEAN":20.8999996,"ST_DEV":2.93000007,"MAX_":25.2000008,"MIN_":17,"COMMENTS":" ","Shape_Leng":586.144485928,"Shape_Length":586.1445711258189}},{"type":"Feature","id":18,"geometry":{"type":"LineString","coordinates":[[-123.1459841,48.6645474],[-123.1459442,48.6646275]]},"properties":{"OBJECTID_1":18,"OBJECTID":18,"ID":1,"SITECODE":"sjs0501","SITECODE1":" ","ISLAND":"Johns","LENGTH":30.763,"SITE":" ","LINK1":" ","LINK2":" ","LINK3":" ","SAMP_SIZE":7,"MEAN":20.8999996,"ST_DEV":2.93000007,"MAX_":25.2000008,"MIN_":17,"COMMENTS":" ","Shape_Leng":30.7632622009,"Shape_Length":30.763176994917565}},{"type":"Feature","id":19,"geometry":{"type":"LineString","coordinates":[[-123.1628909,48.6704655],[-123.1633564,48.6704129]]},"properties":{"OBJECTID_1":19,"OBJECTID":19,"ID":1,"SITECODE":"sjs0499","SITECODE1":" ","ISLAND":"Johns","LENGTH":114.111,"SITE":" ","LINK1":" ","LINK2":" ","LINK3":" ","SAMP_SIZE":15,"MEAN":22.1399994,"ST_DEV":2.99000001,"MAX_":27.2999992,"MIN_":15.3000002,"COMMENTS":" ","Shape_Leng":114.111501757,"Shape_Length":114.11144993142776}},{"type":"Feature","id":20,"geometry":{"type":"LineString","coordinates":[[-123.1670835,48.6707705],[-123.1669356,48.6708672],[-123.1670012,48.6711109],[-123.1669705,48.6713926],[-123.1673455,48.6717382],[-123.1668328,48.6719504],[-123.1667119,48.6721618],[-123.1669254,48.6723089],[-123.1668197,48.6723758],[-123.1664352,48.6725349],[-123.1664425,48.6726933],[-123.1664909,48.6728005]]},"properties":{"OBJECTID_1":20,"OBJECTID":20,"ID":1,"SITECODE":"sjs0338","SITECODE1":" ","ISLAND":"Stuart","LENGTH":945.346,"SITE":" ","LINK1":" ","LINK2":" ","LINK3":" ","SAMP_SIZE":6,"MEAN":22.2299995,"ST_DEV":4.40999985,"MAX_":26.2999992,"MIN_":15.1000004,"COMMENTS":" ","Shape_Leng":945.345983553,"Shape_Length":945.3460267844913}},{"type":"Feature","id":21,"geometry":{"type":"LineString","coordinates":[[-123.1668986,48.6764752],[-123.1670432,48.6765444],[-123.1674037,48.6768111],[-123.1675233,48.6770465],[-123.1681224,48.6775318],[-123.168211,48.677566]]},"properties":{"OBJECTID_1":21,"OBJECTID":21,"ID":1,"SITECODE":"sjs0337","SITECODE1":" ","ISLAND":"Stuart","LENGTH":517.778,"SITE":" ","LINK1":" ","LINK2":" ","LINK3":" ","SAMP_SIZE":5,"MEAN":28.1599998,"ST_DEV":0.980000019,"MAX_":29.2000008,"MIN_":26.6000004,"COMMENTS":" ","Shape_Leng":517.778338169,"Shape_Length":517.7780469094855}},{"type":"Feature","id":22,"geometry":{"type":"LineString","coordinates":[[-123.1863975,48.680637],[-123.1864651,48.6806861],[-123.1868439,48.6811108],[-123.1868661,48.6813554],[-123.1864599,48.6817529],[-123.1861898,48.6817944],[-123.1853522,48.682042],[-123.1849361,48.6822234],[-123.1848313,48.682312]]},"properties":{"OBJECTID_1":22,"OBJECTID":22,"ID":1,"SITECODE":"sjs0335","SITECODE1":" ","ISLAND":"Satellite","LENGTH":918.69,"SITE":" ","LINK1":" ","LINK2":" ","LINK3":" ","SAMP_SIZE":12,"MEAN":18.5699997,"ST_DEV":3.9000001,"MAX_":23.2999992,"MIN_":9.19999981,"COMMENTS":" ","Shape_Leng":918.690495751,"Shape_Length":918.6905387644292}},{"type":"Feature","id":23,"geometry":{"type":"LineString","coordinates":[[-123.1861355,48.6796765],[-123.1859898,48.6795858],[-123.1852948,48.6793836],[-123.1851699,48.6792708],[-123.1848054,48.6791557],[-123.1845717,48.6790451]]},"properties":{"OBJECTID_1":23,"OBJECTID":23,"ID":1,"SITECODE":"sjs0335","SITECODE1":" ","ISLAND":"Satellite","LENGTH":449.705,"SITE":" ","LINK1":" ","LINK2":" ","LINK3":" ","SAMP_SIZE":12,"MEAN":18.5699997,"ST_DEV":3.9000001,"MAX_":23.2999992,"MIN_":9.19999981,"COMMENTS":" ","Shape_Leng":449.705132025,"Shape_Length":449.7048881064969}},{"type":"Feature","id":24,"geometry":{"type":"LineString","coordinates":[[-123.1998002,48.6791485],[-123.2000145,48.6793694],[-123.2004204,48.6796134],[-123.2005503,48.6797729],[-123.2011224,48.6803739],[-123.2012811,48.6805688],[-123.2020808,48.6807958],[-123.2023049,48.6809354],[-123.2030538,48.6809471],[-123.203348,48.6811303],[-123.2041401,48.6806096],[-123.2044765,48.6805307],[-123.2055091,48.6805006],[-123.2057957,48.6808101],[-123.205872,48.6809887],[-123.206261,48.6811609]]},"properties":{"OBJECTID_1":24,"OBJECTID":24,"ID":1,"SITECODE":"sjs0331","SITECODE1":" ","ISLAND":"Stuart","LENGTH":2116.217,"SITE":" ","LINK1":" ","LINK2":" ","LINK3":" ","SAMP_SIZE":24,"MEAN":18.7800007,"ST_DEV":3.47000003,"MAX_":24.3999996,"MIN_":12.8999996,"COMMENTS":" ","Shape_Leng":2116.21719,"Shape_Length":2116.217056929375}},{"type":"Feature","id":25,"geometry":{"type":"LineString","coordinates":[[-123.1990628,48.6837763],[-123.1990994,48.6836854],[-123.1992694,48.6835378],[-123.1996778,48.6832502],[-123.1999486,48.6829294],[-123.2002096,48.6826898],[-123.200296,48.6824989],[-123.2003802,48.6822629],[-123.2002861,48.6819946],[-123.200108,48.6816738],[-123.199471,48.6814346],[-123.1991776,48.6812694],[-123.1984888,48.6810852],[-123.1984434,48.680987],[-123.1982383,48.6809642]]},"properties":{"OBJECTID_1":25,"OBJECTID":25,"ID":1,"SITECODE":"sjs0333","SITECODE1":" ","ISLAND":"Stuart","LENGTH":1411.442,"SITE":" ","LINK1":" ","LINK2":" ","LINK3":" ","SAMP_SIZE":22,"MEAN":15.5600004,"ST_DEV":2.48000002,"MAX_":19.8999996,"MIN_":12.8999996,"COMMENTS":" ","Shape_Leng":1411.44185667,"Shape_Length":1411.4420024569167}},{"type":"Feature","id":26,"geometry":{"type":"LineString","coordinates":[[-123.1972086,48.6816428],[-123.1972276,48.6817595],[-123.1971536,48.6819232],[-123.1966224,48.6822043],[-123.1960264,48.6822614],[-123.1956147,48.6818914],[-123.1957268,48.6813756],[-123.195882,48.6812013],[-123.1961187,48.6810253],[-123.1961281,48.680935]]},"properties":{"OBJECTID_1":26,"OBJECTID":26,"ID":1,"SITECODE":"sjs0333","SITECODE1":" ","ISLAND":" ","LENGTH":965.567,"SITE":" ","LINK1":" ","LINK2":" ","LINK3":" ","SAMP_SIZE":22,"MEAN":15.5600004,"ST_DEV":2.48000002,"MAX_":19.8999996,"MIN_":12.8999996,"COMMENTS":" ","Shape_Leng":965.567783537,"Shape_Length":965.5680564322859}},{"type":"Feature","id":27,"geometry":{"type":"LineString","coordinates":[[-123.1928114,48.6794446],[-123.1924962,48.6794539]]},"properties":{"OBJECTID_1":27,"OBJECTID":27,"ID":1,"SITECODE":"flats51","SITECODE1":" ","ISLAND":"Stuart","LENGTH":90.869,"SITE":" ","LINK1":"flats51bac.xls","LINK2":"flats51BSdep.xls","LINK3":"flats51dvl.xls","SAMP_SIZE":7,"MEAN":16,"ST_DEV":3,"MAX_":13,"MIN_":21,"COMMENTS":" ","Shape_Leng":76.2273146802,"Shape_Length":76.22733433197789}},{"type":"Feature","id":28,"geometry":{"type":"LineString","coordinates":[[-123.1903635,48.6774935],[-123.1905881,48.6776421],[-123.1914386,48.6788098],[-123.1914857,48.6793987],[-123.1911423,48.6796219],[-123.1907889,48.679629]]},"properties":{"OBJECTID_1":28,"OBJECTID":28,"ID":1,"SITECODE":"flats51","SITECODE1":" ","ISLAND":"Stuart","LENGTH":966.503,"SITE":" ","LINK1":" ","LINK2":" ","LINK3":" ","SAMP_SIZE":7,"MEAN":16,"ST_DEV":3,"MAX_":13,"MIN_":21,"COMMENTS":" ","Shape_Leng":966.502774214,"Shape_Length":966.502805863774}},{"type":"Feature","id":29,"geometry":{"type":"LineString","coordinates":[[-123.1912857,48.6797811],[-123.1915389,48.6796679]]},"properties":{"OBJECTID_1":29,"OBJECTID":29,"ID":1,"SITECODE":"flats51","SITECODE1":" ","ISLAND":"Satellite","LENGTH":73.829,"SITE":" ","LINK1":" ","LINK2":" ","LINK3":" ","SAMP_SIZE":7,"MEAN":16,"ST_DEV":3,"MAX_":13,"MIN_":21,"COMMENTS":" ","Shape_Leng":73.8295349986,"Shape_Length":73.82931804306206}},{"type":"Feature","id":30,"geometry":{"type":"LineString","coordinates":[[-123.0872754,48.6450147],[-123.0869326,48.6450269],[-123.0864052,48.645026],[-123.0862792,48.6450174]]},"properties":{"OBJECTID_1":30,"OBJECTID":30,"ID":1,"SITECODE":"sjs0510","SITECODE1":" ","ISLAND":"Flattop","LENGTH":241.112,"SITE":" ","LINK1":" ","LINK2":" ","LINK3":" ","SAMP_SIZE":4,"MEAN":15.9200001,"ST_DEV":3.77999997,"MAX_":21.2000008,"MIN_":12.6000004,"COMMENTS":" ","Shape_Leng":241.111615153,"Shape_Length":241.11152742036907}},{"type":"Feature","id":31,"geometry":{"type":"LineString","coordinates":[[-123.0855363,48.6448765],[-123.0851321,48.6448233]]},"properties":{"OBJECTID_1":31,"OBJECTID":31,"ID":1,"SITECODE":"sjs0510","SITECODE1":" ","ISLAND":" ","LENGTH":99.628,"SITE":" ","LINK1":" ","LINK2":" ","LINK3":" ","SAMP_SIZE":4,"MEAN":15.9200001,"ST_DEV":3.77999997,"MAX_":21.2000008,"MIN_":12.6000004,"COMMENTS":" ","Shape_Leng":99.6284144883,"Shape_Length":99.62846459172125}},{"type":"Feature","id":32,"geometry":{"type":"LineString","coordinates":[[-123.1583774,48.614904],[-123.1580491,48.6146252],[-123.1580977,48.6144339],[-123.1580335,48.614283],[-123.1565094,48.6134456],[-123.1562312,48.6131396],[-123.1555806,48.612715],[-123.1555789,48.612677]]},"properties":{"OBJECTID_1":32,"OBJECTID":32,"ID":1,"SITECODE":"sjs0172","SITECODE1":" ","ISLAND":"San Juan","LENGTH":1100.882,"SITE":" ","LINK1":" ","LINK2":" ","LINK3":" ","SAMP_SIZE":7,"MEAN":12.9099998,"ST_DEV":1.52999997,"MAX_":15.3000002,"MIN_":11,"COMMENTS":" ","Shape_Leng":1100.88238995,"Shape_Length":1100.8826210253683}},{"type":"Feature","id":33,"geometry":{"type":"LineString","coordinates":[[-123.1663488,48.6028724],[-123.1660986,48.6024208]]},"properties":{"OBJECTID_1":33,"OBJECTID":33,"ID":1,"SITECODE":"sjs0174","SITECODE1":" ","ISLAND":"San Juan","LENGTH":175.51,"SITE":" ","LINK1":" ","LINK2":" ","LINK3":" ","SAMP_SIZE":12,"MEAN":17.4300003,"ST_DEV":4.28999996,"MAX_":24,"MIN_":12.3000002,"COMMENTS":" ","Shape_Leng":175.510316348,"Shape_Length":175.51062407889737}},{"type":"Feature","id":34,"geometry":{"type":"LineString","coordinates":[[-123.173869,48.5908315],[-123.1736952,48.5905273],[-123.1729714,48.5904359],[-123.172876,48.5904484]]},"properties":{"OBJECTID_1":34,"OBJECTID":34,"ID":1,"SITECODE":"sjs0176","SITECODE1":" ","ISLAND":"San Juan","LENGTH":320.523,"SITE":" ","LINK1":" ","LINK2":" ","LINK3":" ","SAMP_SIZE":6,"MEAN":19.25,"ST_DEV":2.27999997,"MAX_":22.6000004,"MIN_":15.5,"COMMENTS":" ","Shape_Leng":320.523078836,"Shape_Length":320.52307239405843}},{"type":"Feature","id":35,"geometry":{"type":"LineString","coordinates":[[-123.1695229,48.5905584],[-123.169413,48.5906031]]},"properties":{"OBJECTID_1":35,"OBJECTID":35,"ID":1,"SITECODE":"sjs0177","SITECODE1":" ","ISLAND":"San Juan","LENGTH":31.188,"SITE":" ","LINK1":" ","LINK2":" ","LINK3":" ","SAMP_SIZE":15,"MEAN":6.8499999,"ST_DEV":2.70000005,"MAX_":11.1999998,"MIN_":3.0999999,"COMMENTS":" ","Shape_Leng":31.1881668985,"Shape_Length":31.18828443467277}},{"type":"Feature","id":36,"geometry":{"type":"LineString","coordinates":[[-123.1682467,48.5906265],[-123.1678681,48.5907403],[-123.1674242,48.5911735],[-123.1671478,48.5914231],[-123.166714,48.5917288],[-123.1659873,48.592624],[-123.1652625,48.5932114],[-123.1646888,48.5932547],[-123.1635287,48.593766],[-123.1622912,48.5939818]]},"properties":{"OBJECTID_1":36,"OBJECTID":36,"ID":1,"SITECODE":"sjs0177","SITECODE1":" ","ISLAND":"San Juan","LENGTH":1992.187,"SITE":" ","LINK1":" ","LINK2":" ","LINK3":" ","SAMP_SIZE":15,"MEAN":6.8499999,"ST_DEV":2.70000005,"MAX_":11.1999998,"MIN_":3.0999999,"COMMENTS":" ","Shape_Leng":1992.18698923,"Shape_Length":1992.1867858477042}},{"type":"Feature","id":37,"geometry":{"type":"LineString","coordinates":[[-123.158167,48.5905108],[-123.1582526,48.5906364],[-123.1578967,48.5912482],[-123.1577572,48.5916965],[-123.1575576,48.592581],[-123.1577918,48.5935099],[-123.1574035,48.5934116],[-123.1571194,48.5931414],[-123.1571533,48.5928331],[-123.1572376,48.5925768],[-123.157615,48.5910311],[-123.1579467,48.5905895],[-123.1581834,48.5905211],[-123.1581515,48.5905217]]},"properties":{"OBJECTID_1":37,"OBJECTID":37,"ID":1,"SITECODE":"flats54","SITECODE1":" ","ISLAND":"San Juan","LENGTH":2377.152,"SITE":"Garrison Bay","LINK1":"flats54bac.xls","LINK2":"flats54BSdep.xls","LINK3":"flats54dvl.xls","SAMP_SIZE":11,"MEAN":6,"ST_DEV":2,"MAX_":4,"MIN_":10,"COMMENTS":" ","Shape_Leng":2377.15214034,"Shape_Length":2377.1518927945867}},{"type":"Feature","id":38,"geometry":{"type":"LineString","coordinates":[[-123.1565794,48.5879542],[-123.156939,48.5884774],[-123.1575523,48.5893032],[-123.1579023,48.5896144],[-123.1579802,48.5899205],[-123.1577531,48.5898508],[-123.1573334,48.5894136],[-123.1566873,48.5885673],[-123.156438,48.5880101],[-123.1565629,48.5879439]]},"properties":{"OBJECTID_1":38,"OBJECTID":38,"ID":1,"SITECODE":"flats54","SITECODE1":" ","ISLAND":"San Juan","LENGTH":1647.019,"SITE":"Garrison Bay","LINK1":"flats54bac.xls","LINK2":"flats54BSdep.xls","LINK3":"flats54dvl.xls","SAMP_SIZE":11,"MEAN":6,"ST_DEV":2,"MAX_":4,"MIN_":10,"COMMENTS":" ","Shape_Leng":1647.01855128,"Shape_Length":1647.018595229437}},{"type":"Feature","id":39,"geometry":{"type":"LineString","coordinates":[[-123.1557672,48.5869733],[-123.1554545,48.586778],[-123.1549671,48.5866074],[-123.1547632,48.5866963],[-123.1553306,48.5868653],[-123.1557203,48.5869954],[-123.1557982,48.5869514]]},"properties":{"OBJECTID_1":39,"OBJECTID":39,"ID":1,"SITECODE":"flats54","SITECODE1":" ","ISLAND":"San Juan","LENGTH":577.266,"SITE":"Garrison Bay","LINK1":"flats54bac.xls","LINK2":"flats54BSdep.xls","LINK3":"flats54dvl.xls","SAMP_SIZE":11,"MEAN":6,"ST_DEV":2,"MAX_":4,"MIN_":10,"COMMENTS":" ","Shape_Leng":577.265827695,"Shape_Length":577.2659994672944}},{"type":"Feature","id":40,"geometry":{"type":"LineString","coordinates":[[-123.1619156,48.5903083],[-123.1623712,48.5904795],[-123.1630306,48.5909118],[-123.1640245,48.5909661],[-123.164088,48.5909542]]},"properties":{"OBJECTID_1":40,"OBJECTID":40,"ID":1,"SITECODE":"flats54","SITECODE1":" ","ISLAND":"San Juan","LENGTH":608.401,"SITE":"Garrison Bay","LINK1":"flats54bac.xls","LINK2":"flats54BSdep.xls","LINK3":"flats54dvl.xls","SAMP_SIZE":11,"MEAN":6,"ST_DEV":2,"MAX_":4,"MIN_":10,"COMMENTS":" ","Shape_Leng":608.401474884,"Shape_Length":608.4015249216769}},{"type":"Feature","id":41,"geometry":{"type":"LineString","coordinates":[[-123.1619316,48.590308],[-123.161843,48.5901188],[-123.1623054,48.5900883],[-123.1626835,48.5903141],[-123.1631802,48.590686],[-123.163796,48.5908646],[-123.1641465,48.5908363]]},"properties":{"OBJECTID_1":41,"OBJECTID":41,"ID":1,"SITECODE":"flats54","SITECODE1":" ","ISLAND":"San Juan","LENGTH":737.236,"SITE":"Garrison Bay","LINK1":"flats54bac.xls","LINK2":"flats54BSdep.xls","LINK3":"flats54dvl.xls","SAMP_SIZE":11,"MEAN":6,"ST_DEV":2,"MAX_":4,"MIN_":10,"COMMENTS":" ","Shape_Leng":737.236076397,"Shape_Length":737.2360639225421}},{"type":"Feature","id":42,"geometry":{"type":"LineString","coordinates":[[-123.1721651,48.5822624],[-123.172197,48.5819117],[-123.172133,48.5815629],[-123.1721794,48.5811801],[-123.172297,48.5809549],[-123.1725501,48.5805467],[-123.1727161,48.5803312],[-123.1732688,48.5798321],[-123.1736076,48.5795494]]},"properties":{"OBJECTID_1":42,"OBJECTID":42,"ID":1,"SITECODE":"sjs0180","SITECODE1":" ","ISLAND":"San Juan","LENGTH":1090.477,"SITE":" ","LINK1":" ","LINK2":" ","LINK3":" ","SAMP_SIZE":20,"MEAN":19.7600002,"ST_DEV":3.73000002,"MAX_":23.5,"MIN_":11.1000004,"COMMENTS":" ","Shape_Leng":1090.47683355,"Shape_Length":1090.4767535737979}},{"type":"Feature","id":43,"geometry":{"type":"LineString","coordinates":[[-123.1722845,48.5750993],[-123.1711819,48.5747609]]},"properties":{"OBJECTID_1":43,"OBJECTID":43,"ID":1,"SITECODE":"flats55","SITECODE1":" ","ISLAND":"San Juan","LENGTH":294.102,"SITE":"Mitchell Bay","LINK1":"flats55bac.xls","LINK2":"flats55BSdep.xls","LINK3":"flats55dvl.xls","SAMP_SIZE":9,"MEAN":13,"ST_DEV":5,"MAX_":7,"MIN_":19,"COMMENTS":" ","Shape_Leng":294.10197151,"Shape_Length":294.10206735710807}},{"type":"Feature","id":44,"geometry":{"type":"LineString","coordinates":[[-123.1698775,48.5738537],[-123.1701853,48.5735928],[-123.1698421,48.57343],[-123.1707795,48.5726049]]},"properties":{"OBJECTID_1":44,"OBJECTID":44,"ID":1,"SITECODE":"flats55","SITECODE1":" ","ISLAND":"San Juan","LENGTH":599.971,"SITE":"Mitchell Bay","LINK1":"flats55bac.xls","LINK2":"flats55BSdep.xls","LINK3":"flats55dvl.xls","SAMP_SIZE":9,"MEAN":13,"ST_DEV":5,"MAX_":7,"MIN_":19,"COMMENTS":" ","Shape_Leng":599.970745436,"Shape_Length":599.9701741181118}},{"type":"Feature","id":45,"geometry":{"type":"LineString","coordinates":[[-123.1707166,48.5726274],[-123.1706953,48.5725111],[-123.1693707,48.572559],[-123.1687342,48.5726249],[-123.1683296,48.5725164],[-123.1683185,48.5722726],[-123.1680199,48.5720346],[-123.1676453,48.5722331],[-123.1673961,48.572376],[-123.167534,48.5729461],[-123.1680015,48.5730322],[-123.16835,48.5733116],[-123.1685882,48.573625],[-123.1698775,48.5738537]]},"properties":{"OBJECTID_1":45,"OBJECTID":45,"ID":1,"SITECODE":"flats55","SITECODE1":" ","ISLAND":"San Juan","LENGTH":1934.852,"SITE":"Mitchell Bay","LINK1":"flats55bac.xls","LINK2":"flats55BSdep.xls","LINK3":"flats55dvl.xls","SAMP_SIZE":9,"MEAN":13,"ST_DEV":5,"MAX_":7,"MIN_":19,"COMMENTS":" ","Shape_Leng":1934.85155326,"Shape_Length":1934.8515762164086}},{"type":"Feature","id":46,"geometry":{"type":"LineString","coordinates":[[-123.1746319,48.5705115],[-123.1747911,48.5701476]]},"properties":{"OBJECTID_1":46,"OBJECTID":46,"ID":1,"SITECODE":"flats55","SITECODE1":" ","ISLAND":"San Juan","LENGTH":138.239,"SITE":"Mitchell Bay","LINK1":"flats55bac.xls","LINK2":"flats55BSdep.xls","LINK3":"flats55dvl.xls","SAMP_SIZE":9,"MEAN":13,"ST_DEV":5,"MAX_":7,"MIN_":19,"COMMENTS":" ","Shape_Leng":138.238697346,"Shape_Length":138.23858383407122}},{"type":"Feature","id":47,"geometry":{"type":"LineString","coordinates":[[-123.1743026,48.5716957],[-123.1740219,48.5714998],[-123.1736884,48.571549],[-123.1725953,48.5724622],[-123.1722866,48.5727018],[-123.1724579,48.5729529],[-123.1728577,48.5729555],[-123.1735855,48.5724422],[-123.1742547,48.5716967],[-123.1739894,48.5714899]]},"properties":{"OBJECTID_1":47,"OBJECTID":47,"ID":1,"SITECODE":"flats55","SITECODE1":" ","ISLAND":"San Juan","LENGTH":1591.964,"SITE":"Mitchell Bay","LINK1":"flats55bac.xls","LINK2":"flats55BSdep.xls","LINK3":"flats55dvl.xls","SAMP_SIZE":9,"MEAN":13,"ST_DEV":5,"MAX_":7,"MIN_":19,"COMMENTS":" ","Shape_Leng":1591.96347732,"Shape_Length":1591.9633743555398}},{"type":"Feature","id":48,"geometry":{"type":"LineString","coordinates":[[-123.1745845,48.5705231],[-123.1742617,48.5704554],[-123.1741441,48.5703304],[-123.1743923,48.5701663],[-123.1747906,48.570137]]},"properties":{"OBJECTID_1":48,"OBJECTID":48,"ID":1,"SITECODE":"flats55","SITECODE1":" ","ISLAND":"San Juan","LENGTH":317.573,"SITE":"Mitchell Bay","LINK1":"flats55bac.xls","LINK2":"flats55BSdep.xls","LINK3":"flats55dvl.xls","SAMP_SIZE":9,"MEAN":13,"ST_DEV":5,"MAX_":7,"MIN_":19,"COMMENTS":" ","Shape_Leng":317.573039923,"Shape_Length":317.5732125897259}},{"type":"Feature","id":49,"geometry":{"type":"LineString","coordinates":[[-123.1755308,48.6129172],[-123.1753986,48.6130578]]},"properties":{"OBJECTID_1":49,"OBJECTID":49,"ID":1,"SITECODE":"sjs1309","SITECODE1":" ","ISLAND":"Henry Island","LENGTH":60.448,"SITE":" ","LINK1":" ","LINK2":" ","LINK3":" ","SAMP_SIZE":13,"MEAN":15.1000004,"ST_DEV":4.23999977,"MAX_":21.5,"MIN_":8.69999981,"COMMENTS":" ","Shape_Leng":60.4477306109,"Shape_Length":60.447732419051945}},{"type":"Feature","id":50,"geometry":{"type":"LineString","coordinates":[[-123.1753986,48.6130578],[-123.1751702,48.6132187]]},"properties":{"OBJECTID_1":50,"OBJECTID":50,"ID":1,"SITECODE":"sjs1309","SITECODE1":" ","ISLAND":"Henry Island","LENGTH":80.613,"SITE":" ","LINK1":" ","LINK2":" ","LINK3":" ","SAMP_SIZE":13,"MEAN":15.1000004,"ST_DEV":4.23999977,"MAX_":21.5,"MIN_":8.69999981,"COMMENTS":" ","Shape_Leng":80.6126168912,"Shape_Length":80.61256373021492}},{"type":"Feature","id":51,"geometry":{"type":"LineString","coordinates":[[-123.174434,48.6140979],[-123.1744479,48.6140976]]},"properties":{"OBJECTID_1":51,"OBJECTID":51,"ID":1,"SITECODE":"sjs1309","SITECODE1":" ","ISLAND":"Henry Island","LENGTH":3.353,"SITE":" ","LINK1":" ","LINK2":" ","LINK3":" ","SAMP_SIZE":13,"MEAN":15.1000004,"ST_DEV":4.23999977,"MAX_":21.5,"MIN_":8.69999981,"COMMENTS":" ","Shape_Leng":3.35283200303,"Shape_Length":3.353011667728424}},{"type":"Feature","id":52,"geometry":{"type":"LineString","coordinates":[[-123.1738572,48.6190565],[-123.1741012,48.6192354],[-123.1742755,48.6194066],[-123.1751501,48.6197292],[-123.1755738,48.6198953],[-123.1758044,48.6200838],[-123.1767114,48.6205068],[-123.1771666,48.6207551],[-123.1774438,48.6210529],[-123.1775446,48.6211337],[-123.1779406,48.6213004],[-123.1780247,48.6216205]]},"properties":{"OBJECTID_1":52,"OBJECTID":52,"ID":1,"SITECODE":"sjs1308","SITECODE1":" ","ISLAND":"Henry Island","LENGTH":1421.797,"SITE":" ","LINK1":" ","LINK2":" ","LINK3":" ","SAMP_SIZE":14,"MEAN":21.5,"ST_DEV":3.75999999,"MAX_":25.7000008,"MIN_":13.6000004,"COMMENTS":" ","Shape_Leng":1421.79734994,"Shape_Length":1421.797203273964}},{"type":"Feature","id":53,"geometry":{"type":"LineString","coordinates":[[-123.1819127,48.6211189],[-123.1822548,48.6207166],[-123.1821081,48.6202414],[-123.1820963,48.6199842],[-123.1820461,48.6194979],[-123.1821157,48.6192022],[-123.1822269,48.6189057],[-123.1823406,48.6186644],[-123.1825274,48.6185043],[-123.1832624,48.6182043],[-123.1832066,48.6181963],[-123.1833456,48.6182026]]},"properties":{"OBJECTID_1":53,"OBJECTID":53,"ID":1,"SITECODE":"sjs1307","SITECODE1":" ","ISLAND":"Henry Island","LENGTH":1260.188,"SITE":" ","LINK1":" ","LINK2":" ","LINK3":" ","SAMP_SIZE":11,"MEAN":24.5300007,"ST_DEV":4.42999983,"MAX_":28,"MIN_":15.3999996,"COMMENTS":" ","Shape_Leng":1260.18822342,"Shape_Length":1260.188200099501}},{"type":"Feature","id":54,"geometry":{"type":"LineString","coordinates":[[-123.1832356,48.6182233],[-123.1837867,48.6178443]]},"properties":{"OBJECTID_1":54,"OBJECTID":54,"ID":1,"SITECODE":"sjs1307","SITECODE1":" ","ISLAND":"Henry Island","LENGTH":192.062,"SITE":" ","LINK1":" ","LINK2":" ","LINK3":" ","SAMP_SIZE":11,"MEAN":24.5300007,"ST_DEV":4.42999983,"MAX_":28,"MIN_":15.3999996,"COMMENTS":" ","Shape_Leng":192.062210332,"Shape_Length":192.0621760352518}},{"type":"Feature","id":55,"geometry":{"type":"LineString","coordinates":[[-123.1847933,48.6162148],[-123.1849804,48.6157604],[-123.1854784,48.6148308],[-123.1856626,48.6146156]]},"properties":{"OBJECTID_1":55,"OBJECTID":55,"ID":1,"SITECODE":"sjs1306","SITECODE1":" ","ISLAND":"Henry Island","LENGTH":622.01,"SITE":" ","LINK1":" ","LINK2":" ","LINK3":" ","SAMP_SIZE":8,"MEAN":17.5,"ST_DEV":3.8599999,"MAX_":24.2999992,"MIN_":13.1999998,"COMMENTS":" ","Shape_Leng":622.010537432,"Shape_Length":622.0104387674221}},{"type":"Feature","id":56,"geometry":{"type":"LineString","coordinates":[[-123.1872788,48.612376],[-123.1875696,48.6120667],[-123.1884647,48.6113313],[-123.1885217,48.6110635],[-123.1886123,48.6109237]]},"properties":{"OBJECTID_1":56,"OBJECTID":56,"ID":1,"SITECODE":"sjs1306","SITECODE1":" ","ISLAND":"Henry Island","LENGTH":631.951,"SITE":" ","LINK1":" ","LINK2":" ","LINK3":" ","SAMP_SIZE":8,"MEAN":17.5,"ST_DEV":3.8599999,"MAX_":24.2999992,"MIN_":13.1999998,"COMMENTS":" ","Shape_Leng":631.951473692,"Shape_Length":631.9514930391522}},{"type":"Feature","id":57,"geometry":{"type":"LineString","coordinates":[[-123.1934062,48.6090425],[-123.1935333,48.6087916],[-123.1936644,48.6083292],[-123.1939594,48.6081117],[-123.1940651,48.6079992]]},"properties":{"OBJECTID_1":57,"OBJECTID":57,"ID":1,"SITECODE":"sjs1305","SITECODE1":" ","ISLAND":"Henry Island","LENGTH":423.281,"SITE":" ","LINK1":" ","LINK2":" ","LINK3":" ","SAMP_SIZE":5,"MEAN":22.2399998,"ST_DEV":2.82999992,"MAX_":25.1000004,"MIN_":18.5,"COMMENTS":" ","Shape_Leng":423.281078262,"Shape_Length":423.280965473497}},{"type":"Feature","id":58,"geometry":{"type":"LineString","coordinates":[[-123.1943619,48.5913408],[-123.1942918,48.5913239],[-123.1933358,48.5913341],[-123.1931912,48.5915026],[-123.1939172,48.5916166],[-123.1943649,48.5914051],[-123.1942784,48.5913333]]},"properties":{"OBJECTID_1":58,"OBJECTID":58,"ID":1,"SITECODE":"sjs1301","SITECODE1":" ","ISLAND":"Henry Island","LENGTH":667.256,"SITE":" ","LINK1":" ","LINK2":" ","LINK3":" ","SAMP_SIZE":9,"MEAN":8.93999958,"ST_DEV":4.86000013,"MAX_":21.6000004,"MIN_":4.69999981,"COMMENTS":" ","Shape_Leng":667.256145427,"Shape_Length":667.2562719432444}},{"type":"Feature","id":59,"geometry":{"type":"LineString","coordinates":[[-123.186804,48.5960736],[-123.186506,48.5959234],[-123.1860015,48.5958049],[-123.1854285,48.5954027],[-123.1845707,48.5954385],[-123.1844562,48.5954288],[-123.1844725,48.5954794],[-123.1849737,48.5957613],[-123.1857909,48.5960482],[-123.1864633,48.5962001],[-123.1868175,48.5960642]]},"properties":{"OBJECTID_1":59,"OBJECTID":59,"ID":1,"SITECODE":"sjs1301","SITECODE1":" ","ISLAND":"Henry Island","LENGTH":1330.44,"SITE":" ","LINK1":" ","LINK2":" ","LINK3":" ","SAMP_SIZE":9,"MEAN":8.93999958,"ST_DEV":4.86000013,"MAX_":21.6000004,"MIN_":4.69999981,"COMMENTS":" ","Shape_Leng":1330.44008297,"Shape_Length":1330.4404084909315}},{"type":"Feature","id":60,"geometry":{"type":"LineString","coordinates":[[-123.1842394,48.5939648],[-123.1839728,48.5935932],[-123.1839026,48.5932728],[-123.184359,48.5929509],[-123.1844715,48.5929854],[-123.1842199,48.5935422],[-123.184516,48.59395],[-123.1844635,48.5940154],[-123.1842402,48.5939832]]},"properties":{"OBJECTID_1":60,"OBJECTID":60,"ID":1,"SITECODE":"sjs1301","SITECODE1":" ","ISLAND":"Henry","LENGTH":918.992,"SITE":" ","LINK1":" ","LINK2":" ","LINK3":" ","SAMP_SIZE":9,"MEAN":8.93999958,"ST_DEV":4.86000013,"MAX_":21.6000004,"MIN_":4.69999981,"COMMENTS":" ","Shape_Leng":918.991732532,"Shape_Length":918.9922826237786}},{"type":"Feature","id":61,"geometry":{"type":"LineString","coordinates":[[-123.1852761,48.5920956],[-123.1851168,48.5916482],[-123.185181,48.5915366]]},"properties":{"OBJECTID_1":61,"OBJECTID":61,"ID":1,"SITECODE":"sjs1300","SITECODE1":" ","ISLAND":"Henry","LENGTH":211.286,"SITE":" ","LINK1":" ","LINK2":" ","LINK3":" ","SAMP_SIZE":25,"MEAN":21.3700008,"ST_DEV":6.67000008,"MAX_":29.6000004,"MIN_":8.5,"COMMENTS":" ","Shape_Leng":211.28547512,"Shape_Length":211.28519343843078}},{"type":"Feature","id":62,"geometry":{"type":"LineString","coordinates":[[-123.1855686,48.5912253],[-123.1855891,48.5910686],[-123.1857234,48.5909739]]},"properties":{"OBJECTID_1":62,"OBJECTID":62,"ID":1,"SITECODE":"sjs1300","SITECODE1":" ","ISLAND":"Henry","LENGTH":104.814,"SITE":" ","LINK1":" ","LINK2":" ","LINK3":" ","SAMP_SIZE":25,"MEAN":21.3700008,"ST_DEV":6.67000008,"MAX_":29.6000004,"MIN_":8.5,"COMMENTS":" ","Shape_Leng":104.813959856,"Shape_Length":104.81394411156147}},{"type":"Feature","id":63,"geometry":{"type":"LineString","coordinates":[[-123.1861801,48.5903577],[-123.1867275,48.5899053],[-123.1867983,48.5896372],[-123.1868242,48.5892964],[-123.1868677,48.5890381],[-123.1867278,48.5887099],[-123.1866479,48.5881782],[-123.1865474,48.5878032],[-123.186261,48.5873033]]},"properties":{"OBJECTID_1":63,"OBJECTID":63,"ID":1,"SITECODE":"sjs1300","SITECODE1":"sjs1299","ISLAND":"Henry","LENGTH":1183.686,"SITE":" ","LINK1":" ","LINK2":" ","LINK3":" ","SAMP_SIZE":25,"MEAN":21.3700008,"ST_DEV":6.67000008,"MAX_":29.6000004,"MIN_":8.5,"COMMENTS":" ","Shape_Leng":1183.6858693,"Shape_Length":1183.686009786984}},{"type":"Feature","id":64,"geometry":{"type":"LineString","coordinates":[[-123.1862619,48.5873217],[-123.1859563,48.5870061],[-123.185651,48.5863962],[-123.1854478,48.586198],[-123.1852756,48.5857693],[-123.1853023,48.585447],[-123.1851486,48.5851191],[-123.1847208,48.5845576],[-123.1845998,48.584036],[-123.1844222,48.5837913],[-123.1842256,48.5831332],[-123.1841068,48.5829609],[-123.1840626,48.5826032],[-123.1840684,48.5824284]]},"properties":{"OBJECTID_1":64,"OBJECTID":64,"ID":1,"SITECODE":"sjs1300","SITECODE1":"sjs1299","ISLAND":"Henry","LENGTH":1893.431,"SITE":" ","LINK1":" ","LINK2":" ","LINK3":" ","SAMP_SIZE":25,"MEAN":21.3700008,"ST_DEV":6.67000008,"MAX_":29.6000004,"MIN_":8.5,"COMMENTS":" ","Shape_Leng":1893.43097853,"Shape_Length":1893.4310856749664}},{"type":"Feature","id":65,"geometry":{"type":"LineString","coordinates":[[-123.1840607,48.58243],[-123.1841627,48.5820679],[-123.1841631,48.5820771]]},"properties":{"OBJECTID_1":65,"OBJECTID":65,"ID":1,"SITECODE":"sjs1300","SITECODE1":"sjs1299","ISLAND":"Henry","LENGTH":137.733,"SITE":" ","LINK1":" ","LINK2":" ","LINK3":" ","SAMP_SIZE":25,"MEAN":21.3700008,"ST_DEV":6.67000008,"MAX_":29.6000004,"MIN_":8.5,"COMMENTS":" ","Shape_Leng":137.732673417,"Shape_Length":137.7324546093925}},{"type":"Feature","id":66,"geometry":{"type":"LineString","coordinates":[[-123.1772833,48.5813428],[-123.1767819,48.581592],[-123.17696,48.5821493],[-123.1762502,48.5826878],[-123.1761164,48.5830951],[-123.1758682,48.5837254],[-123.1757659,48.5842148],[-123.175344,48.5852899],[-123.1754595,48.5856922],[-123.1750267,48.5865285]]},"properties":{"OBJECTID_1":66,"OBJECTID":66,"ID":1,"SITECODE":"sjs1313","SITECODE1":" ","ISLAND":"Henry","LENGTH":2067.732,"SITE":" ","LINK1":" ","LINK2":" ","LINK3":" ","SAMP_SIZE":17,"MEAN":16.25,"ST_DEV":3.44000006,"MAX_":22.7999992,"MIN_":11,"COMMENTS":" ","Shape_Leng":2067.73194554,"Shape_Length":2067.731931149416}},{"type":"Feature","id":67,"geometry":{"type":"LineString","coordinates":[[-123.1750535,48.5865095],[-123.175417,48.5868792],[-123.1754724,48.5871815],[-123.1754381,48.587642],[-123.1756039,48.5879328],[-123.1758197,48.5884066],[-123.1760179,48.5891015],[-123.1761262,48.5893475],[-123.1761905,48.5895393]]},"properties":{"OBJECTID_1":67,"OBJECTID":67,"ID":1,"SITECODE":"sjs1313","SITECODE1":" ","ISLAND":"Henry","LENGTH":1157.53,"SITE":" ","LINK1":" ","LINK2":" ","LINK3":" ","SAMP_SIZE":17,"MEAN":16.25,"ST_DEV":3.44000006,"MAX_":22.7999992,"MIN_":11,"COMMENTS":" ","Shape_Leng":1157.53026771,"Shape_Length":1157.5304666103157}},{"type":"Feature","id":68,"geometry":{"type":"LineString","coordinates":[[-123.177258,48.5910533],[-123.1772916,48.5911814],[-123.1770785,48.591673],[-123.1771606,48.5928575],[-123.1771579,48.5937035],[-123.1766477,48.5943667],[-123.1763986,48.5949786],[-123.1760676,48.5953163],[-123.1760831,48.5953528]]},"properties":{"OBJECTID_1":68,"OBJECTID":68,"ID":1,"SITECODE":"sjs1312","SITECODE1":" ","ISLAND":"Henry","LENGTH":1638.934,"SITE":" ","LINK1":" ","LINK2":" ","LINK3":" ","SAMP_SIZE":21,"MEAN":14.3900003,"ST_DEV":6.36000013,"MAX_":25.2999992,"MIN_":6,"COMMENTS":" ","Shape_Leng":1638.93449656,"Shape_Length":1638.934507185507}},{"type":"Feature","id":69,"geometry":{"type":"LineString","coordinates":[[-123.1702224,48.5999582],[-123.169187,48.600356]]},"properties":{"OBJECTID_1":69,"OBJECTID":69,"ID":1,"SITECODE":"sjs1311","SITECODE1":" ","ISLAND":"Henry","LENGTH":289.548,"SITE":" ","LINK1":" ","LINK2":" ","LINK3":" ","SAMP_SIZE":15,"MEAN":17.2199993,"ST_DEV":5.4000001,"MAX_":27.6000004,"MIN_":10.8000002,"COMMENTS":" ","Shape_Leng":289.548297795,"Shape_Length":289.54806650599846}},{"type":"Feature","id":70,"geometry":{"type":"LineString","coordinates":[[-123.1688077,48.6015727],[-123.1691631,48.6017945],[-123.1696634,48.601948],[-123.1698157,48.6020431],[-123.1700345,48.602513],[-123.170387,48.6026695],[-123.1707021,48.6030884],[-123.1693694,48.603606],[-123.169344,48.6035901]]},"properties":{"OBJECTID_1":70,"OBJECTID":70,"ID":1,"SITECODE":"sjs1311","SITECODE1":" ","ISLAND":"Henry","LENGTH":1137.056,"SITE":" ","LINK1":" ","LINK2":" ","LINK3":" ","SAMP_SIZE":15,"MEAN":17.2199993,"ST_DEV":5.4000001,"MAX_":27.6000004,"MIN_":10.8000002,"COMMENTS":" ","Shape_Leng":1137.05583887,"Shape_Length":1137.056131841584}},{"type":"Feature","id":71,"geometry":{"type":"LineString","coordinates":[[-123.1783777,48.6080369],[-123.1778563,48.6074258],[-123.1775523,48.6072521],[-123.177627,48.6072669]]},"properties":{"OBJECTID_1":71,"OBJECTID":71,"ID":1,"SITECODE":"flats52","SITECODE1":" ","ISLAND":"Henry","LENGTH":372.092,"SITE":"Nelson Bay","LINK1":"flats52bac.xls","LINK2":"flats52BSdep.xls","LINK3":"flats52dvl.xls","SAMP_SIZE":10,"MEAN":23,"ST_DEV":6,"MAX_":13,"MIN_":30,"COMMENTS":" ","Shape_Leng":372.092124574,"Shape_Length":372.09225493656294}},{"type":"Feature","id":72,"geometry":{"type":"LineString","coordinates":[[-123.1764591,48.6070779],[-123.1757392,48.6069779],[-123.1752329,48.6066937],[-123.1747175,48.6062134],[-123.1743531,48.6057955],[-123.1740849,48.6053265],[-123.1739661,48.6048873],[-123.1739295,48.6046263],[-123.174376,48.6046827],[-123.1749174,48.6046555],[-123.174712,48.6044797],[-123.1754018,48.603926],[-123.1744228,48.6035532],[-123.1733775,48.6033453],[-123.1717086,48.6029864]]},"properties":{"OBJECTID_1":72,"OBJECTID":72,"ID":1,"SITECODE":"flats52","SITECODE1":" ","ISLAND":"Henry","LENGTH":2717.229,"SITE":"Nelson Bay","LINK1":"flats52bac.xls","LINK2":"flats52BSdep.xls","LINK3":"flats52dvl.xls","SAMP_SIZE":10,"MEAN":23,"ST_DEV":6,"MAX_":13,"MIN_":30,"COMMENTS":" ","Shape_Leng":2717.22928562,"Shape_Length":2717.2290871301425}},{"type":"Feature","id":73,"geometry":{"type":"LineString","coordinates":[[-123.1793513,48.6039112],[-123.1794152,48.6037795],[-123.1792359,48.6036359],[-123.1790418,48.6037052],[-123.1789507,48.6038706],[-123.1791008,48.6039167],[-123.1793472,48.6039117]]},"properties":{"OBJECTID_1":73,"OBJECTID":73,"ID":1,"SITECODE":"flats52","SITECODE1":"Nelson Bay","ISLAND":"Henry","LENGTH":344.903,"SITE":"Nelson Bay","LINK1":"flats52bac.xls","LINK2":"flats52BSdep.xls","LINK3":"flats52dvl.xls","SAMP_SIZE":10,"MEAN":23,"ST_DEV":6,"MAX_":13,"MIN_":30,"COMMENTS":" ","Shape_Leng":335.728650508,"Shape_Length":335.72860760913784}},{"type":"Feature","id":74,"geometry":{"type":"LineString","coordinates":[[-123.1762047,48.5647459],[-123.1761453,48.5646525],[-123.1760889,48.5645254],[-123.1760508,48.5644987]]},"properties":{"OBJECTID_1":74,"OBJECTID":74,"ID":1,"SITECODE":"sjs0182","SITECODE1":" ","ISLAND":"San Juan","LENGTH":98.725,"SITE":" ","LINK1":" ","LINK2":" ","LINK3":" ","SAMP_SIZE":3,"MEAN":20.0599995,"ST_DEV":7.69999981,"MAX_":27.7000008,"MIN_":12.3000002,"COMMENTS":" ","Shape_Leng":98.7245757434,"Shape_Length":98.72457028273764}},{"type":"Feature","id":75,"geometry":{"type":"LineString","coordinates":[[-123.1763653,48.5635339],[-123.1765868,48.563151],[-123.176692,48.5629383],[-123.1766779,48.5628317]]},"properties":{"OBJECTID_1":75,"OBJECTID":75,"ID":1,"SITECODE":"sjs0182","SITECODE1":" ","ISLAND":"San Juan","LENGTH":270.362,"SITE":" ","LINK1":" ","LINK2":" ","LINK3":" ","SAMP_SIZE":3,"MEAN":20.0599995,"ST_DEV":7.69999981,"MAX_":27.7000008,"MIN_":12.3000002,"COMMENTS":" ","Shape_Leng":270.362040092,"Shape_Length":270.3619645109228}},{"type":"Feature","id":76,"geometry":{"type":"LineString","coordinates":[[-123.1736846,48.5574393],[-123.1737952,48.5571645],[-123.1737019,48.5569211],[-123.1737494,48.5569111],[-123.1737396,48.5568477]]},"properties":{"OBJECTID_1":76,"OBJECTID":76,"ID":1,"SITECODE":"sjs0183","SITECODE1":" ","ISLAND":"San Juan","LENGTH":230.69,"SITE":" ","LINK1":" ","LINK2":" ","LINK3":" ","SAMP_SIZE":17,"MEAN":24.6800003,"ST_DEV":4.69000006,"MAX_":30.5,"MIN_":14.5,"COMMENTS":" ","Shape_Leng":230.689822087,"Shape_Length":230.6898803509514}},{"type":"Feature","id":77,"geometry":{"type":"LineString","coordinates":[[-123.1730528,48.5561938],[-123.172939,48.5561007],[-123.1732988,48.5555893],[-123.1732391,48.5554815],[-123.1731046,48.5550845],[-123.1725711,48.554641],[-123.1723486,48.5544138],[-123.1723028,48.5541604],[-123.1721786,48.5538404]]},"properties":{"OBJECTID_1":77,"OBJECTID":77,"ID":1,"SITECODE":"sjs0183","SITECODE1":" ","ISLAND":"San Juan","LENGTH":959.61,"SITE":" ","LINK1":" ","LINK2":" ","LINK3":" ","SAMP_SIZE":17,"MEAN":24.6800003,"ST_DEV":4.69000006,"MAX_":30.5,"MIN_":14.5,"COMMENTS":" ","Shape_Leng":959.610497857,"Shape_Length":959.6109100712478}},{"type":"Feature","id":78,"geometry":{"type":"LineString","coordinates":[[-123.1721643,48.5538271],[-123.1723039,48.5534382],[-123.1719608,48.5532679],[-123.1713641,48.5532345],[-123.1709205,48.5531118],[-123.1706102,48.5529091],[-123.1703759,48.552723],[-123.1700182,48.5525304],[-123.1697157,48.5523502]]},"properties":{"OBJECTID_1":78,"OBJECTID":78,"ID":1,"SITECODE":"sjs0183","SITECODE1":" ","ISLAND":"San Juan","LENGTH":914.907,"SITE":" ","LINK1":" ","LINK2":" ","LINK3":" ","SAMP_SIZE":17,"MEAN":24.6800003,"ST_DEV":4.69000006,"MAX_":30.5,"MIN_":14.5,"COMMENTS":" ","Shape_Leng":914.906441051,"Shape_Length":914.9061963437341}},{"type":"Feature","id":79,"geometry":{"type":"LineString","coordinates":[[-123.1681144,48.5508472],[-123.1680301,48.550799],[-123.1678973,48.5504383],[-123.1678174,48.5503354]]},"properties":{"OBJECTID_1":79,"OBJECTID":79,"ID":1,"SITECODE":"sjs0184","SITECODE1":" ","ISLAND":"San Juan","LENGTH":204.66,"SITE":" ","LINK1":" ","LINK2":" ","LINK3":" ","SAMP_SIZE":11,"MEAN":25.5,"ST_DEV":3.11999989,"MAX_":28.7999992,"MIN_":18.6000004,"COMMENTS":" ","Shape_Leng":204.660444787,"Shape_Length":204.66047094785074}},{"type":"Feature","id":80,"geometry":{"type":"LineString","coordinates":[[-123.161505,48.5442349],[-123.1615615,48.543825],[-123.1616156,48.5436604],[-123.1615537,48.5435026],[-123.1614957,48.5434311]]},"properties":{"OBJECTID_1":80,"OBJECTID":80,"ID":1,"SITECODE":"sjs0185","SITECODE1":" ","ISLAND":"San Juan","LENGTH":300.78,"SITE":" ","LINK1":" ","LINK2":" ","LINK3":" ","SAMP_SIZE":10,"MEAN":23.7600002,"ST_DEV":4.21999979,"MAX_":29.2999992,"MIN_":15.3999996,"COMMENTS":" ","Shape_Leng":300.779653503,"Shape_Length":300.77958592953587}},{"type":"Feature","id":81,"geometry":{"type":"LineString","coordinates":[[-123.1615863,48.5424164],[-123.161595,48.5421573]]},"properties":{"OBJECTID_1":81,"OBJECTID":81,"ID":1,"SITECODE":"sjs0185","SITECODE1":" ","ISLAND":"San Juan","LENGTH":94.543,"SITE":" ","LINK1":" ","LINK2":" ","LINK3":" ","SAMP_SIZE":10,"MEAN":23.7600002,"ST_DEV":4.21999979,"MAX_":29.2999992,"MIN_":15.3999996,"COMMENTS":" ","Shape_Leng":94.5432125786,"Shape_Length":94.54320207014648}},{"type":"Feature","id":82,"geometry":{"type":"LineString","coordinates":[[-123.1615959,48.5406765],[-123.1616323,48.5405758],[-123.1616417,48.5403303],[-123.161691,48.5400614],[-123.1617047,48.5399112]]},"properties":{"OBJECTID_1":82,"OBJECTID":82,"ID":1,"SITECODE":"sjs0185","SITECODE1":" ","ISLAND":"San Juan","LENGTH":281.093,"SITE":" ","LINK1":" ","LINK2":" ","LINK3":" ","SAMP_SIZE":10,"MEAN":23.7600002,"ST_DEV":4.21999979,"MAX_":29.2999992,"MIN_":15.3999996,"COMMENTS":" ","Shape_Leng":281.093354885,"Shape_Length":281.0931140646547}},{"type":"Feature","id":83,"geometry":{"type":"LineString","coordinates":[[-123.15847,48.52418],[-123.1584943,48.5240532],[-123.1582751,48.523858]]},"properties":{"OBJECTID_1":83,"OBJECTID":83,"ID":1,"SITECODE":"sjs0187","SITECODE1":" ","ISLAND":"San Juan","LENGTH":135.519,"SITE":" ","LINK1":" ","LINK2":" ","LINK3":" ","SAMP_SIZE":3,"MEAN":15.5600004,"ST_DEV":1.26999998,"MAX_":16.3999996,"MIN_":14.1000004,"COMMENTS":" ","Shape_Leng":135.518468226,"Shape_Length":135.5184514722676}},{"type":"Feature","id":84,"geometry":{"type":"LineString","coordinates":[[-123.1530798,48.5196987],[-123.1527825,48.5195451],[-123.1526813,48.5195205]]},"properties":{"OBJECTID_1":84,"OBJECTID":84,"ID":1,"SITECODE":"sjs0188","SITECODE1":" ","ISLAND":"San Juan","LENGTH":117.449,"SITE":" ","LINK1":" ","LINK2":" ","LINK3":" ","SAMP_SIZE":2,"MEAN":25,"ST_DEV":1.40999997,"MAX_":26,"MIN_":24,"COMMENTS":" ","Shape_Leng":117.448849653,"Shape_Length":117.44890648999461}},{"type":"Feature","id":85,"geometry":{"type":"LineString","coordinates":[[-123.1485553,48.5133109],[-123.1483838,48.5132811]]},"properties":{"OBJECTID_1":85,"OBJECTID":85,"ID":1,"SITECODE":"sjs0189","SITECODE1":" ","ISLAND":"San Juan","LENGTH":42.978,"SITE":" ","LINK1":" ","LINK2":" ","LINK3":" ","SAMP_SIZE":5,"MEAN":27.8799992,"ST_DEV":4.13999987,"MAX_":30.8999996,"MIN_":21.1000004,"COMMENTS":" ","Shape_Leng":42.9782598412,"Shape_Length":42.97825172381623}},{"type":"Feature","id":86,"geometry":{"type":"LineString","coordinates":[[-123.1466268,48.5125048],[-123.1464502,48.512362],[-123.1459996,48.5121382],[-123.1458817,48.5119676],[-123.1451287,48.5116966]]},"properties":{"OBJECTID_1":86,"OBJECTID":86,"ID":1,"SITECODE":"sjs0189","SITECODE1":" ","ISLAND":"San Juan","LENGTH":479.849,"SITE":" ","LINK1":" ","LINK2":" ","LINK3":" ","SAMP_SIZE":5,"MEAN":27.8799992,"ST_DEV":4.13999987,"MAX_":30.8999996,"MIN_":21.1000004,"COMMENTS":" ","Shape_Leng":479.849137388,"Shape_Length":479.8490153350708}},{"type":"Feature","id":87,"geometry":{"type":"LineString","coordinates":[[-123.1387788,48.5043006],[-123.1386576,48.5042765],[-123.1383056,48.5040174]]},"properties":{"OBJECTID_1":87,"OBJECTID":87,"ID":1,"SITECODE":"sjs0190","SITECODE1":" ","ISLAND":"San Juan","LENGTH":158.016,"SITE":" ","LINK1":" ","LINK2":" ","LINK3":" ","SAMP_SIZE":2,"MEAN":17.4500008,"ST_DEV":1.34000003,"MAX_":18.3999996,"MIN_":16.5,"COMMENTS":" ","Shape_Leng":158.016027599,"Shape_Length":158.01610014629432}},{"type":"Feature","id":88,"geometry":{"type":"LineString","coordinates":[[-123.1355447,48.5013852],[-123.1354036,48.5011419],[-123.135265,48.5009518],[-123.1352815,48.5006522]]},"properties":{"OBJECTID_1":88,"OBJECTID":88,"ID":1,"SITECODE":"sjs0191","SITECODE1":" ","ISLAND":"San Juan","LENGTH":281.621,"SITE":" ","LINK1":" ","LINK2":" ","LINK3":" ","SAMP_SIZE":6,"MEAN":29.5300007,"ST_DEV":2.68000007,"MAX_":32,"MIN_":26,"COMMENTS":" ","Shape_Leng":281.620782327,"Shape_Length":281.6207931090849}},{"type":"Feature","id":89,"geometry":{"type":"LineString","coordinates":[[-123.1354707,48.500409],[-123.1354471,48.5003296],[-123.1354302,48.500177],[-123.1352595,48.4999409],[-123.135268,48.4999075]]},"properties":{"OBJECTID_1":89,"OBJECTID":89,"ID":1,"SITECODE":"sjs0191","SITECODE1":" ","ISLAND":"San Juan","LENGTH":193.26,"SITE":" ","LINK1":" ","LINK2":" ","LINK3":" ","SAMP_SIZE":6,"MEAN":29.5300007,"ST_DEV":2.68000007,"MAX_":32,"MIN_":26,"COMMENTS":" ","Shape_Leng":193.260029591,"Shape_Length":193.2600527014465}},{"type":"Feature","id":90,"geometry":{"type":"LineString","coordinates":[[-123.1306238,48.4976718],[-123.1304929,48.4976545]]},"properties":{"OBJECTID_1":90,"OBJECTID":90,"ID":1,"SITECODE":"sjs0192","SITECODE1":" ","ISLAND":"San Juan","LENGTH":32.359,"SITE":" ","LINK1":" ","LINK2":" ","LINK3":" ","SAMP_SIZE":9,"MEAN":21.8799992,"ST_DEV":4.80999994,"MAX_":27.7999992,"MIN_":13,"COMMENTS":" ","Shape_Leng":32.3588732512,"Shape_Length":32.359047864089646}},{"type":"Feature","id":91,"geometry":{"type":"LineString","coordinates":[[-123.1277892,48.4973955],[-123.1276377,48.4973652],[-123.1273333,48.4972715],[-123.1269602,48.4969862],[-123.1263011,48.4972387],[-123.1261311,48.4972421]]},"properties":{"OBJECTID_1":91,"OBJECTID":91,"ID":1,"SITECODE":"sjs0192","SITECODE1":" ","ISLAND":"San Juan","LENGTH":483.291,"SITE":" ","LINK1":" ","LINK2":" ","LINK3":" ","SAMP_SIZE":9,"MEAN":21.8799992,"ST_DEV":4.80999994,"MAX_":27.7999992,"MIN_":13,"COMMENTS":" ","Shape_Leng":483.291457052,"Shape_Length":483.2913979160692}},{"type":"Feature","id":92,"geometry":{"type":"LineString","coordinates":[[-123.1256263,48.4964739],[-123.1252256,48.4962424],[-123.1252129,48.4961828],[-123.1247509,48.4961454],[-123.12463,48.4961278]]},"properties":{"OBJECTID_1":92,"OBJECTID":92,"ID":1,"SITECODE":"sjs0192","SITECODE1":" ","ISLAND":"San Juan","LENGTH":293.546,"SITE":" ","LINK1":" ","LINK2":" ","LINK3":" ","SAMP_SIZE":9,"MEAN":21.8799992,"ST_DEV":4.80999994,"MAX_":27.7999992,"MIN_":13,"COMMENTS":" ","Shape_Leng":293.545755698,"Shape_Length":293.54566596756337}},{"type":"Feature","id":93,"geometry":{"type":"LineString","coordinates":[[-123.1114468,48.4913331],[-123.111477,48.4908869]]},"properties":{"OBJECTID_1":93,"OBJECTID":93,"ID":1,"SITECODE":"sjs0193","SITECODE1":" ","ISLAND":"San Juan","LENGTH":162.954,"SITE":" ","LINK1":" ","LINK2":" ","LINK3":" ","SAMP_SIZE":1,"MEAN":26.2999992,"ST_DEV":0,"MAX_":26.2999992,"MIN_":26.2999992,"COMMENTS":" ","Shape_Leng":162.953757858,"Shape_Length":162.9538386994719}},{"type":"Feature","id":94,"geometry":{"type":"LineString","coordinates":[[-123.1101315,48.4912326],[-123.1103035,48.4910496],[-123.1099112,48.4910041],[-123.1098104,48.4909862]]},"properties":{"OBJECTID_1":94,"OBJECTID":94,"ID":1,"SITECODE":"sjs0194","SITECODE1":" ","ISLAND":"San Juan","LENGTH":200.586,"SITE":" ","LINK1":" ","LINK2":" ","LINK3":" ","SAMP_SIZE":3,"MEAN":21.7600002,"ST_DEV":3.21000004,"MAX_":24.1000004,"MIN_":18.1000004,"COMMENTS":" ","Shape_Leng":200.586606562,"Shape_Length":200.5869191472007}},{"type":"Feature","id":95,"geometry":{"type":"LineString","coordinates":[[-123.1041171,48.4900937],[-123.1040739,48.4900214]]},"properties":{"OBJECTID_1":95,"OBJECTID":95,"ID":1,"SITECODE":"sjs0194","SITECODE1":" ","ISLAND":"San Juan","LENGTH":28.389,"SITE":" ","LINK1":" ","LINK2":" ","LINK3":" ","SAMP_SIZE":3,"MEAN":21.7600002,"ST_DEV":3.21000004,"MAX_":24.1000004,"MIN_":18.1000004,"COMMENTS":" ","Shape_Leng":28.3887329743,"Shape_Length":28.388639256112043}},{"type":"Feature","id":96,"geometry":{"type":"LineString","coordinates":[[-123.0970515,48.4862214],[-123.0969592,48.48617]]},"properties":{"OBJECTID_1":96,"OBJECTID":96,"ID":1,"SITECODE":"sjs0195","SITECODE1":" ","ISLAND":"San Juan","LENGTH":29.206,"SITE":" ","LINK1":" ","LINK2":" ","LINK3":" ","SAMP_SIZE":2,"MEAN":13.3500004,"ST_DEV":8.97999954,"MAX_":19.7000008,"MIN_":7,"COMMENTS":" ","Shape_Leng":29.2057320173,"Shape_Length":29.205739958558425}},{"type":"Feature","id":97,"geometry":{"type":"LineString","coordinates":[[-123.096043,48.4833279],[-123.0959798,48.483256]]},"properties":{"OBJECTID_1":97,"OBJECTID":97,"ID":1,"SITECODE":"sjs0195","SITECODE1":" ","ISLAND":"San Juan","LENGTH":30.39,"SITE":" ","LINK1":" ","LINK2":" ","LINK3":" ","SAMP_SIZE":2,"MEAN":13.3500004,"ST_DEV":8.97999954,"MAX_":19.7000008,"MIN_":7,"COMMENTS":" ","Shape_Leng":30.3900453135,"Shape_Length":30.3897681071527}},{"type":"Feature","id":98,"geometry":{"type":"LineString","coordinates":[[-123.0836307,48.4845476],[-123.0833773,48.4844728]]},"properties":{"OBJECTID_1":98,"OBJECTID":98,"ID":1,"SITECODE":"sjs0197","SITECODE1":" ","ISLAND":"San Juan","LENGTH":67.258,"SITE":" ","LINK1":" ","LINK2":" ","LINK3":" ","SAMP_SIZE":6,"MEAN":5.90999985,"ST_DEV":0.769999981,"MAX_":7.0999999,"MIN_":5.0999999,"COMMENTS":" ","Shape_Leng":67.2585659774,"Shape_Length":67.25850191652117}},{"type":"Feature","id":99,"geometry":{"type":"LineString","coordinates":[[-123.0843391,48.4840483],[-123.0842468,48.4839969]]},"properties":{"OBJECTID_1":99,"OBJECTID":99,"ID":1,"SITECODE":"sjs0197","SITECODE1":" ","ISLAND":"San Juan","LENGTH":29.206,"SITE":" ","LINK1":" ","LINK2":" ","LINK3":" ","SAMP_SIZE":6,"MEAN":5.90999985,"ST_DEV":0.769999981,"MAX_":7.0999999,"MIN_":5.0999999,"COMMENTS":" ","Shape_Leng":29.2059233542,"Shape_Length":29.205739948658664}},{"type":"Feature","id":100,"geometry":{"type":"LineString","coordinates":[[-123.0814485,48.4836123],[-123.0811734,48.483498]]},"properties":{"OBJECTID_1":100,"OBJECTID":100,"ID":1,"SITECODE":"sjs0197","SITECODE1":" ","ISLAND":"San Juan","LENGTH":78.704,"SITE":" ","LINK1":" ","LINK2":" ","LINK3":" ","SAMP_SIZE":6,"MEAN":5.90999985,"ST_DEV":0.769999981,"MAX_":7.0999999,"MIN_":5.0999999,"COMMENTS":" ","Shape_Leng":78.7043784945,"Shape_Length":78.7043025252253}},{"type":"Feature","id":101,"geometry":{"type":"LineString","coordinates":[[-123.0762589,48.4825358],[-123.0759184,48.4825291]]},"properties":{"OBJECTID_1":101,"OBJECTID":101,"ID":1,"SITECODE":"sjs0197","SITECODE1":" ","ISLAND":"San Juan","LENGTH":82.606,"SITE":" ","LINK1":" ","LINK2":" ","LINK3":" ","SAMP_SIZE":6,"MEAN":5.90999985,"ST_DEV":0.769999981,"MAX_":7.0999999,"MIN_":5.0999999,"COMMENTS":" ","Shape_Leng":82.6060441102,"Shape_Length":82.60628780247276}},{"type":"Feature","id":102,"geometry":{"type":"LineString","coordinates":[[-123.074162,48.482973],[-123.0743035,48.482991],[-123.0741846,48.4827751],[-123.073853,48.4826984],[-123.0735291,48.4827982],[-123.0734648,48.4827578],[-123.0730238,48.4826832],[-123.0727619,48.4827714],[-123.0729066,48.4828622],[-123.0731165,48.483014],[-123.0733549,48.4831029],[-123.0733994,48.4830501],[-123.0736236,48.4831705],[-123.07384,48.4831143],[-123.0740867,48.4830368],[-123.074117,48.4830154]]},"properties":{"OBJECTID_1":102,"OBJECTID":102,"ID":1,"SITECODE":"flats58","SITECODE1":" ","ISLAND":"San Juan","LENGTH":908.539,"SITE":" ","LINK1":" ","LINK2":" ","LINK3":" ","SAMP_SIZE":12,"MEAN":8,"ST_DEV":2,"MAX_":6,"MIN_":11,"COMMENTS":" ","Shape_Leng":908.539221999,"Shape_Length":908.5389429170937}},{"type":"Feature","id":103,"geometry":{"type":"LineString","coordinates":[[-123.0729115,48.4833297],[-123.0727636,48.4831663],[-123.0719353,48.483172],[-123.0716689,48.4831563],[-123.0713474,48.4829547],[-123.0711376,48.4828029],[-123.0709341,48.4827964],[-123.0707297,48.4827692],[-123.0703985,48.4827028],[-123.0702244,48.4826542],[-123.0702878,48.4826738]]},"properties":{"OBJECTID_1":103,"OBJECTID":103,"ID":1,"SITECODE":"flats58","SITECODE1":" ","ISLAND":"San Juan","LENGTH":764.353,"SITE":" ","LINK1":" ","LINK2":" ","LINK3":" ","SAMP_SIZE":12,"MEAN":8,"ST_DEV":2,"MAX_":6,"MIN_":11,"COMMENTS":" ","Shape_Leng":764.352681372,"Shape_Length":764.3524017530824}},{"type":"Feature","id":104,"geometry":{"type":"LineString","coordinates":[[-123.0701918,48.4826347],[-123.0702709,48.4827088],[-123.0706947,48.4828603],[-123.0710828,48.4830629],[-123.0711593,48.4830782],[-123.071278,48.4830465],[-123.0714187,48.4832287],[-123.0715975,48.4832714],[-123.0723915,48.4833611],[-123.0727022,48.4833845],[-123.0729019,48.483326]]},"properties":{"OBJECTID_1":104,"OBJECTID":104,"ID":1,"SITECODE":"flats58","SITECODE1":" ","ISLAND":"San Juan","LENGTH":764.854,"SITE":" ","LINK1":" ","LINK2":" ","LINK3":" ","SAMP_SIZE":12,"MEAN":8,"ST_DEV":2,"MAX_":6,"MIN_":11,"COMMENTS":" ","Shape_Leng":764.85405595,"Shape_Length":764.8540048237312}},{"type":"Feature","id":105,"geometry":{"type":"LineString","coordinates":[[-123.0723262,48.4827363],[-123.0724007,48.4827055],[-123.072423,48.4826378],[-123.0723586,48.4826096],[-123.0722897,48.4826236],[-123.0723115,48.4826904],[-123.0723386,48.4827319]]},"properties":{"OBJECTID_1":105,"OBJECTID":105,"ID":1,"SITECODE":"flats58","SITECODE1":" ","ISLAND":"San Juan","LENGTH":124.173,"SITE":" ","LINK1":" ","LINK2":" ","LINK3":" ","SAMP_SIZE":12,"MEAN":8,"ST_DEV":2,"MAX_":6,"MIN_":11,"COMMENTS":" ","Shape_Leng":124.172596392,"Shape_Length":124.17250257085328}},{"type":"Feature","id":106,"geometry":{"type":"LineString","coordinates":[[-123.0725838,48.482412],[-123.0725565,48.4823663],[-123.0725117,48.4823546],[-123.0724435,48.4823853],[-123.0724584,48.4824354],[-123.0725345,48.4824424],[-123.0725836,48.4824078]]},"properties":{"OBJECTID_1":106,"OBJECTID":106,"ID":1,"SITECODE":"flats58","SITECODE1":" ","ISLAND":"San Juan","LENGTH":104.195,"SITE":" ","LINK1":" ","LINK2":" ","LINK3":" ","SAMP_SIZE":12,"MEAN":8,"ST_DEV":2,"MAX_":6,"MIN_":11,"COMMENTS":" ","Shape_Leng":104.194841459,"Shape_Length":104.19468694183011}},{"type":"Feature","id":107,"geometry":{"type":"LineString","coordinates":[[-123.0719644,48.4822685],[-123.0719622,48.4822181],[-123.0718666,48.482199],[-123.0718303,48.4822375],[-123.0718324,48.4822837],[-123.0719215,48.4822988],[-123.0719769,48.4822641]]},"properties":{"OBJECTID_1":107,"OBJECTID":107,"ID":1,"SITECODE":"flats58","SITECODE1":" ","ISLAND":"San Juan","LENGTH":116.799,"SITE":" ","LINK1":" ","LINK2":" ","LINK3":" ","SAMP_SIZE":12,"MEAN":8,"ST_DEV":2,"MAX_":6,"MIN_":11,"COMMENTS":" ","Shape_Leng":116.798869798,"Shape_Length":116.79899500665758}},{"type":"Feature","id":108,"geometry":{"type":"LineString","coordinates":[[-123.0712735,48.4823659],[-123.0713492,48.4823645],[-123.0713849,48.4823133],[-123.0713393,48.4822806],[-123.0712821,48.4822733],[-123.0712458,48.4823118],[-123.0712356,48.4823667],[-123.0712733,48.4823617]]},"properties":{"OBJECTID_1":108,"OBJECTID":108,"ID":1,"SITECODE":"flats58","SITECODE1":" ","ISLAND":"San Juan","LENGTH":115.403,"SITE":" ","LINK1":" ","LINK2":" ","LINK3":" ","SAMP_SIZE":12,"MEAN":8,"ST_DEV":2,"MAX_":6,"MIN_":11,"COMMENTS":" ","Shape_Leng":115.402486351,"Shape_Length":115.40238919694275}},{"type":"Feature","id":109,"geometry":{"type":"LineString","coordinates":[[-123.0703876,48.4821982],[-123.0704488,48.4821508],[-123.0704089,48.4821053],[-123.0703543,48.4820139],[-123.0702052,48.4819286],[-123.0700243,48.4818396],[-123.0697102,48.4817365],[-123.0695973,48.4816126],[-123.0694771,48.4816107],[-123.0695122,48.4816899],[-123.0694535,48.4817919],[-123.0693739,48.4818522],[-123.0693897,48.4819233],[-123.0695939,48.4821127],[-123.0698801,48.4821534],[-123.0701382,48.4821316],[-123.07031,48.4821577],[-123.0704066,48.4821978]]},"properties":{"OBJECTID_1":109,"OBJECTID":109,"ID":1,"SITECODE":"flats58","SITECODE1":" ","ISLAND":"San Juan","LENGTH":762.089,"SITE":" ","LINK1":" ","LINK2":" ","LINK3":" ","SAMP_SIZE":12,"MEAN":8,"ST_DEV":2,"MAX_":6,"MIN_":11,"COMMENTS":" ","Shape_Leng":762.089703091,"Shape_Length":762.0895639619689}},{"type":"Feature","id":110,"geometry":{"type":"LineString","coordinates":[[-123.070951,48.4820738],[-123.0709203,48.4820954],[-123.0708821,48.4820878],[-123.0708869,48.4820541],[-123.0709299,48.4820238],[-123.0709811,48.4820396],[-123.0709571,48.4820695]]},"properties":{"OBJECTID_1":110,"OBJECTID":110,"ID":1,"SITECODE":"flats58","SITECODE1":" ","ISLAND":"San Juan","LENGTH":74.103,"SITE":" ","LINK1":" ","LINK2":" ","LINK3":" ","SAMP_SIZE":12,"MEAN":8,"ST_DEV":2,"MAX_":6,"MIN_":11,"COMMENTS":" ","Shape_Leng":74.1032031439,"Shape_Length":74.10323150661957}},{"type":"Feature","id":111,"geometry":{"type":"LineString","coordinates":[[-123.0707798,48.4820603],[-123.0707911,48.4820307],[-123.0707399,48.4820149],[-123.0707285,48.4820445],[-123.0707545,48.4820608],[-123.0707796,48.4820561]]},"properties":{"OBJECTID_1":111,"OBJECTID":111,"ID":1,"SITECODE":"flats58","SITECODE1":" ","ISLAND":"San Juan","LENGTH":50.998,"SITE":" ","LINK1":" ","LINK2":" ","LINK3":" ","SAMP_SIZE":12,"MEAN":8,"ST_DEV":2,"MAX_":6,"MIN_":11,"COMMENTS":" ","Shape_Leng":50.9980749867,"Shape_Length":50.99798738505122}},{"type":"Feature","id":112,"geometry":{"type":"LineString","coordinates":[[-123.0706073,48.4820175],[-123.0706,48.4819966],[-123.0705553,48.4819848],[-123.0705436,48.4820061],[-123.070582,48.4820179],[-123.0706008,48.4820134]]},"properties":{"OBJECTID_1":112,"OBJECTID":112,"ID":1,"SITECODE":"flats58","SITECODE1":" ","ISLAND":"San Juan","LENGTH":42.856,"SITE":" ","LINK1":" ","LINK2":" ","LINK3":" ","SAMP_SIZE":12,"MEAN":8,"ST_DEV":2,"MAX_":6,"MIN_":11,"COMMENTS":" ","Shape_Leng":42.8564371733,"Shape_Length":42.85648589421766}},{"type":"Feature","id":113,"geometry":{"type":"LineString","coordinates":[[-123.0696951,48.4813922],[-123.069686,48.4813294],[-123.0696339,48.4812926],[-123.0690946,48.4811013],[-123.0688817,48.4810004],[-123.0688774,48.4809038],[-123.068855,48.4808244],[-123.0687774,48.4807839],[-123.0686944,48.4807645],[-123.0686446,48.4807823],[-123.0688149,48.4810647],[-123.0690101,48.4811912],[-123.0691352,48.4813064],[-123.0692611,48.4812956],[-123.0695666,48.4813443],[-123.0696446,48.4813932],[-123.0696888,48.4813923]]},"properties":{"OBJECTID_1":113,"OBJECTID":113,"ID":1,"SITECODE":"flats58","SITECODE1":" ","ISLAND":"San Juan","LENGTH":749.519,"SITE":" ","LINK1":" ","LINK2":" ","LINK3":" ","SAMP_SIZE":12,"MEAN":8,"ST_DEV":2,"MAX_":6,"MIN_":11,"COMMENTS":" ","Shape_Leng":749.518344026,"Shape_Length":749.5183057217525}},{"type":"Feature","id":114,"geometry":{"type":"LineString","coordinates":[[-123.0674969,48.4809851],[-123.0675836,48.4807986],[-123.0675516,48.4807908],[-123.0675269,48.4808038],[-123.0675172,48.4808713],[-123.0674327,48.4809611],[-123.0674529,48.4809902],[-123.0675032,48.480985]]},"properties":{"OBJECTID_1":114,"OBJECTID":114,"ID":1,"SITECODE":"flats58","SITECODE1":" ","ISLAND":"San Juan","LENGTH":174.551,"SITE":" ","LINK1":" ","LINK2":" ","LINK3":" ","SAMP_SIZE":12,"MEAN":8,"ST_DEV":2,"MAX_":6,"MIN_":11,"COMMENTS":" ","Shape_Leng":174.55064556,"Shape_Length":174.55047471601068}},{"type":"Feature","id":115,"geometry":{"type":"LineString","coordinates":[[-123.0678833,48.4804272],[-123.0678821,48.4803978],[-123.0678119,48.4803824],[-123.0677552,48.4803877],[-123.0677753,48.4804125],[-123.0678646,48.4804318],[-123.0678895,48.4804229]]},"properties":{"OBJECTID_1":115,"OBJECTID":115,"ID":1,"SITECODE":"flats58","SITECODE1":" ","ISLAND":"San Juan","LENGTH":82.442,"SITE":" ","LINK1":" ","LINK2":" ","LINK3":" ","SAMP_SIZE":12,"MEAN":8,"ST_DEV":2,"MAX_":6,"MIN_":11,"COMMENTS":" ","Shape_Leng":82.4422766073,"Shape_Length":82.44214360634172}},{"type":"Feature","id":116,"geometry":{"type":"LineString","coordinates":[[-123.0683663,48.4803423],[-123.0683287,48.4803514],[-123.0682901,48.4803353],[-123.0683015,48.4803057],[-123.0683523,48.4803131],[-123.0683538,48.4803467]]},"properties":{"OBJECTID_1":116,"OBJECTID":116,"ID":1,"SITECODE":"flats58","SITECODE1":" ","ISLAND":"San Juan","LENGTH":56.786,"SITE":" ","LINK1":" ","LINK2":" ","LINK3":" ","SAMP_SIZE":12,"MEAN":8,"ST_DEV":2,"MAX_":6,"MIN_":11,"COMMENTS":" ","Shape_Leng":56.7861585214,"Shape_Length":56.786402193404804}},{"type":"Feature","id":117,"geometry":{"type":"LineString","coordinates":[[-123.068633,48.4802279],[-123.068664,48.4802147],[-123.0686499,48.4801813],[-123.0685862,48.4801699],[-123.0685873,48.4801951],[-123.0686141,48.4802282]]},"properties":{"OBJECTID_1":117,"OBJECTID":117,"ID":1,"SITECODE":"flats58","SITECODE1":" ","ISLAND":"San Juan","LENGTH":60.463,"SITE":" ","LINK1":" ","LINK2":" ","LINK3":" ","SAMP_SIZE":12,"MEAN":8,"ST_DEV":2,"MAX_":6,"MIN_":11,"COMMENTS":" ","Shape_Leng":60.4631502048,"Shape_Length":60.463365083677104}},{"type":"Feature","id":118,"geometry":{"type":"LineString","coordinates":[[-123.074409,48.482499],[-123.0742835,48.4824522],[-123.0742041,48.4823307],[-123.0738802,48.4822631],[-123.0737765,48.4821502],[-123.0738462,48.4820504],[-123.0736427,48.4819148],[-123.0735891,48.4818174],[-123.0727157,48.4816045],[-123.0715901,48.4815524],[-123.0708594,48.4812137],[-123.0704087,48.4807874],[-123.0700558,48.4806219],[-123.0695226,48.4800003],[-123.0693579,48.479905],[-123.0696964,48.4797426],[-123.0699156,48.4796727],[-123.0700451,48.4795307],[-123.0706061,48.4790931],[-123.0708017,48.4790483],[-123.0706733,48.4789359],[-123.0708842,48.4786774],[-123.0706899,48.4784678],[-123.0708579,48.4783578],[-123.0710672,48.4783456],[-123.0709724,48.4784377],[-123.0712066,48.4787122],[-123.0713039,48.4786775],[-123.0715271,48.478985],[-123.0712394,48.4791793],[-123.0712913,48.479802],[-123.0714835,48.4799624],[-123.0715009,48.480077],[-123.0713427,48.4801293],[-123.0711206,48.4804126],[-123.0712003,48.4805423],[-123.0728145,48.4813236],[-123.0737529,48.48133],[-123.0738925,48.4814176],[-123.0737456,48.481445],[-123.07369,48.4815856],[-123.0742653,48.481755],[-123.074271,48.4818862],[-123.0743377,48.4819998],[-123.0742477,48.4821985],[-123.0744075,48.4824662]]},"properties":{"OBJECTID_1":118,"OBJECTID":118,"ID":1,"SITECODE":"flats58","SITECODE1":" ","ISLAND":"San Juan","LENGTH":4759.154,"SITE":" ","LINK1":" ","LINK2":" ","LINK3":" ","SAMP_SIZE":12,"MEAN":8,"ST_DEV":2,"MAX_":6,"MIN_":11,"COMMENTS":" ","Shape_Leng":4759.15406489,"Shape_Length":4759.153350994607}},{"type":"Feature","id":119,"geometry":{"type":"LineString","coordinates":[[-123.0691022,48.4799838],[-123.0690957,48.4798362],[-123.0691604,48.4796216],[-123.0691942,48.4795471],[-123.0690317,48.479501],[-123.0689329,48.4797819],[-123.0687579,48.4800151],[-123.0688224,48.4800795],[-123.0690695,48.4800829],[-123.0691131,48.4799508]]},"properties":{"OBJECTID_1":119,"OBJECTID":119,"ID":1,"SITECODE":"flats58","SITECODE1":" ","ISLAND":"San Juan","LENGTH":542.792,"SITE":" ","LINK1":" ","LINK2":" ","LINK3":" ","SAMP_SIZE":12,"MEAN":8,"ST_DEV":2,"MAX_":6,"MIN_":11,"COMMENTS":" ","Shape_Leng":542.792232994,"Shape_Length":542.7920965997014}},{"type":"Feature","id":120,"geometry":{"type":"LineString","coordinates":[[-123.0695062,48.4793441],[-123.0694048,48.4790014],[-123.0692729,48.478807],[-123.0691569,48.4786944],[-123.0687658,48.478784],[-123.0685646,48.4786976],[-123.0682654,48.4786295],[-123.0682621,48.4785557],[-123.0681729,48.4784918],[-123.0679579,48.4783728],[-123.0673845,48.4782444],[-123.0672812,48.4781397],[-123.0671695,48.4781255],[-123.0668001,48.478428],[-123.0667187,48.4785445],[-123.066636,48.4786281],[-123.0667107,48.4786431],[-123.0671592,48.4790202]]},"properties":{"OBJECTID_1":120,"OBJECTID":120,"ID":1,"SITECODE":"flats58","SITECODE1":" ","ISLAND":"San Juan","LENGTH":1256.64,"SITE":" ","LINK1":" ","LINK2":" ","LINK3":" ","SAMP_SIZE":12,"MEAN":8,"ST_DEV":2,"MAX_":6,"MIN_":11,"COMMENTS":" ","Shape_Leng":1256.64061739,"Shape_Length":1256.6401374897393}},{"type":"Feature","id":121,"geometry":{"type":"LineString","coordinates":[[-123.0671469,48.4790204],[-123.0675984,48.479184],[-123.0678877,48.4793097],[-123.0680651,48.479413],[-123.0681975,48.4793366],[-123.0688025,48.4793413],[-123.0691348,48.4793185],[-123.0695436,48.4793516]]},"properties":{"OBJECTID_1":121,"OBJECTID":121,"ID":1,"SITECODE":"flats58","SITECODE1":" ","ISLAND":"San Juan","LENGTH":635.995,"SITE":" ","LINK1":" ","LINK2":" ","LINK3":" ","SAMP_SIZE":12,"MEAN":8,"ST_DEV":2,"MAX_":6,"MIN_":11,"COMMENTS":" ","Shape_Leng":635.995139933,"Shape_Length":635.9951172607604}},{"type":"Feature","id":122,"geometry":{"type":"LineString","coordinates":[[-123.0676974,48.4777788],[-123.0677446,48.4777287],[-123.0677273,48.4776141],[-123.0676518,48.4775827],[-123.0675905,48.4775921],[-123.0675705,48.4776992],[-123.067585,48.4777481],[-123.0676731,48.4777875]]},"properties":{"OBJECTID_1":122,"OBJECTID":122,"ID":1,"SITECODE":"flats58","SITECODE1":" ","ISLAND":"San Juan","LENGTH":183.729,"SITE":" ","LINK1":" ","LINK2":" ","LINK3":" ","SAMP_SIZE":12,"MEAN":8,"ST_DEV":2,"MAX_":6,"MIN_":11,"COMMENTS":" ","Shape_Leng":183.728755714,"Shape_Length":183.7289985172417}},{"type":"Feature","id":123,"geometry":{"type":"LineString","coordinates":[[-123.0678611,48.4770042],[-123.0680185,48.4769355],[-123.068052,48.4768528],[-123.0682534,48.4766602],[-123.0684087,48.4765423],[-123.0683459,48.4765189],[-123.0682367,48.476562],[-123.0679744,48.4767723],[-123.0678571,48.476914],[-123.067897,48.4769789],[-123.0680073,48.4769604]]},"properties":{"OBJECTID_1":123,"OBJECTID":123,"ID":1,"SITECODE":"flats58","SITECODE1":" ","ISLAND":"San Juan","LENGTH":479.784,"SITE":" ","LINK1":" ","LINK2":" ","LINK3":" ","SAMP_SIZE":12,"MEAN":8,"ST_DEV":2,"MAX_":6,"MIN_":11,"COMMENTS":" ","Shape_Leng":479.784344075,"Shape_Length":479.784651455183}},{"type":"Feature","id":124,"geometry":{"type":"LineString","coordinates":[[-123.0683062,48.4775865],[-123.0684038,48.47756],[-123.0684971,48.4774351],[-123.0684572,48.4773702],[-123.0683469,48.4773888],[-123.0682388,48.4774565],[-123.0682417,48.4775221]]},"properties":{"OBJECTID_1":124,"OBJECTID":124,"ID":1,"SITECODE":"flats58","SITECODE1":" ","ISLAND":"San Juan","LENGTH":189.577,"SITE":" ","LINK1":" ","LINK2":" ","LINK3":" ","SAMP_SIZE":12,"MEAN":8,"ST_DEV":2,"MAX_":6,"MIN_":11,"COMMENTS":" ","Shape_Leng":189.576810942,"Shape_Length":189.57718619051522}},{"type":"Feature","id":125,"geometry":{"type":"LineString","coordinates":[[-123.0665503,48.4779892],[-123.0668594,48.4777215],[-123.0668791,48.4776144],[-123.0669118,48.4775847],[-123.0671267,48.4774965],[-123.0674201,48.4774263],[-123.0677127,48.4774497],[-123.067818,48.4774121],[-123.0681687,48.4773181],[-123.0682142,48.4772461],[-123.0681101,48.4771996],[-123.0680427,48.4772139],[-123.0680202,48.4772563],[-123.067557,48.4773331],[-123.0674563,48.4773642],[-123.0673774,48.4773398],[-123.0672381,48.477265],[-123.0672058,48.4771945],[-123.0671858,48.4771819],[-123.067108,48.4771802],[-123.0670008,48.4772857],[-123.0670492,48.4773914],[-123.0666335,48.4776676],[-123.0663358,48.477751],[-123.0662566,48.47783],[-123.0663283,48.4779127],[-123.0665402,48.4779797]]},"properties":{"OBJECTID_1":125,"OBJECTID":125,"ID":1,"SITECODE":"flats58","SITECODE1":" ","ISLAND":"San Juan","LENGTH":1291.438,"SITE":" ","LINK1":" ","LINK2":" ","LINK3":" ","SAMP_SIZE":12,"MEAN":8,"ST_DEV":2,"MAX_":6,"MIN_":11,"COMMENTS":" ","Shape_Leng":1291.43817453,"Shape_Length":1291.4383038493984}},{"type":"Feature","id":126,"geometry":{"type":"LineString","coordinates":[[-123.068246,48.4775299],[-123.068297,48.4775838]]},"properties":{"OBJECTID_1":126,"OBJECTID":126,"ID":1,"SITECODE":"flats58","SITECODE1":" ","ISLAND":"San Juan","LENGTH":23.243,"SITE":" ","LINK1":" ","LINK2":" ","LINK3":" ","SAMP_SIZE":12,"MEAN":8,"ST_DEV":2,"MAX_":6,"MIN_":11,"COMMENTS":" ","Shape_Leng":23.2427631225,"Shape_Length":23.242717581690144}},{"type":"Feature","id":127,"geometry":{"type":"LineString","coordinates":[[-123.075245,48.4810139],[-123.0752425,48.4809565],[-123.0752033,48.480908],[-123.07513,48.4809258],[-123.0751322,48.480975],[-123.0751699,48.4809907],[-123.0752566,48.4809973],[-123.0752319,48.4809977]]},"properties":{"OBJECTID_1":127,"OBJECTID":127,"ID":1,"SITECODE":"flats58","SITECODE1":" ","ISLAND":"San Juan","LENGTH":115.841,"SITE":" ","LINK1":" ","LINK2":" ","LINK3":" ","SAMP_SIZE":12,"MEAN":8,"ST_DEV":2,"MAX_":6,"MIN_":11,"COMMENTS":" ","Shape_Leng":115.840337996,"Shape_Length":115.8409739471284}},{"type":"Feature","id":128,"geometry":{"type":"LineString","coordinates":[[-123.068114,48.4754483],[-123.0681242,48.4753989],[-123.0680861,48.475375],[-123.0680495,48.4753839],[-123.068064,48.4754329],[-123.0681017,48.4754486]]},"properties":{"OBJECTID_1":128,"OBJECTID":128,"ID":1,"SITECODE":"flats58","SITECODE1":" ","ISLAND":"San Juan","LENGTH":69.356,"SITE":" ","LINK1":" ","LINK2":" ","LINK3":" ","SAMP_SIZE":12,"MEAN":8,"ST_DEV":2,"MAX_":6,"MIN_":11,"COMMENTS":" ","Shape_Leng":69.3555682954,"Shape_Length":69.3554855453013}},{"type":"Feature","id":129,"geometry":{"type":"LineString","coordinates":[[-123.0679452,48.4758209],[-123.0678985,48.4756002],[-123.0679214,48.4755587],[-123.0675428,48.4753691],[-123.0675589,48.4751718],[-123.0675133,48.4749757],[-123.0676686,48.4748579],[-123.0677887,48.4747817],[-123.0679501,48.4748032],[-123.0679338,48.4747132],[-123.0678816,48.4746486],[-123.0676487,48.4746859],[-123.0673642,48.474954],[-123.0672603,48.4753992],[-123.067614,48.4758683],[-123.0679466,48.4758537],[-123.0679568,48.4758042]]},"properties":{"OBJECTID_1":129,"OBJECTID":129,"ID":1,"SITECODE":"flats58","SITECODE1":" ","ISLAND":"San Juan","LENGTH":1186.719,"SITE":" ","LINK1":" ","LINK2":" ","LINK3":" ","SAMP_SIZE":12,"MEAN":8,"ST_DEV":2,"MAX_":6,"MIN_":11,"COMMENTS":" ","Shape_Leng":1186.72023495,"Shape_Length":1186.7203489748842}},{"type":"Feature","id":130,"geometry":{"type":"LineString","coordinates":[[-123.0573475,48.4696647],[-123.0564296,48.4694971],[-123.0560637,48.4692121],[-123.0553737,48.4691113],[-123.0553061,48.4690343]]},"properties":{"OBJECTID_1":130,"OBJECTID":130,"ID":1,"SITECODE":"sjs0200","SITECODE1":" ","ISLAND":"San Juan","LENGTH":571.545,"SITE":" ","LINK1":" ","LINK2":" ","LINK3":" ","SAMP_SIZE":7,"MEAN":28.2700005,"ST_DEV":1.5,"MAX_":30.6000004,"MIN_":26.2000008,"COMMENTS":" ","Shape_Leng":571.544836167,"Shape_Length":571.5451515823048}},{"type":"Feature","id":131,"geometry":{"type":"LineString","coordinates":[[-123.0554314,48.4687113],[-123.055441,48.4684404],[-123.0554908,48.468354],[-123.0550651,48.4681698],[-123.0549785,48.4681501]]},"properties":{"OBJECTID_1":131,"OBJECTID":131,"ID":1,"SITECODE":"sjs0200","SITECODE1":" ","ISLAND":"San Juan","LENGTH":278.036,"SITE":" ","LINK1":" ","LINK2":" ","LINK3":" ","SAMP_SIZE":7,"MEAN":28.2700005,"ST_DEV":1.5,"MAX_":30.6000004,"MIN_":26.2000008,"COMMENTS":" ","Shape_Leng":278.035603977,"Shape_Length":278.03598331811145}},{"type":"Feature","id":132,"geometry":{"type":"LineString","coordinates":[[-123.0521362,48.4670791],[-123.052141,48.4669437],[-123.0520407,48.466853],[-123.0519465,48.4669047],[-123.0515779,48.4668049],[-123.0514213,48.4666512],[-123.0510112,48.4665807]]},"properties":{"OBJECTID_1":132,"OBJECTID":132,"ID":1,"SITECODE":"sjs0201","SITECODE1":" ","ISLAND":"San Juan","LENGTH":387.161,"SITE":" ","LINK1":" ","LINK2":" ","LINK3":" ","SAMP_SIZE":8,"MEAN":27.2199993,"ST_DEV":0.939999998,"MAX_":28.2000008,"MIN_":25.7000008,"COMMENTS":" ","Shape_Leng":387.160584862,"Shape_Length":387.160349316398}},{"type":"Feature","id":133,"geometry":{"type":"LineString","coordinates":[[-123.0324183,48.4595008],[-123.0320212,48.4593866],[-123.0319376,48.4592664],[-123.0314837,48.4590489],[-123.0312448,48.4589665],[-123.0309321,48.4589899],[-123.0302923,48.4587064],[-123.0298146,48.4585415],[-123.0293876,48.4583409],[-123.029251,48.4582044],[-123.0289554,48.4580187],[-123.0287628,48.4577962],[-123.0283986,48.4578379],[-123.0276066,48.4576617],[-123.0272625,48.4575638],[-123.0268908,48.4574318],[-123.0267803,48.4572947],[-123.0264317,48.4570926],[-123.0261951,48.4570623],[-123.0258771,48.456964],[-123.0256316,48.4567252],[-123.025215,48.4567679],[-123.0248814,48.4569133],[-123.0247769,48.4569153]]},"properties":{"OBJECTID_1":133,"OBJECTID":133,"ID":1,"SITECODE":"sjs0203","SITECODE1":" ","ISLAND":"San Juan","LENGTH":2254.648,"SITE":" ","LINK1":" ","LINK2":" ","LINK3":" ","SAMP_SIZE":20,"MEAN":29.8299999,"ST_DEV":2.78999996,"MAX_":33.0999985,"MIN_":24,"COMMENTS":" ","Shape_Leng":2254.64829438,"Shape_Length":2254.648240279095}},{"type":"Feature","id":134,"geometry":{"type":"LineString","coordinates":[[-123.0225563,48.4563486],[-123.0224705,48.4561763],[-123.0213091,48.4559201],[-123.0205283,48.4560044],[-123.0203185,48.455991]]},"properties":{"OBJECTID_1":134,"OBJECTID":134,"ID":1,"SITECODE":"sjs0204","SITECODE1":" ","ISLAND":"San Juan","LENGTH":606.238,"SITE":" ","LINK1":" ","LINK2":" ","LINK3":" ","SAMP_SIZE":12,"MEAN":23.8700008,"ST_DEV":3.24000001,"MAX_":27.2999992,"MIN_":15.6999998,"COMMENTS":" ","Shape_Leng":606.237927813,"Shape_Length":606.2379855521558}},{"type":"Feature","id":135,"geometry":{"type":"LineString","coordinates":[[-123.0001502,48.4520975],[-122.999093,48.4514328],[-122.9979989,48.45097],[-122.9968614,48.4509108],[-122.996096,48.4507036],[-122.9945885,48.4497654],[-122.993687,48.4495607],[-122.9926795,48.4489957],[-122.9920656,48.4484333],[-122.9916762,48.4481688],[-122.9907487,48.4480653]]},"properties":{"OBJECTID_1":135,"OBJECTID":135,"ID":1,"SITECODE":"sjs0206","SITECODE1":" ","ISLAND":"San Juan","LENGTH":2813.947,"SITE":" ","LINK1":" ","LINK2":" ","LINK3":" ","SAMP_SIZE":2,"MEAN":99,"ST_DEV":0,"MAX_":99,"MIN_":99,"COMMENTS":" ","Shape_Leng":2813.9467078,"Shape_Length":2813.9471741375714}},{"type":"Feature","id":136,"geometry":{"type":"LineString","coordinates":[[-122.9909188,48.4478822],[-122.9873996,48.4461353],[-122.9854304,48.4431333],[-122.9827096,48.4393989],[-122.9834056,48.4369757],[-122.9840931,48.432283],[-122.9822092,48.429386],[-122.9801743,48.426705],[-122.9758146,48.4277988],[-122.9749434,48.4318664],[-122.9740387,48.4351351],[-122.9723199,48.4380989],[-122.9694401,48.4420437],[-122.9666889,48.4452398]]},"properties":{"OBJECTID_1":136,"OBJECTID":136,"ID":1,"SITECODE":"flats99","SITECODE1":" ","ISLAND":"San Juan","LENGTH":16587.043,"SITE":" ","LINK1":" ","LINK2":" ","LINK3":" ","SAMP_SIZE":26,"MEAN":29,"ST_DEV":5,"MAX_":16,"MIN_":-38,"COMMENTS":" ","Shape_Leng":16587.0429009,"Shape_Length":16587.043097223584}},{"type":"Feature","id":137,"geometry":{"type":"LineString","coordinates":[[-122.96666,48.4452557],[-122.9704603,48.4457922],[-122.9710808,48.4456768],[-122.9732395,48.4455848],[-122.9752478,48.4462584],[-122.9747619,48.4470994],[-122.9735999,48.4492183],[-122.9717267,48.4492877],[-122.9699714,48.4503082],[-122.9690145,48.4504818]]},"properties":{"OBJECTID_1":137,"OBJECTID":137,"ID":1,"SITECODE":"flats99","SITECODE1":" ","ISLAND":"San Juan","LENGTH":4583.482,"SITE":" ","LINK1":" ","LINK2":" ","LINK3":" ","SAMP_SIZE":26,"MEAN":29,"ST_DEV":5,"MAX_":16,"MIN_":-38,"COMMENTS":" ","Shape_Leng":4583.48168014,"Shape_Length":4583.481844213341}},{"type":"Feature","id":138,"geometry":{"type":"LineString","coordinates":[[-122.9668303,48.4499675],[-122.9646815,48.4496777]]},"properties":{"OBJECTID_1":138,"OBJECTID":138,"ID":1,"SITECODE":"flats99","SITECODE1":" ","ISLAND":"San Juan","LENGTH":532.081,"SITE":" ","LINK1":" ","LINK2":" ","LINK3":" ","SAMP_SIZE":26,"MEAN":29,"ST_DEV":5,"MAX_":16,"MIN_":-38,"COMMENTS":" ","Shape_Leng":532.08156471,"Shape_Length":532.0816935245141}},{"type":"Feature","id":139,"geometry":{"type":"LineString","coordinates":[[-122.9622798,48.4498655],[-122.9605816,48.450937]]},"properties":{"OBJECTID_1":139,"OBJECTID":139,"ID":1,"SITECODE":"sjs0122","SITECODE1":" ","ISLAND":"San Juan","LENGTH":568.021,"SITE":" ","LINK1":" ","LINK2":" ","LINK3":" ","SAMP_SIZE":14,"MEAN":21.6100006,"ST_DEV":2.49000001,"MAX_":25.6000004,"MIN_":15.5,"COMMENTS":" ","Shape_Leng":568.020581122,"Shape_Length":568.0206251567292}},{"type":"Feature","id":140,"geometry":{"type":"LineString","coordinates":[[-122.9605381,48.4509378],[-122.9599463,48.4515753],[-122.9591483,48.4522069],[-122.9589141,48.4525931],[-122.9583019,48.4534464],[-122.957945,48.4540698],[-122.9582962,48.4550817],[-122.958366,48.4553448],[-122.9582208,48.4557489]]},"properties":{"OBJECTID_1":140,"OBJECTID":140,"ID":1,"SITECODE":"sjs0122","SITECODE1":" ","ISLAND":"San Juan","LENGTH":1942.446,"SITE":" ","LINK1":" ","LINK2":" ","LINK3":" ","SAMP_SIZE":14,"MEAN":21.6100006,"ST_DEV":2.49000001,"MAX_":25.6000004,"MIN_":15.5,"COMMENTS":" ","Shape_Leng":1942.44610031,"Shape_Length":1942.4459042267333}},{"type":"Feature","id":141,"geometry":{"type":"LineString","coordinates":[[-122.9582359,48.4557584],[-122.9582935,48.4560805],[-122.9580944,48.4566031]]},"properties":{"OBJECTID_1":141,"OBJECTID":141,"ID":1,"SITECODE":"sjs0122","SITECODE1":" ","ISLAND":"San Juan","LENGTH":315.001,"SITE":" ","LINK1":" ","LINK2":" ","LINK3":" ","SAMP_SIZE":14,"MEAN":21.6100006,"ST_DEV":2.49000001,"MAX_":25.6000004,"MIN_":15.5,"COMMENTS":" ","Shape_Leng":315.001299934,"Shape_Length":315.00109850519016}},{"type":"Feature","id":142,"geometry":{"type":"LineString","coordinates":[[-122.9580793,48.4597856],[-122.957783,48.4600946],[-122.9583333,48.4605839],[-122.9585334,48.4607956],[-122.9584888,48.4611391],[-122.9586118,48.4612642],[-122.9589475,48.4619042],[-122.959113,48.4619893],[-122.9597675,48.4628585],[-122.9596849,48.4629971],[-122.9598405,48.4635524],[-122.9597698,48.4636222],[-122.9597894,48.4637394]]},"properties":{"OBJECTID_1":142,"OBJECTID":142,"ID":1,"SITECODE":"sjs0123","SITECODE1":" ","ISLAND":"San Juan","LENGTH":1614.993,"SITE":" ","LINK1":" ","LINK2":" ","LINK3":" ","SAMP_SIZE":8,"MEAN":19.75,"ST_DEV":3.46000004,"MAX_":24.5,"MIN_":14.1000004,"COMMENTS":" ","Shape_Leng":1614.99290595,"Shape_Length":1614.992740387248}},{"type":"Feature","id":143,"geometry":{"type":"LineString","coordinates":[[-122.9609304,48.465334],[-122.9611062,48.4653112],[-122.9615197,48.4653428],[-122.9615953,48.4653903]]},"properties":{"OBJECTID_1":143,"OBJECTID":143,"ID":1,"SITECODE":"sjs0124","SITECODE1":" ","ISLAND":"San Juan","LENGTH":169.684,"SITE":" ","LINK1":" ","LINK2":" ","LINK3":" ","SAMP_SIZE":12,"MEAN":19.0300007,"ST_DEV":4.01000023,"MAX_":23.2999992,"MIN_":12.1999998,"COMMENTS":" ","Shape_Leng":169.683734367,"Shape_Length":169.68371510452516}},{"type":"Feature","id":144,"geometry":{"type":"LineString","coordinates":[[-122.9626209,48.466331],[-122.9627848,48.466377],[-122.963453,48.4665115],[-122.9637251,48.4666828],[-122.9643786,48.4668176]]},"properties":{"OBJECTID_1":144,"OBJECTID":144,"ID":1,"SITECODE":"sjs0124","SITECODE1":" ","ISLAND":"San Juan","LENGTH":469.406,"SITE":" ","LINK1":" ","LINK2":" ","LINK3":" ","SAMP_SIZE":12,"MEAN":19.0300007,"ST_DEV":4.01000023,"MAX_":23.2999992,"MIN_":12.1999998,"COMMENTS":" ","Shape_Leng":469.405636474,"Shape_Length":469.4055978519433}},{"type":"Feature","id":145,"geometry":{"type":"LineString","coordinates":[[-122.9652637,48.4679175],[-122.9653957,48.4679053],[-122.9657823,48.4679961],[-122.9660422,48.4682263],[-122.9668285,48.4683685]]},"properties":{"OBJECTID_1":145,"OBJECTID":145,"ID":1,"SITECODE":"sjs0124","SITECODE1":" ","ISLAND":"San Juan","LENGTH":434.505,"SITE":" ","LINK1":" ","LINK2":" ","LINK3":" ","SAMP_SIZE":12,"MEAN":19.0300007,"ST_DEV":4.01000023,"MAX_":23.2999992,"MIN_":12.1999998,"COMMENTS":" ","Shape_Leng":434.504993896,"Shape_Length":434.5049540151914}},{"type":"Feature","id":146,"geometry":{"type":"LineString","coordinates":[[-122.967625,48.4687553],[-122.9683329,48.4687814],[-122.9685691,48.4687966]]},"properties":{"OBJECTID_1":146,"OBJECTID":146,"ID":1,"SITECODE":"sjs0124","SITECODE1":" ","ISLAND":"San Juan","LENGTH":229.565,"SITE":" ","LINK1":" ","LINK2":" ","LINK3":" ","SAMP_SIZE":12,"MEAN":19.0300007,"ST_DEV":4.01000023,"MAX_":23.2999992,"MIN_":12.1999998,"COMMENTS":" ","Shape_Leng":229.565017113,"Shape_Length":229.5651307031738}},{"type":"Feature","id":147,"geometry":{"type":"LineString","coordinates":[[-123.0018705,48.4731],[-123.0019798,48.4730734],[-123.0019972,48.4730486]]},"properties":{"OBJECTID_1":147,"OBJECTID":147,"ID":1,"SITECODE":"sjs0129","SITECODE1":" ","ISLAND":"San Juan","LENGTH":38.209,"SITE":" ","LINK1":" ","LINK2":" ","LINK3":" ","SAMP_SIZE":10,"MEAN":21.8600006,"ST_DEV":3.47000003,"MAX_":29.7999992,"MIN_":17.2999992,"COMMENTS":" ","Shape_Leng":38.2096154754,"Shape_Length":38.20968548961712}},{"type":"Feature","id":148,"geometry":{"type":"LineString","coordinates":[[-123.0066274,48.4728516],[-123.0064005,48.472709]]},"properties":{"OBJECTID_1":148,"OBJECTID":148,"ID":1,"SITECODE":"sjs0129","SITECODE1":" ","ISLAND":"San Juan","LENGTH":75.746,"SITE":" ","LINK1":" ","LINK2":" ","LINK3":" ","SAMP_SIZE":10,"MEAN":21.8600006,"ST_DEV":3.47000003,"MAX_":29.7999992,"MIN_":17.2999992,"COMMENTS":" ","Shape_Leng":75.7464550968,"Shape_Length":75.74657452503355}},{"type":"Feature","id":149,"geometry":{"type":"LineString","coordinates":[[-123.0043516,48.4756115],[-123.0040084,48.4757648],[-123.0030377,48.475881],[-123.0027286,48.4759724],[-123.0020667,48.4764255]]},"properties":{"OBJECTID_1":149,"OBJECTID":149,"ID":1,"SITECODE":"sjs0129","SITECODE1":" ","ISLAND":"San Juan","LENGTH":652.019,"SITE":" ","LINK1":" ","LINK2":" ","LINK3":" ","SAMP_SIZE":10,"MEAN":21.8600006,"ST_DEV":3.47000003,"MAX_":29.7999992,"MIN_":17.2999992,"COMMENTS":" ","Shape_Leng":652.018493515,"Shape_Length":652.0187432051832}},{"type":"Feature","id":150,"geometry":{"type":"LineString","coordinates":[[-123.0009784,48.4772414],[-123.001175,48.4771031]]},"properties":{"OBJECTID_1":150,"OBJECTID":150,"ID":1,"SITECODE":"sjs0129","SITECODE1":" ","ISLAND":"San Juan","LENGTH":69.434,"SITE":" ","LINK1":" ","LINK2":" ","LINK3":" ","SAMP_SIZE":10,"MEAN":21.8600006,"ST_DEV":3.47000003,"MAX_":29.7999992,"MIN_":17.2999992,"COMMENTS":" ","Shape_Leng":69.4343108453,"Shape_Length":69.4345919803645}},{"type":"Feature","id":151,"geometry":{"type":"LineString","coordinates":[[-123.0186288,48.499565],[-123.0184963,48.4994819]]},"properties":{"OBJECTID_1":151,"OBJECTID":151,"ID":1,"SITECODE":"sjs0133","SITECODE1":" ","ISLAND":"San Juan","LENGTH":44.185,"SITE":" ","LINK1":" ","LINK2":" ","LINK3":" ","SAMP_SIZE":9,"MEAN":12.4499998,"ST_DEV":3.50999999,"MAX_":17.2000008,"MIN_":4.69999981,"COMMENTS":" ","Shape_Leng":44.1853718002,"Shape_Length":44.185269817722535}},{"type":"Feature","id":152,"geometry":{"type":"LineString","coordinates":[[-123.0188395,48.5001853],[-123.0187754,48.4999784]]},"properties":{"OBJECTID_1":152,"OBJECTID":152,"ID":1,"SITECODE":"sjs0133","SITECODE1":" ","ISLAND":"San Juan","LENGTH":77.05,"SITE":" ","LINK1":" ","LINK2":" ","LINK3":" ","SAMP_SIZE":9,"MEAN":12.4499998,"ST_DEV":3.50999999,"MAX_":17.2000008,"MIN_":4.69999981,"COMMENTS":" ","Shape_Leng":77.0500440715,"Shape_Length":77.05026485317732}},{"type":"Feature","id":153,"geometry":{"type":"LineString","coordinates":[[-123.019556,48.5005757],[-123.0197484,48.5007679],[-123.019884,48.5009244],[-123.0199634,48.5010575],[-123.0201568,48.5017026],[-123.0189021,48.5020812],[-123.0186676,48.5021958]]},"properties":{"OBJECTID_1":153,"OBJECTID":153,"ID":1,"SITECODE":"sjs0133","SITECODE1":" ","ISLAND":"San Juan","LENGTH":846.949,"SITE":" ","LINK1":" ","LINK2":" ","LINK3":" ","SAMP_SIZE":9,"MEAN":12.4499998,"ST_DEV":3.50999999,"MAX_":17.2000008,"MIN_":4.69999981,"COMMENTS":" ","Shape_Leng":846.948741473,"Shape_Length":846.9489179354357}},{"type":"Feature","id":154,"geometry":{"type":"LineString","coordinates":[[-123.0170017,48.5028637],[-123.0168586,48.5029643],[-123.0165883,48.5031041],[-123.016501,48.5032159]]},"properties":{"OBJECTID_1":154,"OBJECTID":154,"ID":1,"SITECODE":"sjs0134","SITECODE1":" ","ISLAND":"San Juan","LENGTH":179.475,"SITE":" ","LINK1":" ","LINK2":" ","LINK3":" ","SAMP_SIZE":20,"MEAN":24.7900009,"ST_DEV":1.87,"MAX_":27.3999996,"MIN_":20.6000004,"COMMENTS":" ","Shape_Leng":179.474978858,"Shape_Length":179.47502668235634}},{"type":"Feature","id":155,"geometry":{"type":"LineString","coordinates":[[-123.0153086,48.5046214],[-123.0152644,48.5044509]]},"properties":{"OBJECTID_1":155,"OBJECTID":155,"ID":1,"SITECODE":"sjs0134","SITECODE1":" ","ISLAND":"San Juan","LENGTH":63.122,"SITE":" ","LINK1":" ","LINK2":" ","LINK3":" ","SAMP_SIZE":20,"MEAN":24.7900009,"ST_DEV":1.87,"MAX_":27.3999996,"MIN_":20.6000004,"COMMENTS":" ","Shape_Leng":63.1222027977,"Shape_Length":63.12247021834984}},{"type":"Feature","id":156,"geometry":{"type":"LineString","coordinates":[[-123.0108656,48.5040931],[-123.0101126,48.504144],[-123.0098018,48.5041988],[-123.0096955,48.5042987]]},"properties":{"OBJECTID_1":156,"OBJECTID":156,"ID":1,"SITECODE":"sjs0135","SITECODE1":" ","ISLAND":"San Juan","LENGTH":306.073,"SITE":" ","LINK1":" ","LINK2":" ","LINK3":" ","SAMP_SIZE":9,"MEAN":21.5400009,"ST_DEV":1.92999995,"MAX_":23.7999992,"MIN_":18.8999996,"COMMENTS":" ","Shape_Leng":306.072515127,"Shape_Length":306.0725645489152}},{"type":"Feature","id":157,"geometry":{"type":"LineString","coordinates":[[-123.0080282,48.5053704],[-123.0081496,48.5056251],[-123.0080096,48.5057991],[-123.008027,48.5057743],[-123.0080648,48.5057981]]},"properties":{"OBJECTID_1":157,"OBJECTID":157,"ID":1,"SITECODE":"sjs0135","SITECODE1":" ","ISLAND":"San Juan","LENGTH":192.057,"SITE":" ","LINK1":" ","LINK2":" ","LINK3":" ","SAMP_SIZE":9,"MEAN":21.5400009,"ST_DEV":1.92999995,"MAX_":23.7999992,"MIN_":18.8999996,"COMMENTS":" ","Shape_Leng":192.056816683,"Shape_Length":192.05644842423078}},{"type":"Feature","id":158,"geometry":{"type":"LineString","coordinates":[[-123.0098628,48.5090934],[-123.0103093,48.5091952],[-123.0109831,48.5098802],[-123.0115299,48.5101759],[-123.012245,48.5105296],[-123.0125194,48.5109161],[-123.0130016,48.5109927],[-123.0139228,48.5114282],[-123.0141279,48.5114856],[-123.0141442,48.5114363],[-123.0144119,48.5112354],[-123.0150367,48.5111992],[-123.0166521,48.5114992],[-123.0168692,48.5118378],[-123.0168628,48.5121194]]},"properties":{"OBJECTID_1":158,"OBJECTID":158,"ID":1,"SITECODE":"sjs0136","SITECODE1":" ","ISLAND":"San Juan","LENGTH":2315.937,"SITE":" ","LINK1":" ","LINK2":" ","LINK3":" ","SAMP_SIZE":9,"MEAN":17.9300003,"ST_DEV":1.08000004,"MAX_":19.5,"MIN_":16,"COMMENTS":" ","Shape_Leng":2315.93739354,"Shape_Length":2315.937598430439}},{"type":"Feature","id":159,"geometry":{"type":"LineString","coordinates":[[-123.0176361,48.5172822],[-123.0177597,48.5171575],[-123.0175998,48.5172951],[-123.0172547,48.5174118],[-123.0158151,48.5177816],[-123.0157972,48.5177942]]},"properties":{"OBJECTID_1":159,"OBJECTID":159,"ID":1,"SITECODE":"sjs0137","SITECODE1":" ","ISLAND":"San Juan","LENGTH":592.171,"SITE":" ","LINK1":" ","LINK2":" ","LINK3":" ","SAMP_SIZE":8,"MEAN":10.7700005,"ST_DEV":4.75,"MAX_":17,"MIN_":5.5,"COMMENTS":" ","Shape_Leng":592.170970573,"Shape_Length":592.1709200275354}},{"type":"Feature","id":160,"geometry":{"type":"LineString","coordinates":[[-123.0149359,48.5187651],[-123.0147334,48.5187689],[-123.0144257,48.5188971],[-123.0142068,48.5189502]]},"properties":{"OBJECTID_1":160,"OBJECTID":160,"ID":1,"SITECODE":"sjs0137","SITECODE1":" ","ISLAND":"San Juan","LENGTH":193.587,"SITE":" ","LINK1":" ","LINK2":" ","LINK3":" ","SAMP_SIZE":8,"MEAN":10.7700005,"ST_DEV":4.75,"MAX_":17,"MIN_":5.5,"COMMENTS":" ","Shape_Leng":193.587458286,"Shape_Length":193.587564402661}},{"type":"Feature","id":161,"geometry":{"type":"LineString","coordinates":[[-123.0120033,48.5182573],[-123.0111334,48.5181635],[-123.0099797,48.5187604],[-123.0092795,48.5191898],[-123.0090632,48.519304],[-123.0081975,48.5195828]]},"properties":{"OBJECTID_1":161,"OBJECTID":161,"ID":1,"SITECODE":"sjs0137","SITECODE1":" ","ISLAND":"San Juan","LENGTH":1099.071,"SITE":" ","LINK1":" ","LINK2":" ","LINK3":" ","SAMP_SIZE":8,"MEAN":10.7700005,"ST_DEV":4.75,"MAX_":17,"MIN_":5.5,"COMMENTS":" ","Shape_Leng":1099.07108911,"Shape_Length":1099.0713224487934}},{"type":"Feature","id":162,"geometry":{"type":"LineString","coordinates":[[-122.9801946,48.5162688],[-122.9802002,48.5164034],[-122.9796486,48.5168664],[-122.9791987,48.5175602],[-122.9788735,48.5177131],[-122.9788218,48.5173591],[-122.9787395,48.5171525],[-122.9784633,48.5171577],[-122.9782823,48.5172345],[-122.9781596,48.5173836]]},"properties":{"OBJECTID_1":162,"OBJECTID":162,"ID":1,"SITECODE":"sjs0140","SITECODE1":" ","ISLAND":"San Juan","LENGTH":1025.389,"SITE":" ","LINK1":" ","LINK2":" ","LINK3":" ","SAMP_SIZE":7,"MEAN":25.3099995,"ST_DEV":2.22000003,"MAX_":27.7999992,"MIN_":22,"COMMENTS":" ","Shape_Leng":1025.38847482,"Shape_Length":1025.3885101923292}},{"type":"Feature","id":163,"geometry":{"type":"LineString","coordinates":[[-122.9766993,48.518145],[-122.9760361,48.5185856],[-122.9753488,48.5188921],[-122.9751837,48.5189074],[-122.9742949,48.5192421],[-122.9737202,48.5195954],[-122.9736113,48.5196341],[-122.9735054,48.5197462],[-122.9728938,48.5201002],[-122.9728263,48.5202483],[-122.9719524,48.520497]]},"properties":{"OBJECTID_1":163,"OBJECTID":163,"ID":1,"SITECODE":"sjs0141","SITECODE1":" ","ISLAND":"San Juan","LENGTH":1467.43,"SITE":" ","LINK1":" ","LINK2":" ","LINK3":" ","SAMP_SIZE":18,"MEAN":20.7800007,"ST_DEV":4.07999992,"MAX_":27.7000008,"MIN_":15,"COMMENTS":" ","Shape_Leng":1467.42972174,"Shape_Length":1467.4296917824113}},{"type":"Feature","id":164,"geometry":{"type":"LineString","coordinates":[[-122.9709337,48.522572],[-122.9710754,48.5228754],[-122.9711577,48.523082],[-122.9714508,48.5234804],[-122.9714947,48.523651],[-122.9714615,48.5237373]]},"properties":{"OBJECTID_1":164,"OBJECTID":164,"ID":1,"SITECODE":"sjs0141","SITECODE1":" ","ISLAND":"San Juan","LENGTH":451.237,"SITE":" ","LINK1":" ","LINK2":" ","LINK3":" ","SAMP_SIZE":18,"MEAN":20.7800007,"ST_DEV":4.07999992,"MAX_":27.7000008,"MIN_":15,"COMMENTS":" ","Shape_Leng":451.236965442,"Shape_Length":451.23692413645955}},{"type":"Feature","id":165,"geometry":{"type":"LineString","coordinates":[[-122.9718523,48.526031],[-122.9714754,48.5262705],[-122.971146,48.5263256],[-122.9707629,48.5264183]]},"properties":{"OBJECTID_1":165,"OBJECTID":165,"ID":1,"SITECODE":"sjs0142","SITECODE1":" ","ISLAND":"San Juan","LENGTH":307.504,"SITE":" ","LINK1":" ","LINK2":" ","LINK3":" ","SAMP_SIZE":12,"MEAN":21.2299995,"ST_DEV":4.46999979,"MAX_":26.7000008,"MIN_":12.8999996,"COMMENTS":" ","Shape_Leng":307.504267072,"Shape_Length":307.50424143004784}},{"type":"Feature","id":166,"geometry":{"type":"LineString","coordinates":[[-122.9691631,48.5269374],[-122.9689621,48.5269778],[-122.9688992,48.527236]]},"properties":{"OBJECTID_1":166,"OBJECTID":166,"ID":1,"SITECODE":"sjs0142","SITECODE1":" ","ISLAND":"San Juan","LENGTH":146.307,"SITE":" ","LINK1":" ","LINK2":" ","LINK3":" ","SAMP_SIZE":12,"MEAN":21.2299995,"ST_DEV":4.46999979,"MAX_":26.7000008,"MIN_":12.8999996,"COMMENTS":" ","Shape_Leng":146.307236376,"Shape_Length":146.3069034666857}},{"type":"Feature","id":167,"geometry":{"type":"LineString","coordinates":[[-122.9679821,48.5286604],[-122.9686741,48.5284641],[-122.9697947,48.5288229],[-122.969851,48.5292869],[-122.970275,48.5292913]]},"properties":{"OBJECTID_1":167,"OBJECTID":167,"ID":1,"SITECODE":"sjs0142","SITECODE1":" ","ISLAND":"San Juan","LENGTH":756.396,"SITE":" ","LINK1":" ","LINK2":" ","LINK3":" ","SAMP_SIZE":12,"MEAN":21.2299995,"ST_DEV":4.46999979,"MAX_":26.7000008,"MIN_":12.8999996,"COMMENTS":" ","Shape_Leng":756.395622023,"Shape_Length":756.3958213381669}},{"type":"Feature","id":168,"geometry":{"type":"LineString","coordinates":[[-122.9728227,48.5307253],[-122.9736636,48.5305628],[-122.9740815,48.5304205],[-122.9744282,48.5303406],[-122.9749617,48.5303185],[-122.9752584,48.530362],[-122.9755218,48.5304918],[-122.9758589,48.5306202],[-122.9762364,48.5308335],[-122.9760262,48.5310944],[-122.9763383,48.5315048],[-122.9762237,48.5318496],[-122.9762283,48.5319597]]},"properties":{"OBJECTID_1":168,"OBJECTID":168,"ID":1,"SITECODE":"sjs0687","SITECODE1":" ","ISLAND":"San Juan","LENGTH":1356.44,"SITE":" ","LINK1":" ","LINK2":" ","LINK3":" ","SAMP_SIZE":18,"MEAN":14.8199997,"ST_DEV":2.4000001,"MAX_":18.5,"MIN_":10.8000002,"COMMENTS":" ","Shape_Leng":1356.44033963,"Shape_Length":1356.4404886206705}},{"type":"Feature","id":169,"geometry":{"type":"LineString","coordinates":[[-122.9755139,48.5329398],[-122.9748627,48.5332333],[-122.9745548,48.5333614],[-122.9742295,48.5335143],[-122.9739814,48.5337514],[-122.9738111,48.534085]]},"properties":{"OBJECTID_1":169,"OBJECTID":169,"ID":1,"SITECODE":"sjs0687","SITECODE1":" ","ISLAND":"San Juan","LENGTH":609.119,"SITE":" ","LINK1":" ","LINK2":" ","LINK3":" ","SAMP_SIZE":18,"MEAN":14.8199997,"ST_DEV":2.4000001,"MAX_":18.5,"MIN_":10.8000002,"COMMENTS":" ","Shape_Leng":609.118844044,"Shape_Length":609.1188049108251}},{"type":"Feature","id":170,"geometry":{"type":"LineString","coordinates":[[-122.9785262,48.5331411],[-122.9786091,48.5333598],[-122.9791779,48.533741]]},"properties":{"OBJECTID_1":170,"OBJECTID":170,"ID":1,"SITECODE":"sjs0144","SITECODE1":" ","ISLAND":"San Juan","LENGTH":278.081,"SITE":" ","LINK1":" ","LINK2":" ","LINK3":" ","SAMP_SIZE":11,"MEAN":16.1599998,"ST_DEV":5.01000023,"MAX_":25.3999996,"MIN_":9.39999962,"COMMENTS":" ","Shape_Leng":278.081105046,"Shape_Length":278.08133224683877}},{"type":"Feature","id":171,"geometry":{"type":"LineString","coordinates":[[-122.9845654,48.5360767],[-122.9846391,48.5360753],[-122.9847501,48.5360855],[-122.9850253,48.5360559],[-122.9852499,48.5361374]]},"properties":{"OBJECTID_1":171,"OBJECTID":171,"ID":1,"SITECODE":"sjs0144","SITECODE1":" ","ISLAND":"San Juan","LENGTH":174.554,"SITE":" ","LINK1":" ","LINK2":" ","LINK3":" ","SAMP_SIZE":11,"MEAN":16.1599998,"ST_DEV":5.01000023,"MAX_":25.3999996,"MIN_":9.39999962,"COMMENTS":" ","Shape_Leng":174.554492005,"Shape_Length":174.55425911654999}},{"type":"Feature","id":172,"geometry":{"type":"LineString","coordinates":[[-122.9864076,48.5364953],[-122.9864572,48.5363597],[-122.9868213,48.5362551],[-122.9872817,48.5362465],[-122.9873907,48.5362078]]},"properties":{"OBJECTID_1":172,"OBJECTID":172,"ID":1,"SITECODE":"sjs0145","SITECODE1":" ","ISLAND":"San Juan","LENGTH":288.562,"SITE":" ","LINK1":" ","LINK2":" ","LINK3":" ","SAMP_SIZE":14,"MEAN":18.1700001,"ST_DEV":5.0999999,"MAX_":24.2999992,"MIN_":10.5,"COMMENTS":" ","Shape_Leng":288.561620866,"Shape_Length":288.56175457798884}},{"type":"Feature","id":173,"geometry":{"type":"LineString","coordinates":[[-122.9887851,48.5360594],[-122.9892204,48.5358922],[-122.9895641,48.535739],[-122.9900546,48.5355707],[-122.9911238,48.5360159],[-122.9923248,48.5356508],[-122.9933285,48.5358524],[-122.9939842,48.5356688],[-122.994504,48.5357571],[-122.9946988,48.5355698],[-122.9950277,48.5355025],[-122.9954977,48.5352857]]},"properties":{"OBJECTID_1":173,"OBJECTID":173,"ID":1,"SITECODE":"sjs0145","SITECODE1":" ","ISLAND":"San Juan","LENGTH":1843.151,"SITE":" ","LINK1":" ","LINK2":" ","LINK3":" ","SAMP_SIZE":14,"MEAN":18.1700001,"ST_DEV":5.0999999,"MAX_":24.2999992,"MIN_":10.5,"COMMENTS":" ","Shape_Leng":1843.15140204,"Shape_Length":1843.15185980857}},{"type":"Feature","id":174,"geometry":{"type":"LineString","coordinates":[[-122.9958358,48.5332599],[-122.9958265,48.5330397]]},"properties":{"OBJECTID_1":174,"OBJECTID":174,"ID":1,"SITECODE":"sjs0146","SITECODE1":" ","ISLAND":"San Juan","LENGTH":80.341,"SITE":" ","LINK1":" ","LINK2":" ","LINK3":" ","SAMP_SIZE":12,"MEAN":11.6800003,"ST_DEV":4.01000023,"MAX_":19.5,"MIN_":6.5999999,"COMMENTS":" ","Shape_Leng":80.3409920748,"Shape_Length":80.34104666113853}},{"type":"Feature","id":175,"geometry":{"type":"LineString","coordinates":[[-122.9960657,48.5325946],[-122.9956311,48.5319051],[-122.9950999,48.5315478],[-122.9953586,48.5311269],[-122.9953697,48.5309553]]},"properties":{"OBJECTID_1":175,"OBJECTID":175,"ID":1,"SITECODE":"sjs0146","SITECODE1":" ","ISLAND":"San Juan","LENGTH":684.384,"SITE":" ","LINK1":" ","LINK2":" ","LINK3":" ","SAMP_SIZE":12,"MEAN":11.6800003,"ST_DEV":4.01000023,"MAX_":19.5,"MIN_":6.5999999,"COMMENTS":" ","Shape_Leng":684.383840092,"Shape_Length":684.3838712565775}},{"type":"Feature","id":176,"geometry":{"type":"LineString","coordinates":[[-122.9961097,48.5297176],[-122.9962392,48.5297274],[-122.9967225,48.5298285],[-122.9970672,48.5296997]]},"properties":{"OBJECTID_1":176,"OBJECTID":176,"ID":1,"SITECODE":"sjs0146","SITECODE1":" ","ISLAND":"San Juan","LENGTH":250.199,"SITE":" ","LINK1":" ","LINK2":" ","LINK3":" ","SAMP_SIZE":12,"MEAN":11.6800003,"ST_DEV":4.01000023,"MAX_":19.5,"MIN_":6.5999999,"COMMENTS":" ","Shape_Leng":250.19868036,"Shape_Length":250.19889757104022}},{"type":"Feature","id":177,"geometry":{"type":"LineString","coordinates":[[-122.9969651,48.5290284],[-122.9969036,48.5288827]]},"properties":{"OBJECTID_1":177,"OBJECTID":177,"ID":1,"SITECODE":"sjs0146","SITECODE1":" ","ISLAND":"San Juan","LENGTH":55.209,"SITE":" ","LINK1":" ","LINK2":" ","LINK3":" ","SAMP_SIZE":12,"MEAN":11.6800003,"ST_DEV":4.01000023,"MAX_":19.5,"MIN_":6.5999999,"COMMENTS":" ","Shape_Leng":55.2092109401,"Shape_Length":55.20928924396058}},{"type":"Feature","id":178,"geometry":{"type":"LineString","coordinates":[[-123.0014594,48.5307191],[-123.0017327,48.5310812],[-123.0026506,48.5314312],[-123.0029514,48.5315724]]},"properties":{"OBJECTID_1":178,"OBJECTID":178,"ID":1,"SITECODE":"sjs0147","SITECODE1":" ","ISLAND":"San Juan","LENGTH":493.475,"SITE":" ","LINK1":" ","LINK2":" ","LINK3":" ","SAMP_SIZE":4,"MEAN":15.0699997,"ST_DEV":6.5,"MAX_":22.6000004,"MIN_":6.80000019,"COMMENTS":" ","Shape_Leng":493.474546845,"Shape_Length":493.47453403432615}},{"type":"Feature","id":179,"geometry":{"type":"LineString","coordinates":[[-123.0071776,48.5339251],[-123.0073344,48.5340235]]},"properties":{"OBJECTID_1":179,"OBJECTID":179,"ID":1,"SITECODE":"sjs0148","SITECODE1":" ","ISLAND":"San Juan","LENGTH":52.273,"SITE":" ","LINK1":" ","LINK2":" ","LINK3":" ","SAMP_SIZE":16,"MEAN":15.5799999,"ST_DEV":4.42000008,"MAX_":22.8999996,"MIN_":6.80000019,"COMMENTS":" ","Shape_Leng":52.2727726816,"Shape_Length":52.27290345235437}},{"type":"Feature","id":180,"geometry":{"type":"LineString","coordinates":[[-123.0075254,48.5341487],[-123.0077868,48.5341849]]},"properties":{"OBJECTID_1":180,"OBJECTID":180,"ID":1,"SITECODE":"sjs0148","SITECODE1":" ","ISLAND":"San Juan","LENGTH":64.695,"SITE":" ","LINK1":" ","LINK2":" ","LINK3":" ","SAMP_SIZE":16,"MEAN":15.5799999,"ST_DEV":4.42000008,"MAX_":22.8999996,"MIN_":6.80000019,"COMMENTS":" ","Shape_Leng":64.6956083278,"Shape_Length":64.6954810222693}},{"type":"Feature","id":181,"geometry":{"type":"LineString","coordinates":[[-123.0081657,48.5342682],[-123.0081,48.5342749]]},"properties":{"OBJECTID_1":181,"OBJECTID":181,"ID":1,"SITECODE":"sjs0148","SITECODE1":" ","ISLAND":"San Juan","LENGTH":16.108,"SITE":" ","LINK1":" ","LINK2":" ","LINK3":" ","SAMP_SIZE":16,"MEAN":15.5799999,"ST_DEV":4.42000008,"MAX_":22.8999996,"MIN_":6.80000019,"COMMENTS":" ","Shape_Leng":16.1082421553,"Shape_Length":16.10824645385221}},{"type":"Feature","id":182,"geometry":{"type":"LineString","coordinates":[[-123.0085098,48.5342124],[-123.0085866,48.5341753]]},"properties":{"OBJECTID_1":182,"OBJECTID":182,"ID":1,"SITECODE":"sjs0148","SITECODE1":" ","ISLAND":"San Juan","LENGTH":22.998,"SITE":" ","LINK1":" ","LINK2":" ","LINK3":" ","SAMP_SIZE":16,"MEAN":15.5799999,"ST_DEV":4.42000008,"MAX_":22.8999996,"MIN_":6.80000019,"COMMENTS":" ","Shape_Leng":22.9981713176,"Shape_Length":22.99811161156655}},{"type":"Feature","id":183,"geometry":{"type":"LineString","coordinates":[[-123.0086491,48.5341906],[-123.0086869,48.5342063]]},"properties":{"OBJECTID_1":183,"OBJECTID":183,"ID":1,"SITECODE":"sjs0148","SITECODE1":" ","ISLAND":"San Juan","LENGTH":10.806,"SITE":" ","LINK1":" ","LINK2":" ","LINK3":" ","SAMP_SIZE":16,"MEAN":15.5799999,"ST_DEV":4.42000008,"MAX_":22.8999996,"MIN_":6.80000019,"COMMENTS":" ","Shape_Leng":10.8055953344,"Shape_Length":10.805530924225176}},{"type":"Feature","id":184,"geometry":{"type":"LineString","coordinates":[[-123.0091169,48.5342311],[-123.0091093,48.5341491]]},"properties":{"OBJECTID_1":184,"OBJECTID":184,"ID":1,"SITECODE":"sjs0148","SITECODE1":" ","ISLAND":"San Juan","LENGTH":29.986,"SITE":" ","LINK1":" ","LINK2":" ","LINK3":" ","SAMP_SIZE":16,"MEAN":15.5799999,"ST_DEV":4.42000008,"MAX_":22.8999996,"MIN_":6.80000019,"COMMENTS":" ","Shape_Leng":29.9863066604,"Shape_Length":29.986391377155176}},{"type":"Feature","id":185,"geometry":{"type":"LineString","coordinates":[[-123.0135539,48.5353261],[-123.0137126,48.5352696]]},"properties":{"OBJECTID_1":185,"OBJECTID":185,"ID":1,"SITECODE":"sjs0148","SITECODE1":" ","ISLAND":"San Juan","LENGTH":43.629,"SITE":" ","LINK1":" ","LINK2":" ","LINK3":" ","SAMP_SIZE":16,"MEAN":15.5799999,"ST_DEV":4.42000008,"MAX_":22.8999996,"MIN_":6.80000019,"COMMENTS":" ","Shape_Leng":43.628927686,"Shape_Length":43.62862149952049}},{"type":"Feature","id":186,"geometry":{"type":"LineString","coordinates":[[-123.014081,48.5359743],[-123.0142996,48.5358097],[-123.0144774,48.5356351],[-123.0146435,48.5355624]]},"properties":{"OBJECTID_1":186,"OBJECTID":186,"ID":1,"SITECODE":"sjs0148","SITECODE1":" ","ISLAND":"San Juan","LENGTH":205.171,"SITE":" ","LINK1":" ","LINK2":" ","LINK3":" ","SAMP_SIZE":16,"MEAN":15.5799999,"ST_DEV":4.42000008,"MAX_":22.8999996,"MIN_":6.80000019,"COMMENTS":" ","Shape_Leng":205.171418777,"Shape_Length":205.17130723898003}},{"type":"Feature","id":187,"geometry":{"type":"LineString","coordinates":[[-123.0158182,48.5376002],[-123.0156781,48.5375279]]},"properties":{"OBJECTID_1":187,"OBJECTID":187,"ID":1,"SITECODE":"sjs0149","SITECODE1":" ","ISLAND":"San Juan","LENGTH":42.969,"SITE":" ","LINK1":" ","LINK2":" ","LINK3":" ","SAMP_SIZE":26,"MEAN":15.6899996,"ST_DEV":2.24000001,"MAX_":20.2999992,"MIN_":11.1999998,"COMMENTS":" ","Shape_Leng":42.9694279494,"Shape_Length":42.96969905272276}},{"type":"Feature","id":188,"geometry":{"type":"LineString","coordinates":[[-123.0160513,48.537965],[-123.0159851,48.5379234]]},"properties":{"OBJECTID_1":188,"OBJECTID":188,"ID":1,"SITECODE":"sjs0149","SITECODE1":" ","ISLAND":"San Juan","LENGTH":22.075,"SITE":" ","LINK1":" ","LINK2":" ","LINK3":" ","SAMP_SIZE":26,"MEAN":15.6899996,"ST_DEV":2.24000001,"MAX_":20.2999992,"MIN_":11.1999998,"COMMENTS":" ","Shape_Leng":22.0747649865,"Shape_Length":22.07477168361635}},{"type":"Feature","id":189,"geometry":{"type":"LineString","coordinates":[[-123.016453,48.5383159],[-123.0163615,48.5382481]]},"properties":{"OBJECTID_1":189,"OBJECTID":189,"ID":1,"SITECODE":"sjs0149","SITECODE1":" ","ISLAND":"San Juan","LENGTH":33.227,"SITE":" ","LINK1":" ","LINK2":" ","LINK3":" ","SAMP_SIZE":26,"MEAN":15.6899996,"ST_DEV":2.24000001,"MAX_":20.2999992,"MIN_":11.1999998,"COMMENTS":" ","Shape_Leng":33.2268404962,"Shape_Length":33.22694582359145}},{"type":"Feature","id":190,"geometry":{"type":"LineString","coordinates":[[-123.00659,48.5367692],[-123.0067774,48.5369128],[-123.0076128,48.5371379],[-123.0077272,48.5372227],[-123.0084261,48.5373165],[-123.0087104,48.5373714],[-123.0089248,48.537675]]},"properties":{"OBJECTID_1":190,"OBJECTID":190,"ID":1,"SITECODE":"sjs0682","SITECODE1":" ","ISLAND":"San Juan","LENGTH":696.121,"SITE":" ","LINK1":" ","LINK2":" ","LINK3":" ","SAMP_SIZE":15,"MEAN":14.0600004,"ST_DEV":5.26999998,"MAX_":23.7999992,"MIN_":8.80000019,"COMMENTS":" ","Shape_Leng":696.121373482,"Shape_Length":696.1214573488065}},{"type":"Feature","id":191,"geometry":{"type":"LineString","coordinates":[[-123.0089974,48.5379612],[-123.0090307,48.5380342],[-123.0090671,48.5381806],[-123.0094982,48.5386073],[-123.0095904,48.5388797],[-123.0095132,48.5391955],[-123.0104453,48.5400341],[-123.0104369,48.5400744],[-123.0102391,48.5401583],[-123.0096185,48.5404843]]},"properties":{"OBJECTID_1":191,"OBJECTID":191,"ID":1,"SITECODE":"sjs0682","SITECODE1":" ","ISLAND":"San Juan","LENGTH":1131.64,"SITE":" ","LINK1":" ","LINK2":" ","LINK3":" ","SAMP_SIZE":15,"MEAN":14.0600004,"ST_DEV":5.26999998,"MAX_":23.7999992,"MIN_":8.80000019,"COMMENTS":" ","Shape_Leng":1131.63977965,"Shape_Length":1131.6402389991542}},{"type":"Feature","id":192,"geometry":{"type":"LineString","coordinates":[[-123.0080927,48.5408407],[-123.0079055,48.5409378],[-123.0077568,48.5409941],[-123.0072898,48.5411433],[-123.0069309,48.5412303],[-123.0063305,48.5413218],[-123.0059539,48.5412286],[-123.0058814,48.5411831],[-123.0058682,48.5411098],[-123.0063809,48.5410868],[-123.0067918,48.541039],[-123.007151,48.5409587],[-123.0073617,48.5409413],[-123.0074204,48.5409001],[-123.007708,48.5407944],[-123.0079998,48.5407889],[-123.0081027,48.5408405]]},"properties":{"OBJECTID_1":192,"OBJECTID":192,"ID":1,"SITECODE":"sjs0683","SITECODE1":" ","ISLAND":"San Juan","LENGTH":1186.213,"SITE":" ","LINK1":" ","LINK2":" ","LINK3":" ","SAMP_SIZE":21,"MEAN":18.5300007,"ST_DEV":4.78999996,"MAX_":27.2999992,"MIN_":10.8999996,"COMMENTS":" ","Shape_Leng":1186.21250752,"Shape_Length":1186.2121508486512}},{"type":"Feature","id":193,"geometry":{"type":"LineString","coordinates":[[-123.0041574,48.540667],[-123.0039616,48.5405637]]},"properties":{"OBJECTID_1":193,"OBJECTID":193,"ID":1,"SITECODE":"sjs0683","SITECODE1":" ","ISLAND":"San Juan","LENGTH":60.582,"SITE":" ","LINK1":" ","LINK2":" ","LINK3":" ","SAMP_SIZE":21,"MEAN":18.5300007,"ST_DEV":4.78999996,"MAX_":27.2999992,"MIN_":10.8999996,"COMMENTS":" ","Shape_Leng":60.5816780733,"Shape_Length":60.581619727668745}},{"type":"Feature","id":194,"geometry":{"type":"LineString","coordinates":[[-123.0026342,48.5394248],[-123.0024223,48.5394154],[-123.0022869,48.539311],[-123.0022148,48.5392722],[-123.002011,48.5392158],[-123.001394,48.5391538],[-123.0012707,48.5390959],[-123.0012808,48.5390957]]},"properties":{"OBJECTID_1":194,"OBJECTID":194,"ID":1,"SITECODE":"sjs0683","SITECODE1":" ","ISLAND":"San Juan","LENGTH":367.902,"SITE":" ","LINK1":" ","LINK2":" ","LINK3":" ","SAMP_SIZE":21,"MEAN":18.5300007,"ST_DEV":4.78999996,"MAX_":27.2999992,"MIN_":10.8999996,"COMMENTS":" ","Shape_Leng":367.901776449,"Shape_Length":367.9019282008585}},{"type":"Feature","id":195,"geometry":{"type":"LineString","coordinates":[[-123.0009088,48.5388753],[-123.0008998,48.5386614],[-123.0005858,48.5386205],[-123.0003368,48.5386853],[-122.9997381,48.5383421],[-122.9997344,48.5382552],[-122.9996725,48.5379822],[-122.9997031,48.5377542],[-122.9994606,48.5374979],[-122.9992428,48.5373482],[-122.9989948,48.537199]]},"properties":{"OBJECTID_1":195,"OBJECTID":195,"ID":1,"SITECODE":"sjs0683","SITECODE1":" ","ISLAND":"San Juan","LENGTH":895.422,"SITE":" ","LINK1":" ","LINK2":" ","LINK3":" ","SAMP_SIZE":21,"MEAN":18.5300007,"ST_DEV":4.78999996,"MAX_":27.2999992,"MIN_":10.8999996,"COMMENTS":" ","Shape_Leng":895.4215204,"Shape_Length":895.4215530260261}},{"type":"Feature","id":196,"geometry":{"type":"LineString","coordinates":[[-122.997972,48.53469],[-122.998333,48.5344158],[-122.9986714,48.5343225],[-122.9988411,48.5342859],[-122.9994005,48.5344159],[-122.9999102,48.5343261],[-123.0000109,48.5343242],[-123.0001638,48.5343682]]},"properties":{"OBJECTID_1":196,"OBJECTID":196,"ID":1,"SITECODE":"sjs0684","SITECODE1":" ","ISLAND":"San Juan","LENGTH":601.019,"SITE":" ","LINK1":" ","LINK2":" ","LINK3":" ","SAMP_SIZE":15,"MEAN":17.3999996,"ST_DEV":5.48999977,"MAX_":25.5,"MIN_":5.4000001,"COMMENTS":" ","Shape_Leng":601.019490989,"Shape_Length":601.0195633393815}},{"type":"Feature","id":197,"geometry":{"type":"LineString","coordinates":[[-123.0040584,48.5354924],[-123.0043056,48.5356215],[-123.0050363,48.535755],[-123.00562,48.5362189],[-123.00591,48.5364074],[-123.0066104,48.5367755]]},"properties":{"OBJECTID_1":197,"OBJECTID":197,"ID":1,"SITECODE":"sjs0682","SITECODE1":" ","ISLAND":"San Juan","LENGTH":795.079,"SITE":" ","LINK1":" ","LINK2":" ","LINK3":" ","SAMP_SIZE":15,"MEAN":14.0600004,"ST_DEV":5.26999998,"MAX_":23.7999992,"MIN_":8.80000019,"COMMENTS":" ","Shape_Leng":795.079191724,"Shape_Length":795.0790691720754}},{"type":"Feature","id":198,"geometry":{"type":"LineString","coordinates":[[-123.0161455,48.5404618],[-123.0160642,48.5405254],[-123.0159694,48.5407133],[-123.0158714,48.541044],[-123.0157946,48.5412129],[-123.015823,48.5414419],[-123.0158251,48.5417087],[-123.0158971,48.5418624],[-123.0159864,48.5419848]]},"properties":{"OBJECTID_1":198,"OBJECTID":198,"ID":1,"SITECODE":"sjs0149","SITECODE1":" ","ISLAND":"San Juan","LENGTH":579.566,"SITE":" ","LINK1":" ","LINK2":" ","LINK3":" ","SAMP_SIZE":26,"MEAN":15.6899996,"ST_DEV":2.24000001,"MAX_":20.2999992,"MIN_":11.1999998,"COMMENTS":" ","Shape_Leng":579.566048681,"Shape_Length":579.566222441102}},{"type":"Feature","id":199,"geometry":{"type":"LineString","coordinates":[[-123.0162431,48.5423088],[-123.0163023,48.5423821],[-123.0162265,48.542793],[-123.0162637,48.5430095],[-123.0161381,48.5431297]]},"properties":{"OBJECTID_1":199,"OBJECTID":199,"ID":1,"SITECODE":"sjs0149","SITECODE1":" ","ISLAND":"San Juan","LENGTH":314.252,"SITE":" ","LINK1":" ","LINK2":" ","LINK3":" ","SAMP_SIZE":26,"MEAN":15.6899996,"ST_DEV":2.24000001,"MAX_":20.2999992,"MIN_":11.1999998,"COMMENTS":" ","Shape_Leng":314.251607636,"Shape_Length":314.2516748859156}},{"type":"Feature","id":200,"geometry":{"type":"LineString","coordinates":[[-123.014171,48.5445441],[-123.0140867,48.5445394],[-123.0136644,48.5447149],[-123.0130644,48.5448875],[-123.0128296,48.545078],[-123.0126151,48.5450883],[-123.0124772,48.5451405]]},"properties":{"OBJECTID_1":200,"OBJECTID":200,"ID":1,"SITECODE":"sjs0149","SITECODE1":" ","ISLAND":"San Juan","LENGTH":479.914,"SITE":" ","LINK1":" ","LINK2":" ","LINK3":" ","SAMP_SIZE":26,"MEAN":15.6899996,"ST_DEV":2.24000001,"MAX_":20.2999992,"MIN_":11.1999998,"COMMENTS":" ","Shape_Leng":479.91436371,"Shape_Length":479.9142293793392}},{"type":"Feature","id":201,"geometry":{"type":"LineString","coordinates":[[-123.0119628,48.5453487],[-123.0118166,48.5454259],[-123.0114408,48.5453771],[-123.0109502,48.5454856],[-123.0106509,48.5454788],[-123.0102219,48.5457164],[-123.0099509,48.5457153],[-123.0095846,48.5458897],[-123.0093421,48.5459005],[-123.0090548,48.5459555],[-123.0088385,48.5459223],[-123.0087429,48.5460916],[-123.0087151,48.5460983]]},"properties":{"OBJECTID_1":201,"OBJECTID":201,"ID":1,"SITECODE":"sjs0150","SITECODE1":" ","ISLAND":"San Juan","LENGTH":904.165,"SITE":" ","LINK1":" ","LINK2":" ","LINK3":" ","SAMP_SIZE":18,"MEAN":18.6299992,"ST_DEV":3.55999994,"MAX_":24.7000008,"MIN_":12.6999998,"COMMENTS":" ","Shape_Leng":904.16471339,"Shape_Length":904.1645246731471}},{"type":"Feature","id":202,"geometry":{"type":"LineString","coordinates":[[-123.0063097,48.5486375],[-123.0063222,48.5487117],[-123.0063699,48.5487356],[-123.0063824,48.5488098],[-123.0064448,48.5489576],[-123.0061795,48.5490928],[-123.00616,48.5492917]]},"properties":{"OBJECTID_1":202,"OBJECTID":202,"ID":1,"SITECODE":"sjs0150","SITECODE1":" ","ISLAND":"San Juan","LENGTH":278.667,"SITE":" ","LINK1":" ","LINK2":" ","LINK3":" ","SAMP_SIZE":18,"MEAN":18.6299992,"ST_DEV":3.55999994,"MAX_":24.7000008,"MIN_":12.6999998,"COMMENTS":" ","Shape_Leng":278.666183492,"Shape_Length":278.6660852067585}},{"type":"Feature","id":203,"geometry":{"type":"LineString","coordinates":[[-123.0106263,48.5560819],[-123.0106144,48.5564606],[-123.0108377,48.5566549],[-123.0108992,48.5570012],[-123.0108475,48.5573248],[-123.0110963,48.5576799],[-123.0112539,48.5580864],[-123.0113328,48.5581842]]},"properties":{"OBJECTID_1":203,"OBJECTID":203,"ID":1,"SITECODE":"sjs0151","SITECODE1":" ","ISLAND":"San Juan","LENGTH":809.739,"SITE":" ","LINK1":" ","LINK2":" ","LINK3":" ","SAMP_SIZE":7,"MEAN":18.6100006,"ST_DEV":4.82000017,"MAX_":25,"MIN_":12,"COMMENTS":" ","Shape_Leng":809.739176161,"Shape_Length":809.7391436485889}},{"type":"Feature","id":204,"geometry":{"type":"LineString","coordinates":[[-123.0116132,48.5588428],[-123.0117277,48.5588965]]},"properties":{"OBJECTID_1":204,"OBJECTID":204,"ID":1,"SITECODE":"sjs0152","SITECODE1":" ","ISLAND":"San Juan","LENGTH":33.937,"SITE":" ","LINK1":" ","LINK2":" ","LINK3":" ","SAMP_SIZE":10,"MEAN":17.9699993,"ST_DEV":4.92000008,"MAX_":25.6000004,"MIN_":11.5,"COMMENTS":" ","Shape_Leng":33.9368448319,"Shape_Length":33.93694000542164}},{"type":"Feature","id":205,"geometry":{"type":"LineString","coordinates":[[-123.013334,48.5601815],[-123.0133724,48.5602056]]},"properties":{"OBJECTID_1":205,"OBJECTID":205,"ID":1,"SITECODE":"sjs0152","SITECODE1":" ","ISLAND":"San Juan","LENGTH":12.798,"SITE":" ","LINK1":" ","LINK2":" ","LINK3":" ","SAMP_SIZE":10,"MEAN":17.9699993,"ST_DEV":4.92000008,"MAX_":25.6000004,"MIN_":11.5,"COMMENTS":" ","Shape_Leng":12.7984291047,"Shape_Length":12.798421547940649}},{"type":"Feature","id":206,"geometry":{"type":"LineString","coordinates":[[-123.0150964,48.5609611],[-123.0151489,48.5610966]]},"properties":{"OBJECTID_1":206,"OBJECTID":206,"ID":1,"SITECODE":"sjs0152","SITECODE1":" ","ISLAND":"San Juan","LENGTH":51.043,"SITE":" ","LINK1":" ","LINK2":" ","LINK3":" ","SAMP_SIZE":10,"MEAN":17.9699993,"ST_DEV":4.92000008,"MAX_":25.6000004,"MIN_":11.5,"COMMENTS":" ","Shape_Leng":51.0434038487,"Shape_Length":51.04348435507424}},{"type":"Feature","id":207,"geometry":{"type":"LineString","coordinates":[[-123.0176023,48.5622974],[-123.0179996,48.5621906],[-123.0182384,48.5623102],[-123.0187502,48.5622571],[-123.0193052,48.5623397],[-123.019683,48.5624318],[-123.01987,48.5626517],[-123.0200192,48.5626426]]},"properties":{"OBJECTID_1":207,"OBJECTID":207,"ID":1,"SITECODE":"sjs0152","SITECODE1":" ","ISLAND":"San Juan","LENGTH":665.263,"SITE":" ","LINK1":" ","LINK2":" ","LINK3":" ","SAMP_SIZE":10,"MEAN":17.9699993,"ST_DEV":4.92000008,"MAX_":25.6000004,"MIN_":11.5,"COMMENTS":" ","Shape_Leng":665.263233663,"Shape_Length":665.2629877592602}},{"type":"Feature","id":208,"geometry":{"type":"LineString","coordinates":[[-123.0327414,48.5635373],[-123.0328073,48.5635484]]},"properties":{"OBJECTID_1":208,"OBJECTID":208,"ID":1,"SITECODE":"sjs0153","SITECODE1":" ","ISLAND":"San Juan","LENGTH":16.471,"SITE":" ","LINK1":" ","LINK2":" ","LINK3":" ","SAMP_SIZE":1,"MEAN":14.8999996,"ST_DEV":0,"MAX_":14.8999996,"MIN_":14.8999996,"COMMENTS":" ","Shape_Leng":16.4708898544,"Shape_Length":16.470976837150754}},{"type":"Feature","id":209,"geometry":{"type":"LineString","coordinates":[[-123.0394146,48.5652531],[-123.0401097,48.5653329],[-123.0401791,48.5654246]]},"properties":{"OBJECTID_1":209,"OBJECTID":209,"ID":1,"SITECODE":"sjs0154","SITECODE1":" ","ISLAND":"San Juan","LENGTH":208.276,"SITE":" ","LINK1":" ","LINK2":" ","LINK3":" ","SAMP_SIZE":7,"MEAN":15.5699997,"ST_DEV":4.38000011,"MAX_":22,"MIN_":9.10000038,"COMMENTS":" ","Shape_Leng":208.276434522,"Shape_Length":208.2765594487397}},{"type":"Feature","id":210,"geometry":{"type":"LineString","coordinates":[[-123.0431749,48.5670427],[-123.0433513,48.5672316],[-123.0442577,48.5676548],[-123.0444763,48.5677375]]},"properties":{"OBJECTID_1":210,"OBJECTID":210,"ID":1,"SITECODE":"sjs0154","SITECODE1":" ","ISLAND":"San Juan","LENGTH":410.347,"SITE":" ","LINK1":" ","LINK2":" ","LINK3":" ","SAMP_SIZE":7,"MEAN":15.5699997,"ST_DEV":4.38000011,"MAX_":22,"MIN_":9.10000038,"COMMENTS":" ","Shape_Leng":410.347095723,"Shape_Length":410.34730196984805}},{"type":"Feature","id":211,"geometry":{"type":"LineString","coordinates":[[-123.0464679,48.5686115],[-123.0468248,48.5688653],[-123.0477477,48.5692385],[-123.0479589,48.5695819],[-123.0489869,48.5702199],[-123.0491123,48.5703105]]},"properties":{"OBJECTID_1":211,"OBJECTID":211,"ID":1,"SITECODE":"sjs0155","SITECODE1":" ","ISLAND":"San Juan","LENGTH":909.33,"SITE":" ","LINK1":" ","LINK2":" ","LINK3":" ","SAMP_SIZE":12,"MEAN":21.4500008,"ST_DEV":3.26999998,"MAX_":26.3999996,"MIN_":16.1000004,"COMMENTS":" ","Shape_Leng":909.330409936,"Shape_Length":909.3304195030686}},{"type":"Feature","id":212,"geometry":{"type":"LineString","coordinates":[[-123.049539,48.5708793],[-123.0496792,48.5710938],[-123.0496837,48.5711992]]},"properties":{"OBJECTID_1":212,"OBJECTID":212,"ID":1,"SITECODE":"sjs0155","SITECODE1":" ","ISLAND":"San Juan","LENGTH":123.747,"SITE":" ","LINK1":" ","LINK2":" ","LINK3":" ","SAMP_SIZE":12,"MEAN":21.4500008,"ST_DEV":3.26999998,"MAX_":26.3999996,"MIN_":16.1000004,"COMMENTS":" ","Shape_Leng":123.747286036,"Shape_Length":123.74737293922557}},{"type":"Feature","id":213,"geometry":{"type":"LineString","coordinates":[[-123.0505514,48.5733106],[-123.0505338,48.5735529]]},"properties":{"OBJECTID_1":213,"OBJECTID":213,"ID":1,"SITECODE":"sjs0155","SITECODE1":" ","ISLAND":"San Juan","LENGTH":88.496,"SITE":" ","LINK1":" ","LINK2":" ","LINK3":" ","SAMP_SIZE":12,"MEAN":21.4500008,"ST_DEV":3.26999998,"MAX_":26.3999996,"MIN_":16.1000004,"COMMENTS":" ","Shape_Leng":88.4961853735,"Shape_Length":88.49638522623779}},{"type":"Feature","id":214,"geometry":{"type":"LineString","coordinates":[[-123.0508616,48.5742105],[-123.0509384,48.5742586],[-123.0514265,48.5747332],[-123.0516756,48.5748711],[-123.0524326,48.57508],[-123.0527629,48.5753652],[-123.0528611,48.575475]]},"properties":{"OBJECTID_1":214,"OBJECTID":214,"ID":1,"SITECODE":"sjs0155","SITECODE1":" ","ISLAND":"San Juan","LENGTH":690.059,"SITE":" ","LINK1":" ","LINK2":" ","LINK3":" ","SAMP_SIZE":12,"MEAN":21.4500008,"ST_DEV":3.26999998,"MAX_":26.3999996,"MIN_":16.1000004,"COMMENTS":" ","Shape_Leng":690.05895794,"Shape_Length":690.0591502588505}},{"type":"Feature","id":215,"geometry":{"type":"LineString","coordinates":[[-123.0743782,48.5909549],[-123.0743771,48.5915759]]},"properties":{"OBJECTID_1":215,"OBJECTID":215,"ID":1,"SITECODE":"sjs0158","SITECODE1":" ","ISLAND":"San Juan","LENGTH":226.542,"SITE":" ","LINK1":" ","LINK2":" ","LINK3":" ","SAMP_SIZE":3,"MEAN":19.7999992,"ST_DEV":5.96000004,"MAX_":26.2000008,"MIN_":14.3999996,"COMMENTS":" ","Shape_Leng":226.542088324,"Shape_Length":226.54214069117955}},{"type":"Feature","id":216,"geometry":{"type":"LineString","coordinates":[[-123.0775824,48.5928687],[-123.0778091,48.5928643]]},"properties":{"OBJECTID_1":216,"OBJECTID":216,"ID":1,"SITECODE":"sjs0158","SITECODE1":" ","ISLAND":"San Juan","LENGTH":54.894,"SITE":" ","LINK1":" ","LINK2":" ","LINK3":" ","SAMP_SIZE":3,"MEAN":19.7999992,"ST_DEV":5.96000004,"MAX_":26.2000008,"MIN_":14.3999996,"COMMENTS":" ","Shape_Leng":54.8940800512,"Shape_Length":54.89424715936184}},{"type":"Feature","id":217,"geometry":{"type":"LineString","coordinates":[[-123.07994,48.5924969],[-123.0800797,48.5924164],[-123.0808892,48.5921674],[-123.0814828,48.5923374],[-123.0816259,48.5923346]]},"properties":{"OBJECTID_1":217,"OBJECTID":217,"ID":1,"SITECODE":"sjs0159","SITECODE1":" ","ISLAND":"San Juan","LENGTH":451.835,"SITE":" ","LINK1":" ","LINK2":" ","LINK3":" ","SAMP_SIZE":7,"MEAN":19.0799999,"ST_DEV":2.26999998,"MAX_":21.8999996,"MIN_":15.3999996,"COMMENTS":" ","Shape_Leng":451.835318927,"Shape_Length":451.83511094718693}},{"type":"Feature","id":218,"geometry":{"type":"LineString","coordinates":[[-123.0853751,48.5940675],[-123.0856089,48.5943481]]},"properties":{"OBJECTID_1":218,"OBJECTID":218,"ID":1,"SITECODE":"sjs0159","SITECODE1":" ","ISLAND":"San Juan","LENGTH":116.954,"SITE":" ","LINK1":" ","LINK2":" ","LINK3":" ","SAMP_SIZE":7,"MEAN":19.0799999,"ST_DEV":2.26999998,"MAX_":21.8999996,"MIN_":15.3999996,"COMMENTS":" ","Shape_Leng":116.953884117,"Shape_Length":116.95387704720862}},{"type":"Feature","id":219,"geometry":{"type":"LineString","coordinates":[[-123.0893627,48.5950008],[-123.0894431,48.5950511],[-123.0896203,48.5952291],[-123.0899762,48.5953259],[-123.0900428,48.5953591]]},"properties":{"OBJECTID_1":219,"OBJECTID":219,"ID":1,"SITECODE":"sjs0159","SITECODE1":" ","ISLAND":"San Juan","LENGTH":217.809,"SITE":" ","LINK1":" ","LINK2":" ","LINK3":" ","SAMP_SIZE":7,"MEAN":19.0799999,"ST_DEV":2.26999998,"MAX_":21.8999996,"MIN_":15.3999996,"COMMENTS":" ","Shape_Leng":217.809244664,"Shape_Length":217.8092290226977}},{"type":"Feature","id":220,"geometry":{"type":"LineString","coordinates":[[-123.1014766,48.5988338],[-123.1016393,48.5989775],[-123.1018005,48.5990867],[-123.1017764,48.5994241],[-123.101631,48.5996688]]},"properties":{"OBJECTID_1":220,"OBJECTID":220,"ID":1,"SITECODE":"sjs0161","SITECODE1":" ","ISLAND":"San Juan","LENGTH":340.511,"SITE":" ","LINK1":" ","LINK2":" ","LINK3":" ","SAMP_SIZE":11,"MEAN":23.6000004,"ST_DEV":2.07999992,"MAX_":27.6000004,"MIN_":20.7999992,"COMMENTS":" ","Shape_Leng":340.510439596,"Shape_Length":340.5103345252196}},{"type":"Feature","id":221,"geometry":{"type":"LineString","coordinates":[[-123.1010924,48.6001545],[-123.1010722,48.6002845]]},"properties":{"OBJECTID_1":221,"OBJECTID":221,"ID":1,"SITECODE":"sjs0161","SITECODE1":" ","ISLAND":"San Juan","LENGTH":47.677,"SITE":" ","LINK1":" ","LINK2":" ","LINK3":" ","SAMP_SIZE":11,"MEAN":23.6000004,"ST_DEV":2.07999992,"MAX_":27.6000004,"MIN_":20.7999992,"COMMENTS":" ","Shape_Leng":47.6771083738,"Shape_Length":47.67731626201446}},{"type":"Feature","id":222,"geometry":{"type":"LineString","coordinates":[[-123.1015355,48.6016233],[-123.1017388,48.6018007],[-123.1019555,48.6022803],[-123.1019586,48.6023493],[-123.1016367,48.6033146],[-123.1014874,48.6034731],[-123.1014924,48.6035853]]},"properties":{"OBJECTID_1":222,"OBJECTID":222,"ID":1,"SITECODE":"sjs0161","SITECODE1":" ","ISLAND":"San Juan","LENGTH":758.948,"SITE":" ","LINK1":" ","LINK2":" ","LINK3":" ","SAMP_SIZE":11,"MEAN":23.6000004,"ST_DEV":2.07999992,"MAX_":27.6000004,"MIN_":20.7999992,"COMMENTS":" ","Shape_Leng":758.947614901,"Shape_Length":758.9475692433591}},{"type":"Feature","id":223,"geometry":{"type":"LineString","coordinates":[[-123.0979786,48.6133475],[-123.0981819,48.6135249]]},"properties":{"OBJECTID_1":223,"OBJECTID":223,"ID":1,"SITECODE":"sjs0162","SITECODE1":" ","ISLAND":"San Juan","LENGTH":81.307,"SITE":" ","LINK1":" ","LINK2":" ","LINK3":" ","SAMP_SIZE":7,"MEAN":25.1399994,"ST_DEV":2.61999989,"MAX_":28.2000008,"MIN_":21.1000004,"COMMENTS":" ","Shape_Leng":81.3066861504,"Shape_Length":81.3067845362777}},{"type":"Feature","id":224,"geometry":{"type":"LineString","coordinates":[[-123.0998851,48.6152023],[-123.099802,48.6150916],[-123.1000176,48.6155453],[-123.1002439,48.6159469],[-123.1004082,48.6161252],[-123.1004803,48.616573],[-123.1006756,48.6168629],[-123.100733,48.6169828]]},"properties":{"OBJECTID_1":224,"OBJECTID":224,"ID":1,"SITECODE":"sjs0163","SITECODE1":" ","ISLAND":"San Juan","LENGTH":777.306,"SITE":" ","LINK1":" ","LINK2":" ","LINK3":" ","SAMP_SIZE":5,"MEAN":25.4799995,"ST_DEV":2.19000006,"MAX_":28.7999992,"MIN_":22.7999992,"COMMENTS":" ","Shape_Leng":777.306216684,"Shape_Length":777.3062701105642}},{"type":"Feature","id":225,"geometry":{"type":"LineString","coordinates":[[-123.1048994,48.621005],[-123.1051636,48.6210863],[-123.1056876,48.6214389],[-123.1058346,48.6215224],[-123.1062302,48.621627],[-123.1063666,48.6217625]]},"properties":{"OBJECTID_1":225,"OBJECTID":225,"ID":1,"SITECODE":"sjs0164","SITECODE1":" ","ISLAND":"San Juan","LENGTH":460.316,"SITE":" ","LINK1":" ","LINK2":" ","LINK3":" ","SAMP_SIZE":4,"MEAN":22.2999992,"ST_DEV":5.40999985,"MAX_":25.5,"MIN_":14.1999998,"COMMENTS":" ","Shape_Leng":460.315959499,"Shape_Length":460.3161107840037}},{"type":"Feature","id":226,"geometry":{"type":"LineString","coordinates":[[-123.113773,48.6212803],[-123.1139442,48.6213201]]},"properties":{"OBJECTID_1":226,"OBJECTID":226,"ID":1,"SITECODE":"sjs0164","SITECODE1":" ","ISLAND":"San Juan","LENGTH":43.882,"SITE":" ","LINK1":" ","LINK2":" ","LINK3":" ","SAMP_SIZE":4,"MEAN":22.2999992,"ST_DEV":5.40999985,"MAX_":25.5,"MIN_":14.1999998,"COMMENTS":" ","Shape_Leng":43.882337885,"Shape_Length":43.88244297119046}},{"type":"Feature","id":227,"geometry":{"type":"LineString","coordinates":[[-123.1198734,48.6207369],[-123.1202655,48.6207637],[-123.1206783,48.6206692],[-123.1213461,48.6207424],[-123.1215548,48.6207469]]},"properties":{"OBJECTID_1":227,"OBJECTID":227,"ID":1,"SITECODE":"sjs0165","SITECODE1":" ","ISLAND":"San Juan","LENGTH":415.227,"SITE":" ","LINK1":" ","LINK2":" ","LINK3":" ","SAMP_SIZE":2,"MEAN":22.4500008,"ST_DEV":2.19000006,"MAX_":24,"MIN_":20.8999996,"COMMENTS":" ","Shape_Leng":415.227130305,"Shape_Length":415.2268595457133}},{"type":"Feature","id":228,"geometry":{"type":"LineString","coordinates":[[-123.1318301,48.6206043],[-123.1316395,48.6207118],[-123.1318424,48.6205868],[-123.1320843,48.6204611],[-123.1328596,48.6203161],[-123.1333406,48.6202893],[-123.1340302,48.620267],[-123.1346804,48.6202368],[-123.1349175,48.6202926],[-123.1353763,48.6203526],[-123.1358849,48.6203598]]},"properties":{"OBJECTID_1":228,"OBJECTID":228,"ID":1,"SITECODE":"sjs0166","SITECODE1":" ","ISLAND":"San Juan","LENGTH":1135.114,"SITE":" ","LINK1":" ","LINK2":" ","LINK3":" ","SAMP_SIZE":12,"MEAN":20.25,"ST_DEV":4.19000006,"MAX_":25.1000004,"MIN_":14.8000002,"COMMENTS":" ","Shape_Leng":1135.1143593,"Shape_Length":1135.114279962298}},{"type":"Feature","id":229,"geometry":{"type":"LineString","coordinates":[[-122.9860849,48.6734299],[-122.9858132,48.6729238],[-122.9859295,48.6727144]]},"properties":{"OBJECTID_1":229,"OBJECTID":229,"ID":1,"SITECODE":"sjs0446","SITECODE1":" ","ISLAND":"Orcas","LENGTH":277.351,"SITE":" ","LINK1":" ","LINK2":" ","LINK3":" ","SAMP_SIZE":4,"MEAN":22.0200005,"ST_DEV":1.97000003,"MAX_":24,"MIN_":19.2999992,"COMMENTS":" ","Shape_Leng":277.351390546,"Shape_Length":277.3516518241912}},{"type":"Feature","id":230,"geometry":{"type":"LineString","coordinates":[[-122.9893468,48.6691837],[-122.989363,48.6690729],[-122.9895441,48.6689176]]},"properties":{"OBJECTID_1":230,"OBJECTID":230,"ID":1,"SITECODE":"sjs0446","SITECODE1":" ","ISLAND":"Orcas","LENGTH":112.219,"SITE":" ","LINK1":" ","LINK2":" ","LINK3":" ","SAMP_SIZE":4,"MEAN":22.0200005,"ST_DEV":1.97000003,"MAX_":24,"MIN_":19.2999992,"COMMENTS":" ","Shape_Leng":112.219208675,"Shape_Length":112.21903183266734}},{"type":"Feature","id":231,"geometry":{"type":"LineString","coordinates":[[-122.9897962,48.6679735],[-122.989751,48.6678915],[-122.9898104,48.667324],[-122.9898468,48.667199]]},"properties":{"OBJECTID_1":231,"OBJECTID":231,"ID":1,"SITECODE":"sjs0446","SITECODE1":" ","ISLAND":"Orcas","LENGTH":285.845,"SITE":" ","LINK1":" ","LINK2":" ","LINK3":" ","SAMP_SIZE":4,"MEAN":22.0200005,"ST_DEV":1.97000003,"MAX_":24,"MIN_":19.2999992,"COMMENTS":" ","Shape_Leng":285.845123849,"Shape_Length":285.8449231396989}},{"type":"Feature","id":232,"geometry":{"type":"LineString","coordinates":[[-122.996844,48.6635186],[-122.9968828,48.6634488],[-122.9967895,48.6632157],[-122.9968241,48.6630493]]},"properties":{"OBJECTID_1":232,"OBJECTID":232,"ID":1,"SITECODE":"sjs0445","SITECODE1":" ","ISLAND":"Orcas","LENGTH":176.402,"SITE":" ","LINK1":" ","LINK2":" ","LINK3":" ","SAMP_SIZE":4,"MEAN":21.9500008,"ST_DEV":3.68000007,"MAX_":24.7000008,"MIN_":16.7000008,"COMMENTS":" ","Shape_Leng":176.402234868,"Shape_Length":176.4021431243566}},{"type":"Feature","id":233,"geometry":{"type":"LineString","coordinates":[[-123.0158259,48.6427564],[-123.0159892,48.6426286]]},"properties":{"OBJECTID_1":233,"OBJECTID":233,"ID":1,"SITECODE":"sjs0442","SITECODE1":" ","ISLAND":"Orcas","LENGTH":61.118,"SITE":" ","LINK1":" ","LINK2":" ","LINK3":" ","SAMP_SIZE":2,"MEAN":22.1000004,"ST_DEV":2.68000007,"MAX_":24,"MIN_":20.2000008,"COMMENTS":" ","Shape_Leng":61.1184991697,"Shape_Length":61.11847250479845}},{"type":"Feature","id":234,"geometry":{"type":"LineString","coordinates":[[-123.0189631,48.6395735],[-123.0190518,48.6395113],[-123.019217,48.6391048],[-123.0192572,48.6390973]]},"properties":{"OBJECTID_1":234,"OBJECTID":234,"ID":1,"SITECODE":"sjs0441","SITECODE1":" ","ISLAND":"Orcas","LENGTH":194.907,"SITE":" ","LINK1":" ","LINK2":" ","LINK3":" ","SAMP_SIZE":6,"MEAN":24.2999992,"ST_DEV":2.80999994,"MAX_":28.2000008,"MIN_":20.8999996,"COMMENTS":" ","Shape_Leng":194.906792189,"Shape_Length":194.9067022050664}},{"type":"Feature","id":235,"geometry":{"type":"LineString","coordinates":[[-123.0190657,48.6384151],[-123.0194842,48.6382392],[-123.0199888,48.6377053],[-123.0201162,48.637602]]},"properties":{"OBJECTID_1":235,"OBJECTID":235,"ID":1,"SITECODE":"sjs0441","SITECODE1":" ","ISLAND":"Orcas","LENGTH":398.376,"SITE":" ","LINK1":" ","LINK2":" ","LINK3":" ","SAMP_SIZE":6,"MEAN":24.2999992,"ST_DEV":2.80999994,"MAX_":28.2000008,"MIN_":20.8999996,"COMMENTS":" ","Shape_Leng":398.375954871,"Shape_Length":398.37570095812606}},{"type":"Feature","id":236,"geometry":{"type":"LineString","coordinates":[[-123.0203456,48.6375103],[-123.0205249,48.637433]]},"properties":{"OBJECTID_1":236,"OBJECTID":236,"ID":1,"SITECODE":"sjs0441","SITECODE1":" ","ISLAND":"Orcas","LENGTH":51.722,"SITE":" ","LINK1":" ","LINK2":" ","LINK3":" ","SAMP_SIZE":6,"MEAN":24.2999992,"ST_DEV":2.80999994,"MAX_":28.2000008,"MIN_":20.8999996,"COMMENTS":" ","Shape_Leng":51.7222586266,"Shape_Length":51.72244024749964}},{"type":"Feature","id":237,"geometry":{"type":"LineString","coordinates":[[-123.0306003,48.628183],[-123.0305826,48.6277715],[-123.0306155,48.6273591],[-123.0307911,48.6270196],[-123.0310408,48.6266367],[-123.0310651,48.6263169],[-123.0310861,48.6262156]]},"properties":{"OBJECTID_1":237,"OBJECTID":237,"ID":1,"SITECODE":"sjs0440","SITECODE1":" ","ISLAND":"Orcas","LENGTH":738.095,"SITE":" ","LINK1":" ","LINK2":" ","LINK3":" ","SAMP_SIZE":6,"MEAN":24.4599991,"ST_DEV":3.33999991,"MAX_":27.5,"MIN_":18,"COMMENTS":" ","Shape_Leng":738.094548752,"Shape_Length":738.0944499979762}},{"type":"Feature","id":238,"geometry":{"type":"LineString","coordinates":[[-123.0312717,48.6252288],[-123.0313293,48.6250932],[-123.0313796,48.6247897],[-123.0312627,48.6244306],[-123.0312471,48.6243636],[-123.0312421,48.6242461],[-123.0313039,48.6239171],[-123.0313474,48.6237482],[-123.031296,48.6234383],[-123.0312971,48.6231693],[-123.0312189,48.6228262],[-123.0312468,48.6225904],[-123.0310542,48.6219469],[-123.0310318,48.6217204],[-123.0310846,48.6214757],[-123.0310307,48.6214011],[-123.0310499,48.6212578],[-123.0310466,48.6211822]]},"properties":{"OBJECTID_1":238,"OBJECTID":238,"ID":1,"SITECODE":"sjs0439","SITECODE1":" ","ISLAND":"Orcas","LENGTH":1495.239,"SITE":" ","LINK1":" ","LINK2":" ","LINK3":" ","SAMP_SIZE":19,"MEAN":22.9200001,"ST_DEV":4.48000002,"MAX_":27.5,"MIN_":14.3999996,"COMMENTS":" ","Shape_Leng":1495.23918473,"Shape_Length":1495.239227574468}},{"type":"Feature","id":239,"geometry":{"type":"LineString","coordinates":[[-123.0310593,48.621182],[-123.0308802,48.6208492],[-123.0306685,48.620349],[-123.0305578,48.6201326]]},"properties":{"OBJECTID_1":239,"OBJECTID":239,"ID":1,"SITECODE":"sjs0439","SITECODE1":" ","ISLAND":"Orcas","LENGTH":401.83,"SITE":" ","LINK1":" ","LINK2":" ","LINK3":" ","SAMP_SIZE":19,"MEAN":22.9200001,"ST_DEV":4.48000002,"MAX_":27.5,"MIN_":14.3999996,"COMMENTS":" ","Shape_Leng":401.82943519,"Shape_Length":401.82942976297016}},{"type":"Feature","id":240,"geometry":{"type":"LineString","coordinates":[[-123.022967,48.6092582],[-123.0227637,48.6092452],[-123.0220332,48.6093514],[-123.021438,48.6093626],[-123.0202368,48.6094273]]},"properties":{"OBJECTID_1":240,"OBJECTID":240,"ID":1,"SITECODE":"sjs0437","SITECODE1":" ","ISLAND":"Orcas","LENGTH":665.965,"SITE":" ","LINK1":" ","LINK2":" ","LINK3":" ","SAMP_SIZE":10,"MEAN":19.2099991,"ST_DEV":4.48000002,"MAX_":25.5,"MIN_":12.8000002,"COMMENTS":" ","Shape_Leng":665.965375686,"Shape_Length":665.9654760538085}},{"type":"Feature","id":241,"geometry":{"type":"LineString","coordinates":[[-123.0184079,48.6105207],[-123.0178044,48.6106329]]},"properties":{"OBJECTID_1":241,"OBJECTID":241,"ID":1,"SITECODE":"sjs0437","SITECODE1":" ","ISLAND":"Orcas","LENGTH":151.64,"SITE":" ","LINK1":" ","LINK2":" ","LINK3":" ","SAMP_SIZE":10,"MEAN":19.2099991,"ST_DEV":4.48000002,"MAX_":25.5,"MIN_":12.8000002,"COMMENTS":" ","Shape_Leng":151.640506297,"Shape_Length":151.64048110051283}},{"type":"Feature","id":242,"geometry":{"type":"LineString","coordinates":[[-123.0110033,48.6137106],[-123.0105051,48.6136191],[-123.0100235,48.6136198],[-123.0097326,48.6136336]]},"properties":{"OBJECTID_1":242,"OBJECTID":242,"ID":1,"SITECODE":"sjs0436","SITECODE1":" ","ISLAND":"Orcas","LENGTH":312.122,"SITE":" ","LINK1":" ","LINK2":" ","LINK3":" ","SAMP_SIZE":7,"MEAN":13.6999998,"ST_DEV":3.8499999,"MAX_":18,"MIN_":8.5,"COMMENTS":" ","Shape_Leng":312.122422135,"Shape_Length":312.1225033036212}},{"type":"Feature","id":243,"geometry":{"type":"LineString","coordinates":[[-123.0038499,48.6228287],[-123.0036216,48.6228245]]},"properties":{"OBJECTID_1":243,"OBJECTID":243,"ID":1,"SITECODE":"sjs0435","SITECODE1":" ","ISLAND":"Orcas","LENGTH":55.252,"SITE":" ","LINK1":" ","LINK2":" ","LINK3":" ","SAMP_SIZE":3,"MEAN":2.73000002,"ST_DEV":0.200000003,"MAX_":2.9000001,"MIN_":2.5,"COMMENTS":" ","Shape_Leng":55.2523002906,"Shape_Length":55.25228756588198}},{"type":"Feature","id":244,"geometry":{"type":"LineString","coordinates":[[-123.0027194,48.6188999],[-123.0017632,48.6184723],[-123.0017761,48.6181779],[-123.0017213,48.617784],[-123.0014628,48.6173686],[-123.0013285,48.6168921],[-123.0010955,48.6161821],[-123.0011232,48.6159378],[-123.0009574,48.615319],[-123.000704,48.6150212],[-123.0003381,48.614465]]},"properties":{"OBJECTID_1":244,"OBJECTID":244,"ID":1,"SITECODE":"sjs0434","SITECODE1":" ","ISLAND":"Orcas","LENGTH":1801.433,"SITE":" ","LINK1":" ","LINK2":" ","LINK3":" ","SAMP_SIZE":18,"MEAN":15.0799999,"ST_DEV":2.71000004,"MAX_":20.6000004,"MIN_":10.6999998,"COMMENTS":" ","Shape_Leng":1801.4331782,"Shape_Length":1801.433179814856}},{"type":"Feature","id":245,"geometry":{"type":"LineString","coordinates":[[-122.996077,48.6099222],[-122.9946907,48.6092085],[-122.9944046,48.6090373],[-122.9942452,48.6088638]]},"properties":{"OBJECTID_1":245,"OBJECTID":245,"ID":1,"SITECODE":"sjs0433","SITECODE1":" ","ISLAND":"Orcas","LENGTH":591.943,"SITE":" ","LINK1":" ","LINK2":" ","LINK3":" ","SAMP_SIZE":12,"MEAN":17.8400002,"ST_DEV":3.0999999,"MAX_":21.7000008,"MIN_":13.1999998,"COMMENTS":" ","Shape_Leng":591.943574012,"Shape_Length":591.9435610498625}},{"type":"Feature","id":246,"geometry":{"type":"LineString","coordinates":[[-122.9934788,48.6081217],[-122.9934365,48.6080216],[-122.9933326,48.6076622],[-122.9933044,48.6075955]]},"properties":{"OBJECTID_1":246,"OBJECTID":246,"ID":1,"SITECODE":"sjs0433","SITECODE1":" ","ISLAND":"Orcas","LENGTH":196.707,"SITE":" ","LINK1":" ","LINK2":" ","LINK3":" ","SAMP_SIZE":12,"MEAN":17.8400002,"ST_DEV":3.0999999,"MAX_":21.7000008,"MIN_":13.1999998,"COMMENTS":" ","Shape_Leng":196.706777086,"Shape_Length":196.70694208815962}},{"type":"Feature","id":247,"geometry":{"type":"LineString","coordinates":[[-122.9897402,48.6012242],[-122.9895021,48.6012875],[-122.9889222,48.6013571],[-122.9880961,48.6015994],[-122.9876157,48.6016251],[-122.9862633,48.6014065],[-122.9859042,48.6013039],[-122.9856601,48.6012244]]},"properties":{"OBJECTID_1":247,"OBJECTID":247,"ID":1,"SITECODE":"sjs0432","SITECODE1":" ","ISLAND":"Orcas","LENGTH":1037.075,"SITE":" ","LINK1":" ","LINK2":" ","LINK3":" ","SAMP_SIZE":14,"MEAN":17.6800003,"ST_DEV":4.15999985,"MAX_":22.2000008,"MIN_":10.1999998,"COMMENTS":" ","Shape_Leng":1037.0745469,"Shape_Length":1037.074274188017}},{"type":"Feature","id":248,"geometry":{"type":"LineString","coordinates":[[-122.9845634,48.6010598],[-122.9843847,48.6010295]]},"properties":{"OBJECTID_1":248,"OBJECTID":248,"ID":1,"SITECODE":"sjs0432","SITECODE1":" ","ISLAND":"Orcas","LENGTH":44.625,"SITE":" ","LINK1":" ","LINK2":" ","LINK3":" ","SAMP_SIZE":14,"MEAN":17.6800003,"ST_DEV":4.15999985,"MAX_":22.2000008,"MIN_":10.1999998,"COMMENTS":" ","Shape_Leng":44.6248736962,"Shape_Length":44.62465356231357}},{"type":"Feature","id":249,"geometry":{"type":"LineString","coordinates":[[-122.9775948,48.6013738],[-122.9777552,48.6012699]]},"properties":{"OBJECTID_1":249,"OBJECTID":249,"ID":1,"SITECODE":"sjs0431","SITECODE1":" ","ISLAND":"Orcas","LENGTH":54.223,"SITE":" ","LINK1":" ","LINK2":" ","LINK3":" ","SAMP_SIZE":5,"MEAN":16.7999992,"ST_DEV":3.42000008,"MAX_":20.7000008,"MIN_":11.3999996,"COMMENTS":" ","Shape_Leng":54.2227750062,"Shape_Length":54.2229485529131}},{"type":"Feature","id":250,"geometry":{"type":"LineString","coordinates":[[-122.9769535,48.6057137],[-122.9767439,48.605852],[-122.9764322,48.6059755],[-122.9759264,48.6060016],[-122.9755195,48.6059671],[-122.9755321,48.6059669]]},"properties":{"OBJECTID_1":250,"OBJECTID":250,"ID":1,"SITECODE":"sjs0430","SITECODE1":" ","ISLAND":"Orcas","LENGTH":384.447,"SITE":" ","LINK1":" ","LINK2":" ","LINK3":" ","SAMP_SIZE":5,"MEAN":15.1800003,"ST_DEV":3.3900001,"MAX_":17.8999996,"MIN_":9.5,"COMMENTS":" ","Shape_Leng":384.447604213,"Shape_Length":384.44782729875305}},{"type":"Feature","id":251,"geometry":{"type":"LineString","coordinates":[[-122.9747094,48.6053854],[-122.9746313,48.6053364]]},"properties":{"OBJECTID_1":251,"OBJECTID":251,"ID":1,"SITECODE":"sjs0430","SITECODE1":" ","ISLAND":"Orcas","LENGTH":26.006,"SITE":" ","LINK1":" ","LINK2":" ","LINK3":" ","SAMP_SIZE":5,"MEAN":15.1800003,"ST_DEV":3.3900001,"MAX_":17.8999996,"MIN_":9.5,"COMMENTS":" ","Shape_Leng":26.0063239476,"Shape_Length":26.006305367340328}},{"type":"Feature","id":252,"geometry":{"type":"LineString","coordinates":[[-122.9875813,48.6209801],[-122.9873391,48.6209593],[-122.9872052,48.6209247]]},"properties":{"OBJECTID_1":252,"OBJECTID":252,"ID":1,"SITECODE":"sjs0426","SITECODE1":" ","ISLAND":"Orcas","LENGTH":93.841,"SITE":" ","LINK1":" ","LINK2":" ","LINK3":" ","SAMP_SIZE":2,"MEAN":5.55000019,"ST_DEV":0.629999995,"MAX_":6,"MIN_":5.0999999,"COMMENTS":" ","Shape_Leng":93.841047331,"Shape_Length":93.84100999673657}},{"type":"Feature","id":253,"geometry":{"type":"LineString","coordinates":[[-122.9926104,48.6327798],[-122.9927559,48.6328786],[-122.9930384,48.6331543],[-122.9929117,48.6335001],[-122.9925944,48.6335138]]},"properties":{"OBJECTID_1":253,"OBJECTID":253,"ID":1,"SITECODE":"sjs0424","SITECODE1":" ","ISLAND":"Orcas","LENGTH":378.685,"SITE":" ","LINK1":" ","LINK2":" ","LINK3":" ","SAMP_SIZE":8,"MEAN":5.96999979,"ST_DEV":0.550000012,"MAX_":6.5999999,"MIN_":5.19999981,"COMMENTS":" ","Shape_Leng":378.68468012,"Shape_Length":378.6845211309963}},{"type":"Feature","id":254,"geometry":{"type":"LineString","coordinates":[[-122.9929658,48.6344982],[-122.9928069,48.6343606]]},"properties":{"OBJECTID_1":254,"OBJECTID":254,"ID":1,"SITECODE":"sjs0424","SITECODE1":" ","ISLAND":"Orcas","LENGTH":63.202,"SITE":" ","LINK1":" ","LINK2":" ","LINK3":" ","SAMP_SIZE":8,"MEAN":5.96999979,"ST_DEV":0.550000012,"MAX_":6.5999999,"MIN_":5.19999981,"COMMENTS":" ","Shape_Leng":63.2017575544,"Shape_Length":63.20192690083323}},{"type":"Feature","id":255,"geometry":{"type":"LineString","coordinates":[[-122.9905103,48.6399216],[-122.9902844,48.6398712]]},"properties":{"OBJECTID_1":255,"OBJECTID":255,"ID":1,"SITECODE":"sjs0423","SITECODE1":" ","ISLAND":"Orcas","LENGTH":57.636,"SITE":" ","LINK1":" ","LINK2":" ","LINK3":" ","SAMP_SIZE":2,"MEAN":4.19999981,"ST_DEV":0.280000001,"MAX_":4.4000001,"MIN_":4,"COMMENTS":" ","Shape_Leng":57.6365031949,"Shape_Length":57.63654776338144}},{"type":"Feature","id":256,"geometry":{"type":"LineString","coordinates":[[-122.9875739,48.6420601],[-122.9876004,48.6421299],[-122.987304,48.6423617],[-122.9870189,48.6423046],[-122.9866927,48.6423887]]},"properties":{"OBJECTID_1":256,"OBJECTID":256,"ID":1,"SITECODE":"sjs0422","SITECODE1":" ","ISLAND":"Orcas","LENGTH":293.75,"SITE":" ","LINK1":" ","LINK2":" ","LINK3":" ","SAMP_SIZE":15,"MEAN":7.28000021,"ST_DEV":1.82000005,"MAX_":11.6000004,"MIN_":4.5,"COMMENTS":" ","Shape_Leng":293.75021877,"Shape_Length":293.7500313495683}},{"type":"Feature","id":257,"geometry":{"type":"LineString","coordinates":[[-122.9857165,48.6424224],[-122.9856005,48.6424635],[-122.9852069,48.6426269],[-122.9850821,48.6427385]]},"properties":{"OBJECTID_1":257,"OBJECTID":257,"ID":1,"SITECODE":"sjs0422","SITECODE1":" ","ISLAND":"Orcas","LENGTH":194.786,"SITE":" ","LINK1":" ","LINK2":" ","LINK3":" ","SAMP_SIZE":15,"MEAN":7.28000021,"ST_DEV":1.82000005,"MAX_":11.6000004,"MIN_":4.5,"COMMENTS":" ","Shape_Leng":194.785666969,"Shape_Length":194.78556718841475}},{"type":"Feature","id":258,"geometry":{"type":"LineString","coordinates":[[-122.9840006,48.6425088],[-122.9838833,48.6425188],[-122.9836286,48.642625],[-122.9834073,48.6426837],[-122.9832288,48.6426402]]},"properties":{"OBJECTID_1":258,"OBJECTID":258,"ID":1,"SITECODE":"sjs0422","SITECODE1":" ","ISLAND":"Orcas","LENGTH":204.967,"SITE":" ","LINK1":" ","LINK2":" ","LINK3":" ","SAMP_SIZE":15,"MEAN":7.28000021,"ST_DEV":1.82000005,"MAX_":11.6000004,"MIN_":4.5,"COMMENTS":" ","Shape_Leng":204.966710785,"Shape_Length":204.96666996006755}},{"type":"Feature","id":259,"geometry":{"type":"LineString","coordinates":[[-122.9766975,48.6374456],[-122.9762098,48.6373298],[-122.9757888,48.637119],[-122.9757391,48.6370575]]},"properties":{"OBJECTID_1":259,"OBJECTID":259,"ID":1,"SITECODE":"sjs0421","SITECODE1":" ","ISLAND":"Orcas","LENGTH":278.319,"SITE":" ","LINK1":" ","LINK2":" ","LINK3":" ","SAMP_SIZE":11,"MEAN":9.44999981,"ST_DEV":1.63,"MAX_":12.1000004,"MIN_":7,"COMMENTS":" ","Shape_Leng":278.319453294,"Shape_Length":278.3195208078952}},{"type":"Feature","id":260,"geometry":{"type":"LineString","coordinates":[[-122.9578432,48.6303774],[-122.9577324,48.6302624]]},"properties":{"OBJECTID_1":260,"OBJECTID":260,"ID":1,"SITECODE":"sjs0419","SITECODE1":" ","ISLAND":"Orcas","LENGTH":49.793,"SITE":" ","LINK1":" ","LINK2":" ","LINK3":" ","SAMP_SIZE":2,"MEAN":5.75,"ST_DEV":0.910000026,"MAX_":6.4000001,"MIN_":5.0999999,"COMMENTS":" ","Shape_Leng":49.7927840097,"Shape_Length":49.792837883613046}},{"type":"Feature","id":261,"geometry":{"type":"LineString","coordinates":[[-122.9572033,48.6288671],[-122.9569643,48.6279349],[-122.956744,48.628017],[-122.9564712,48.6279673],[-122.9562532,48.627823],[-122.9561787,48.6277307]]},"properties":{"OBJECTID_1":261,"OBJECTID":261,"ID":1,"SITECODE":"sjs0419","SITECODE1":" ","ISLAND":"Orcas","LENGTH":587.223,"SITE":" ","LINK1":" ","LINK2":" ","LINK3":" ","SAMP_SIZE":2,"MEAN":5.75,"ST_DEV":0.910000026,"MAX_":6.4000001,"MIN_":5.0999999,"COMMENTS":" ","Shape_Leng":587.222410453,"Shape_Length":587.222507824436}},{"type":"Feature","id":262,"geometry":{"type":"LineString","coordinates":[[-122.9561787,48.6277307],[-122.9562019,48.6277225]]},"properties":{"OBJECTID_1":262,"OBJECTID":262,"ID":1,"SITECODE":"sjs0419","SITECODE1":" ","ISLAND":"Orcas","LENGTH":6.365,"SITE":" ","LINK1":" ","LINK2":" ","LINK3":" ","SAMP_SIZE":2,"MEAN":5.75,"ST_DEV":0.910000026,"MAX_":6.4000001,"MIN_":5.0999999,"COMMENTS":" ","Shape_Leng":6.36488700542,"Shape_Length":6.364857929234009}},{"type":"Feature","id":263,"geometry":{"type":"LineString","coordinates":[[-122.9535397,48.6257106],[-122.9535192,48.6255002],[-122.9536697,48.6251541],[-122.9535845,48.6248044],[-122.9535391,48.6245633],[-122.9536006,48.6243436]]},"properties":{"OBJECTID_1":263,"OBJECTID":263,"ID":1,"SITECODE":"sjs0418","SITECODE1":" ","ISLAND":"Orcas","LENGTH":507.724,"SITE":" ","LINK1":" ","LINK2":" ","LINK3":" ","SAMP_SIZE":7,"MEAN":7.73999977,"ST_DEV":2.23000002,"MAX_":11,"MIN_":4.80000019,"COMMENTS":" ","Shape_Leng":507.724228218,"Shape_Length":507.72406916591854}},{"type":"Feature","id":264,"geometry":{"type":"LineString","coordinates":[[-122.9541285,48.6129697],[-122.9540867,48.6128144]]},"properties":{"OBJECTID_1":264,"OBJECTID":264,"ID":1,"SITECODE":"sjs0417","SITECODE1":" ","ISLAND":"Orcas","LENGTH":57.566,"SITE":" ","LINK1":" ","LINK2":" ","LINK3":" ","SAMP_SIZE":2,"MEAN":6.19999981,"ST_DEV":2.25999999,"MAX_":7.80000019,"MIN_":4.5999999,"COMMENTS":" ","Shape_Leng":57.5659186976,"Shape_Length":57.565908905098155}},{"type":"Feature","id":265,"geometry":{"type":"LineString","coordinates":[[-122.9536952,48.6121737],[-122.9538482,48.6118899]]},"properties":{"OBJECTID_1":265,"OBJECTID":265,"ID":1,"SITECODE":"sjs0417","SITECODE1":" ","ISLAND":"Orcas","LENGTH":109.948,"SITE":" ","LINK1":" ","LINK2":" ","LINK3":" ","SAMP_SIZE":2,"MEAN":6.19999981,"ST_DEV":2.25999999,"MAX_":7.80000019,"MIN_":4.5999999,"COMMENTS":" ","Shape_Leng":109.94822503,"Shape_Length":109.94831887712434}},{"type":"Feature","id":266,"geometry":{"type":"LineString","coordinates":[[-122.9531131,48.6097803],[-122.9527849,48.6095288],[-122.9525216,48.6094243]]},"properties":{"OBJECTID_1":266,"OBJECTID":266,"ID":1,"SITECODE":"sjs0416","SITECODE1":" ","ISLAND":"Orcas","LENGTH":195.605,"SITE":" ","LINK1":" ","LINK2":" ","LINK3":" ","SAMP_SIZE":8,"MEAN":15.3100004,"ST_DEV":5.55999994,"MAX_":23.2000008,"MIN_":8.39999962,"COMMENTS":" ","Shape_Leng":195.604709951,"Shape_Length":195.60456837595015}},{"type":"Feature","id":267,"geometry":{"type":"LineString","coordinates":[[-122.9519812,48.6077483],[-122.9521554,48.6074095]]},"properties":{"OBJECTID_1":267,"OBJECTID":267,"ID":1,"SITECODE":"sjs0416","SITECODE1":" ","ISLAND":"Orcas","LENGTH":130.596,"SITE":" ","LINK1":" ","LINK2":" ","LINK3":" ","SAMP_SIZE":8,"MEAN":15.3100004,"ST_DEV":5.55999994,"MAX_":23.2000008,"MIN_":8.39999962,"COMMENTS":" ","Shape_Leng":130.596233366,"Shape_Length":130.59627349252884}},{"type":"Feature","id":268,"geometry":{"type":"LineString","coordinates":[[-122.9539915,48.6079769],[-122.953871,48.6079089]]},"properties":{"OBJECTID_1":268,"OBJECTID":268,"ID":1,"SITECODE":"sjs0416","SITECODE1":" ","ISLAND":"Orcas","LENGTH":38.295,"SITE":" ","LINK1":" ","LINK2":" ","LINK3":" ","SAMP_SIZE":8,"MEAN":15.3100004,"ST_DEV":5.55999994,"MAX_":23.2000008,"MIN_":8.39999962,"COMMENTS":" ","Shape_Leng":38.2952565551,"Shape_Length":38.295081614064436}},{"type":"Feature","id":269,"geometry":{"type":"LineString","coordinates":[[-122.9548758,48.6071646],[-122.9548147,48.6071111],[-122.9542745,48.6068556],[-122.9540544,48.6066567],[-122.9540394,48.6065789]]},"properties":{"OBJECTID_1":269,"OBJECTID":269,"ID":1,"SITECODE":"sjs0416","SITECODE1":" ","ISLAND":"Orcas","LENGTH":303.647,"SITE":" ","LINK1":" ","LINK2":" ","LINK3":" ","SAMP_SIZE":8,"MEAN":15.3100004,"ST_DEV":5.55999994,"MAX_":23.2000008,"MIN_":8.39999962,"COMMENTS":" ","Shape_Leng":303.646365442,"Shape_Length":303.64637548263397}},{"type":"Feature","id":270,"geometry":{"type":"LineString","coordinates":[[-122.9519973,48.6021829],[-122.9518271,48.6020533]]},"properties":{"OBJECTID_1":270,"OBJECTID":270,"ID":1,"SITECODE":"sjs0415","SITECODE1":" ","ISLAND":"Orcas","LENGTH":62.687,"SITE":" ","LINK1":" ","LINK2":" ","LINK3":" ","SAMP_SIZE":2,"MEAN":17.7999992,"ST_DEV":0.699999988,"MAX_":18.2999992,"MIN_":17.2999992,"COMMENTS":" ","Shape_Leng":62.6867043003,"Shape_Length":62.686833939506144}},{"type":"Feature","id":271,"geometry":{"type":"LineString","coordinates":[[-122.951385,48.6016087],[-122.9512472,48.6014083]]},"properties":{"OBJECTID_1":271,"OBJECTID":271,"ID":1,"SITECODE":"sjs0415","SITECODE1":" ","ISLAND":"Orcas","LENGTH":80.359,"SITE":" ","LINK1":" ","LINK2":" ","LINK3":" ","SAMP_SIZE":2,"MEAN":17.7999992,"ST_DEV":0.699999988,"MAX_":18.2999992,"MIN_":17.2999992,"COMMENTS":" ","Shape_Leng":80.3588258419,"Shape_Length":80.3588223644002}},{"type":"Feature","id":272,"geometry":{"type":"LineString","coordinates":[[-122.9452564,48.5971232],[-122.9446904,48.5970945],[-122.9443435,48.5972413]]},"properties":{"OBJECTID_1":272,"OBJECTID":272,"ID":1,"SITECODE":"sjs0414","SITECODE1":" ","ISLAND":"Orcas","LENGTH":236.954,"SITE":" ","LINK1":" ","LINK2":" ","LINK3":" ","SAMP_SIZE":12,"MEAN":19.9899998,"ST_DEV":3.67000008,"MAX_":23.7999992,"MIN_":9.39999962,"COMMENTS":" ","Shape_Leng":236.954378072,"Shape_Length":236.95451953127412}},{"type":"Feature","id":273,"geometry":{"type":"LineString","coordinates":[[-122.944054,48.5973558],[-122.9438917,48.5974134]]},"properties":{"OBJECTID_1":273,"OBJECTID":273,"ID":1,"SITECODE":"sjs0414","SITECODE1":" ","ISLAND":"Orcas","LENGTH":44.554,"SITE":" ","LINK1":" ","LINK2":" ","LINK3":" ","SAMP_SIZE":12,"MEAN":19.9899998,"ST_DEV":3.67000008,"MAX_":23.7999992,"MIN_":9.39999962,"COMMENTS":" ","Shape_Leng":44.5542090379,"Shape_Length":44.55429896086622}},{"type":"Feature","id":274,"geometry":{"type":"LineString","coordinates":[[-122.9434216,48.5974298],[-122.9432081,48.5973868],[-122.9427678,48.5972699],[-122.9417096,48.5972892],[-122.9410244,48.5972236],[-122.9405998,48.5972001],[-122.9398616,48.5972759],[-122.939403,48.5972843],[-122.9383151,48.5971557],[-122.937874,48.5970154]]},"properties":{"OBJECTID_1":274,"OBJECTID":274,"ID":1,"SITECODE":"sjs0414","SITECODE1":" ","ISLAND":"Orcas","LENGTH":1373.138,"SITE":" ","LINK1":" ","LINK2":" ","LINK3":" ","SAMP_SIZE":12,"MEAN":19.9899998,"ST_DEV":3.67000008,"MAX_":23.7999992,"MIN_":9.39999962,"COMMENTS":" ","Shape_Leng":1373.13810301,"Shape_Length":1373.1380653434746}},{"type":"Feature","id":275,"geometry":{"type":"LineString","coordinates":[[-122.9371483,48.5959671],[-122.9370706,48.5957968],[-122.9369885,48.5955173]]},"properties":{"OBJECTID_1":275,"OBJECTID":275,"ID":1,"SITECODE":"sjs0413","SITECODE1":" ","ISLAND":"Orcas","LENGTH":168.795,"SITE":" ","LINK1":" ","LINK2":" ","LINK3":" ","SAMP_SIZE":25,"MEAN":15.8800001,"ST_DEV":4.84000015,"MAX_":24.3999996,"MIN_":5.0999999,"COMMENTS":" ","Shape_Leng":168.795054064,"Shape_Length":168.79478250871364}},{"type":"Feature","id":276,"geometry":{"type":"LineString","coordinates":[[-122.9367387,48.5954516],[-122.9366128,48.5952509],[-122.93666,48.5949691],[-122.9366447,48.5948835],[-122.936636,48.5946729],[-122.9366102,48.5946187],[-122.9364993,48.5944959],[-122.9365748,48.5943306],[-122.9364985,48.5941915]]},"properties":{"OBJECTID_1":276,"OBJECTID":276,"ID":1,"SITECODE":"sjs0413","SITECODE1":" ","ISLAND":"Orcas","LENGTH":481.037,"SITE":" ","LINK1":" ","LINK2":" ","LINK3":" ","SAMP_SIZE":25,"MEAN":15.8800001,"ST_DEV":4.84000015,"MAX_":24.3999996,"MIN_":5.0999999,"COMMENTS":" ","Shape_Leng":481.0366482,"Shape_Length":481.03665988078484}},{"type":"Feature","id":277,"geometry":{"type":"LineString","coordinates":[[-122.9365219,48.5933325],[-122.9361603,48.5934093]]},"properties":{"OBJECTID_1":277,"OBJECTID":277,"ID":1,"SITECODE":"sjs0413","SITECODE1":" ","ISLAND":"Orcas","LENGTH":91.884,"SITE":" ","LINK1":" ","LINK2":" ","LINK3":" ","SAMP_SIZE":25,"MEAN":15.8800001,"ST_DEV":4.84000015,"MAX_":24.3999996,"MIN_":5.0999999,"COMMENTS":" ","Shape_Leng":91.8836827013,"Shape_Length":91.88360029468465}},{"type":"Feature","id":278,"geometry":{"type":"LineString","coordinates":[[-122.9327222,48.5930657],[-122.9324264,48.5930242],[-122.9318483,48.5929879],[-122.931494,48.5929553],[-122.9310303,48.5928388],[-122.9306627,48.5927674],[-122.9304942,48.5926767],[-122.929654,48.5925592],[-122.9295062,48.592398],[-122.9293991,48.5923687]]},"properties":{"OBJECTID_1":278,"OBJECTID":278,"ID":1,"SITECODE":"sjs0413","SITECODE1":" ","ISLAND":"Orcas","LENGTH":870.158,"SITE":" ","LINK1":" ","LINK2":" ","LINK3":" ","SAMP_SIZE":25,"MEAN":15.8800001,"ST_DEV":4.84000015,"MAX_":24.3999996,"MIN_":5.0999999,"COMMENTS":" ","Shape_Leng":870.158083306,"Shape_Length":870.1578313078085}},{"type":"Feature","id":279,"geometry":{"type":"LineString","coordinates":[[-122.9266741,48.5919106],[-122.9266417,48.5919814],[-122.9263774,48.5921345],[-122.9262205,48.5923247],[-122.9257387,48.5923412],[-122.9254029,48.5924721],[-122.9249774,48.5924251],[-122.9248017,48.5924439],[-122.9245887,48.5924165]]},"properties":{"OBJECTID_1":279,"OBJECTID":279,"ID":1,"SITECODE":"sjs0412","SITECODE1":" ","ISLAND":"Orcas","LENGTH":601.979,"SITE":" ","LINK1":" ","LINK2":" ","LINK3":" ","SAMP_SIZE":11,"MEAN":17.7299995,"ST_DEV":3.19000006,"MAX_":22.2999992,"MIN_":14,"COMMENTS":" ","Shape_Leng":601.978965075,"Shape_Length":601.979013693339}},{"type":"Feature","id":280,"geometry":{"type":"LineString","coordinates":[[-122.9116385,48.5916503],[-122.9113096,48.591664],[-122.9103252,48.5917597],[-122.9099505,48.5920942]]},"properties":{"OBJECTID_1":280,"OBJECTID":280,"ID":1,"SITECODE":"sjs0411","SITECODE1":" ","ISLAND":"Orcas","LENGTH":472.604,"SITE":" ","LINK1":" ","LINK2":" ","LINK3":" ","SAMP_SIZE":6,"MEAN":19.7800007,"ST_DEV":2.61999989,"MAX_":22.7000008,"MIN_":15.6999998,"COMMENTS":" ","Shape_Leng":472.603469525,"Shape_Length":472.60345443836394}},{"type":"Feature","id":281,"geometry":{"type":"LineString","coordinates":[[-122.9058519,48.595469],[-122.9055252,48.5952485]]},"properties":{"OBJECTID_1":281,"OBJECTID":281,"ID":1,"SITECODE":"sjs0410","SITECODE1":" ","ISLAND":"Orcas","LENGTH":112.786,"SITE":" ","LINK1":" ","LINK2":" ","LINK3":" ","SAMP_SIZE":15,"MEAN":16.0300007,"ST_DEV":5.63999987,"MAX_":23.3999996,"MIN_":8.5,"COMMENTS":" ","Shape_Leng":112.785723282,"Shape_Length":112.78556987922303}},{"type":"Feature","id":282,"geometry":{"type":"LineString","coordinates":[[-122.9060059,48.5963638],[-122.9059061,48.5962251],[-122.9056846,48.5959871],[-122.9054199,48.5958436],[-122.9053316,48.5956969],[-122.9050733,48.5954205]]},"properties":{"OBJECTID_1":282,"OBJECTID":282,"ID":1,"SITECODE":"sjs0410","SITECODE1":" ","ISLAND":"Orcas","LENGTH":417.117,"SITE":" ","LINK1":" ","LINK2":" ","LINK3":" ","SAMP_SIZE":15,"MEAN":16.0300007,"ST_DEV":5.63999987,"MAX_":23.3999996,"MIN_":8.5,"COMMENTS":" ","Shape_Leng":417.117665072,"Shape_Length":417.11740803010963}},{"type":"Feature","id":283,"geometry":{"type":"LineString","coordinates":[[-122.9042337,48.5938667],[-122.9032279,48.5937285],[-122.9029613,48.5935382],[-122.9025054,48.5933199],[-122.9023037,48.5929879],[-122.9020616,48.5928205],[-122.9020101,48.5927122],[-122.9019612,48.5926662]]},"properties":{"OBJECTID_1":283,"OBJECTID":283,"ID":1,"SITECODE":"sjs0410","SITECODE1":" ","ISLAND":"Orcas","LENGTH":756.611,"SITE":" ","LINK1":" ","LINK2":" ","LINK3":" ","SAMP_SIZE":15,"MEAN":16.0300007,"ST_DEV":5.63999987,"MAX_":23.3999996,"MIN_":8.5,"COMMENTS":" ","Shape_Leng":756.611476877,"Shape_Length":756.6114070770877}},{"type":"Feature","id":284,"geometry":{"type":"LineString","coordinates":[[-122.8931743,48.5909728],[-122.8930075,48.5909211]]},"properties":{"OBJECTID_1":284,"OBJECTID":284,"ID":1,"SITECODE":"sjs0409","SITECODE1":" ","ISLAND":"Orcas","LENGTH":44.554,"SITE":" ","LINK1":" ","LINK2":" ","LINK3":" ","SAMP_SIZE":7,"MEAN":18.9699993,"ST_DEV":4.11999989,"MAX_":23.6000004,"MIN_":13.6000004,"COMMENTS":" ","Shape_Leng":44.5539800647,"Shape_Length":44.55400552463007}},{"type":"Feature","id":285,"geometry":{"type":"LineString","coordinates":[[-122.8928162,48.5908465],[-122.8927094,48.590825]]},"properties":{"OBJECTID_1":285,"OBJECTID":285,"ID":1,"SITECODE":"sjs0409","SITECODE1":" ","ISLAND":"Orcas","LENGTH":27.004,"SITE":" ","LINK1":" ","LINK2":" ","LINK3":" ","SAMP_SIZE":7,"MEAN":18.9699993,"ST_DEV":4.11999989,"MAX_":23.6000004,"MIN_":13.6000004,"COMMENTS":" ","Shape_Leng":27.0038476251,"Shape_Length":27.003701472448817}},{"type":"Feature","id":286,"geometry":{"type":"LineString","coordinates":[[-122.8921274,48.590687],[-122.8912636,48.5902731]]},"properties":{"OBJECTID_1":286,"OBJECTID":286,"ID":1,"SITECODE":"sjs0409","SITECODE1":" ","ISLAND":"Orcas","LENGTH":257.899,"SITE":" ","LINK1":" ","LINK2":" ","LINK3":" ","SAMP_SIZE":7,"MEAN":18.9699993,"ST_DEV":4.11999989,"MAX_":23.6000004,"MIN_":13.6000004,"COMMENTS":" ","Shape_Leng":257.898781771,"Shape_Length":257.89852470704915}},{"type":"Feature","id":287,"geometry":{"type":"LineString","coordinates":[[-122.890858,48.5898432],[-122.8907062,48.5895805]]},"properties":{"OBJECTID_1":287,"OBJECTID":287,"ID":1,"SITECODE":"sjs0409","SITECODE1":" ","ISLAND":"Orcas","LENGTH":102.63,"SITE":" ","LINK1":" ","LINK2":" ","LINK3":" ","SAMP_SIZE":7,"MEAN":18.9699993,"ST_DEV":4.11999989,"MAX_":23.6000004,"MIN_":13.6000004,"COMMENTS":" ","Shape_Leng":102.630477748,"Shape_Length":102.6302503466354}},{"type":"Feature","id":288,"geometry":{"type":"LineString","coordinates":[[-122.8903194,48.5890332],[-122.8901619,48.5889189]]},"properties":{"OBJECTID_1":288,"OBJECTID":288,"ID":1,"SITECODE":"sjs0409","SITECODE1":" ","ISLAND":"Orcas","LENGTH":56.501,"SITE":" ","LINK1":" ","LINK2":" ","LINK3":" ","SAMP_SIZE":7,"MEAN":18.9699993,"ST_DEV":4.11999989,"MAX_":23.6000004,"MIN_":13.6000004,"COMMENTS":" ","Shape_Leng":56.5003360757,"Shape_Length":56.50022423944454}},{"type":"Feature","id":289,"geometry":{"type":"LineString","coordinates":[[-122.8859405,48.5933645],[-122.8857339,48.5934931],[-122.8855572,48.5934884],[-122.8854889,48.5935442],[-122.8853995,48.5936629],[-122.8851465,48.5938078],[-122.884788,48.5939625]]},"properties":{"OBJECTID_1":289,"OBJECTID":289,"ID":1,"SITECODE":"sjs0407","SITECODE1":"sjs0408","ISLAND":"Orcas","LENGTH":370.404,"SITE":" ","LINK1":" ","LINK2":" ","LINK3":" ","SAMP_SIZE":5,"MEAN":12.3999996,"ST_DEV":1.39999998,"MAX_":14,"MIN_":10.6000004,"COMMENTS":" ","Shape_Leng":370.404187013,"Shape_Length":370.4042440963778}},{"type":"Feature","id":290,"geometry":{"type":"LineString","coordinates":[[-122.8647691,48.6098076],[-122.8647391,48.6099408],[-122.8648651,48.6101493],[-122.8647855,48.610221]]},"properties":{"OBJECTID_1":290,"OBJECTID":290,"ID":1,"SITECODE":"sjs0404","SITECODE1":" ","ISLAND":"Orcas","LENGTH":163.548,"SITE":" ","LINK1":" ","LINK2":" ","LINK3":" ","SAMP_SIZE":4,"MEAN":12.4700003,"ST_DEV":0.829999983,"MAX_":13.6000004,"MIN_":11.6000004,"COMMENTS":" ","Shape_Leng":163.548194695,"Shape_Length":163.54793977295068}},{"type":"Feature","id":291,"geometry":{"type":"LineString","coordinates":[[-122.8647215,48.610386],[-122.8646661,48.6104728]]},"properties":{"OBJECTID_1":291,"OBJECTID":291,"ID":1,"SITECODE":"sjs0404","SITECODE1":" ","ISLAND":"Orcas","LENGTH":34.394,"SITE":" ","LINK1":" ","LINK2":" ","LINK3":" ","SAMP_SIZE":4,"MEAN":12.4700003,"ST_DEV":0.829999983,"MAX_":13.6000004,"MIN_":11.6000004,"COMMENTS":" ","Shape_Leng":34.3939554062,"Shape_Length":34.39423273303618}},{"type":"Feature","id":292,"geometry":{"type":"LineString","coordinates":[[-122.9051857,48.6496875],[-122.9053746,48.6498497],[-122.9055581,48.6498778]]},"properties":{"OBJECTID_1":292,"OBJECTID":292,"ID":1,"SITECODE":"sjs0339","SITECODE1":" ","ISLAND":"Orcas","LENGTH":120.295,"SITE":" ","LINK1":" ","LINK2":" ","LINK3":" ","SAMP_SIZE":6,"MEAN":10.2600002,"ST_DEV":1.85000002,"MAX_":12.3000002,"MIN_":7.30000019,"COMMENTS":" ","Shape_Leng":120.295192522,"Shape_Length":120.29534411290022}},{"type":"Feature","id":293,"geometry":{"type":"LineString","coordinates":[[-122.9055789,48.6498908],[-122.9056608,48.6499118]]},"properties":{"OBJECTID_1":293,"OBJECTID":293,"ID":1,"SITECODE":"sjs0339","SITECODE1":" ","ISLAND":"Orcas","LENGTH":21.22,"SITE":" ","LINK1":" ","LINK2":" ","LINK3":" ","SAMP_SIZE":6,"MEAN":10.2600002,"ST_DEV":1.85000002,"MAX_":12.3000002,"MIN_":7.30000019,"COMMENTS":" ","Shape_Leng":21.2198990967,"Shape_Length":21.219950497219763}},{"type":"Feature","id":294,"geometry":{"type":"LineString","coordinates":[[-122.9192889,48.6904095],[-122.9190886,48.6904549],[-122.9188834,48.6903833],[-122.9186349,48.6904881]]},"properties":{"OBJECTID_1":294,"OBJECTID":294,"ID":1,"SITECODE":"sjs0394","SITECODE1":" ","ISLAND":"Orcas","LENGTH":178.355,"SITE":" ","LINK1":" ","LINK2":" ","LINK3":" ","SAMP_SIZE":13,"MEAN":10.71,"ST_DEV":1.50999999,"MAX_":12.6000004,"MIN_":8.10000038,"COMMENTS":" ","Shape_Leng":178.354907425,"Shape_Length":178.3551216568094}},{"type":"Feature","id":295,"geometry":{"type":"LineString","coordinates":[[-122.9097188,48.6925138],[-122.909555,48.6925251],[-122.9092518,48.6925305]]},"properties":{"OBJECTID_1":295,"OBJECTID":295,"ID":1,"SITECODE":"sjs0393","SITECODE1":" ","ISLAND":"Orcas","LENGTH":113.03,"SITE":" ","LINK1":" ","LINK2":" ","LINK3":" ","SAMP_SIZE":8,"MEAN":11.3299999,"ST_DEV":2.8499999,"MAX_":14,"MIN_":7.30000019,"COMMENTS":" ","Shape_Leng":113.029826366,"Shape_Length":113.02968945632233}},{"type":"Feature","id":296,"geometry":{"type":"LineString","coordinates":[[-122.9066525,48.6923258],[-122.9064385,48.6923464],[-122.9061726,48.6923344],[-122.90612,48.6922851],[-122.9056879,48.6922259],[-122.905622,48.6921601],[-122.9053165,48.692107],[-122.905205,48.69154]]},"properties":{"OBJECTID_1":296,"OBJECTID":296,"ID":1,"SITECODE":"sjs0393","SITECODE1":" ","ISLAND":"Orcas","LENGTH":558.908,"SITE":" ","LINK1":" ","LINK2":" ","LINK3":" ","SAMP_SIZE":8,"MEAN":11.3299999,"ST_DEV":2.8499999,"MAX_":14,"MIN_":7.30000019,"COMMENTS":" ","Shape_Leng":558.908093199,"Shape_Length":558.9081088376626}},{"type":"Feature","id":297,"geometry":{"type":"LineString","coordinates":[[-122.8984265,48.6905059],[-122.8983914,48.6905735],[-122.8984739,48.6907394],[-122.8983578,48.6909925],[-122.898454,48.6911832],[-122.8989035,48.6913593],[-122.8988167,48.6917123],[-122.8981827,48.6922842],[-122.8979761,48.6924887],[-122.8962835,48.6931379],[-122.8957584,48.6932811],[-122.8950222,48.6932022],[-122.8939749,48.6923087],[-122.8934789,48.6922338]]},"properties":{"OBJECTID_1":297,"OBJECTID":297,"ID":1,"SITECODE":"sjs0391","SITECODE1":" ","ISLAND":"Orcas","LENGTH":2190.15,"SITE":" ","LINK1":" ","LINK2":" ","LINK3":" ","SAMP_SIZE":19,"MEAN":14,"ST_DEV":1.78999996,"MAX_":18.2000008,"MIN_":9.89999962,"COMMENTS":" ","Shape_Leng":2190.1501791,"Shape_Length":2190.150270587911}},{"type":"Feature","id":298,"geometry":{"type":"LineString","coordinates":[[-122.8887312,48.6885859],[-122.886972,48.6878974],[-122.8867841,48.6876246],[-122.886064,48.6873194]]},"properties":{"OBJECTID_1":298,"OBJECTID":298,"ID":1,"SITECODE":"sjs0390","SITECODE1":" ","ISLAND":"Orcas","LENGTH":809.55,"SITE":" ","LINK1":" ","LINK2":" ","LINK3":" ","SAMP_SIZE":6,"MEAN":12.4099998,"ST_DEV":0.800000012,"MAX_":13.3999996,"MIN_":11.1999998,"COMMENTS":" ","Shape_Leng":809.549868879,"Shape_Length":809.5500386905885}},{"type":"Feature","id":299,"geometry":{"type":"LineString","coordinates":[[-122.8834333,48.6847552],[-122.8833392,48.6846146],[-122.883265,48.6843398]]},"properties":{"OBJECTID_1":299,"OBJECTID":299,"ID":1,"SITECODE":"sjs0390","SITECODE1":" ","ISLAND":"Orcas","LENGTH":157.96,"SITE":" ","LINK1":" ","LINK2":" ","LINK3":" ","SAMP_SIZE":6,"MEAN":12.4099998,"ST_DEV":0.800000012,"MAX_":13.3999996,"MIN_":11.1999998,"COMMENTS":" ","Shape_Leng":157.960020643,"Shape_Length":157.95996107281786}},{"type":"Feature","id":300,"geometry":{"type":"LineString","coordinates":[[-122.8836626,48.680718],[-122.8836589,48.680626],[-122.8835355,48.6803855],[-122.8834988,48.6801017],[-122.8832887,48.6799046],[-122.883153,48.6796727],[-122.8827153,48.6794712],[-122.882456,48.6793084],[-122.8822366,48.6791952],[-122.8821941,48.6790788]]},"properties":{"OBJECTID_1":300,"OBJECTID":300,"ID":1,"SITECODE":"sjs0389","SITECODE1":" ","ISLAND":"Orcas","LENGTH":734.929,"SITE":" ","LINK1":" ","LINK2":" ","LINK3":" ","SAMP_SIZE":5,"MEAN":12.2200003,"ST_DEV":3.27999997,"MAX_":14.8000002,"MIN_":6.80000019,"COMMENTS":" ","Shape_Leng":734.929429485,"Shape_Length":734.9293783420507}},{"type":"Feature","id":301,"geometry":{"type":"LineString","coordinates":[[-122.83613,48.6184563],[-122.835988,48.6183751]]},"properties":{"OBJECTID_1":301,"OBJECTID":301,"ID":1,"SITECODE":"sjs0380","SITECODE1":" ","ISLAND":"Orcas","LENGTH":45.367,"SITE":" ","LINK1":" ","LINK2":" ","LINK3":" ","SAMP_SIZE":5,"MEAN":7.5,"ST_DEV":1.61000001,"MAX_":9.5,"MIN_":5.30000019,"COMMENTS":" ","Shape_Leng":45.3668269732,"Shape_Length":45.36687810320614}},{"type":"Feature","id":302,"geometry":{"type":"LineString","coordinates":[[-122.8308345,48.6163302],[-122.830221,48.6154872],[-122.8302797,48.6150511],[-122.8307371,48.614809],[-122.8307286,48.6145915],[-122.8305856,48.6144852],[-122.8302695,48.6141476]]},"properties":{"OBJECTID_1":302,"OBJECTID":302,"ID":1,"SITECODE":"sjs0379","SITECODE1":" ","ISLAND":"Orcas","LENGTH":919.096,"SITE":" ","LINK1":" ","LINK2":" ","LINK3":" ","SAMP_SIZE":8,"MEAN":9.47000027,"ST_DEV":3.8599999,"MAX_":14.8999996,"MIN_":4.5,"COMMENTS":" ","Shape_Leng":919.096195631,"Shape_Length":919.0964161372647}},{"type":"Feature","id":303,"geometry":{"type":"LineString","coordinates":[[-122.8291714,48.6012386],[-122.8293602,48.601227],[-122.8291588,48.6012388],[-122.8290121,48.6013585],[-122.8286946,48.6013054],[-122.8284354,48.6014521],[-122.8282453,48.6014302]]},"properties":{"OBJECTID_1":303,"OBJECTID":303,"ID":1,"SITECODE":"sjs0377","SITECODE1":" ","ISLAND":"Orcas","LENGTH":359.431,"SITE":" ","LINK1":" ","LINK2":" ","LINK3":" ","SAMP_SIZE":12,"MEAN":14.3000002,"ST_DEV":6.88999987,"MAX_":23,"MIN_":5.19999981,"COMMENTS":" ","Shape_Leng":359.430742803,"Shape_Length":359.430461769353}},{"type":"Feature","id":304,"geometry":{"type":"LineString","coordinates":[[-122.8236042,48.6001795],[-122.8234475,48.6003663]]},"properties":{"OBJECTID_1":304,"OBJECTID":304,"ID":1,"SITECODE":"sjs0377","SITECODE1":" ","ISLAND":"Orcas","LENGTH":77.983,"SITE":" ","LINK1":" ","LINK2":" ","LINK3":" ","SAMP_SIZE":0,"MEAN":0,"ST_DEV":0,"MAX_":0,"MIN_":0,"COMMENTS":" ","Shape_Leng":77.9826072862,"Shape_Length":77.98242157519674}},{"type":"Feature","id":305,"geometry":{"type":"LineString","coordinates":[[-122.8227026,48.6009983],[-122.8222659,48.6011229],[-122.8217499,48.6011569]]},"properties":{"OBJECTID_1":305,"OBJECTID":305,"ID":1,"SITECODE":"sjs0377","SITECODE1":" ","ISLAND":"Orcas","LENGTH":240.491,"SITE":" ","LINK1":" ","LINK2":" ","LINK3":" ","SAMP_SIZE":12,"MEAN":14.3000002,"ST_DEV":6.88999987,"MAX_":23,"MIN_":5.19999981,"COMMENTS":" ","Shape_Leng":240.491459732,"Shape_Length":240.49142262051652}},{"type":"Feature","id":306,"geometry":{"type":"LineString","coordinates":[[-122.8198559,48.6014403],[-122.8197169,48.6014343],[-122.8196449,48.6015276],[-122.8195835,48.6015705]]},"properties":{"OBJECTID_1":306,"OBJECTID":306,"ID":1,"SITECODE":"sjs0377","SITECODE1":" ","ISLAND":"Orcas","LENGTH":93.524,"SITE":" ","LINK1":" ","LINK2":" ","LINK3":" ","SAMP_SIZE":12,"MEAN":14.3000002,"ST_DEV":6.88999987,"MAX_":23,"MIN_":5.19999981,"COMMENTS":" ","Shape_Leng":93.5234512551,"Shape_Length":93.52367300957677}},{"type":"Feature","id":307,"geometry":{"type":"LineString","coordinates":[[-122.8097842,48.6049175],[-122.8091599,48.6047608],[-122.8091595,48.6047525]]},"properties":{"OBJECTID_1":307,"OBJECTID":307,"ID":1,"SITECODE":"sjs0376","SITECODE1":" ","ISLAND":"Orcas","LENGTH":164.561,"SITE":" ","LINK1":" ","LINK2":" ","LINK3":" ","SAMP_SIZE":16,"MEAN":18.75,"ST_DEV":3.02999997,"MAX_":22.7999992,"MIN_":12.3999996,"COMMENTS":" ","Shape_Leng":164.561025508,"Shape_Length":164.56099686176762}},{"type":"Feature","id":308,"geometry":{"type":"LineString","coordinates":[[-122.8013418,48.6022579],[-122.8011507,48.602211],[-122.8007441,48.6021342],[-122.8005142,48.6020628]]},"properties":{"OBJECTID_1":308,"OBJECTID":308,"ID":1,"SITECODE":"sjs0483","SITECODE1":" ","ISLAND":"Orcas","LENGTH":213.027,"SITE":" ","LINK1":" ","LINK2":" ","LINK3":" ","SAMP_SIZE":4,"MEAN":16.8999996,"ST_DEV":3.22000003,"MAX_":21,"MIN_":13.5,"COMMENTS":" ","Shape_Leng":213.027393679,"Shape_Length":213.02718266279186}},{"type":"Feature","id":309,"geometry":{"type":"LineString","coordinates":[[-122.7991754,48.6030059],[-122.7991912,48.6030893],[-122.7991533,48.6034163],[-122.7992487,48.6035988]]},"properties":{"OBJECTID_1":309,"OBJECTID":309,"ID":1,"SITECODE":"sjs0483","SITECODE1":" ","ISLAND":"Orcas","LENGTH":220.764,"SITE":" ","LINK1":" ","LINK2":" ","LINK3":" ","SAMP_SIZE":4,"MEAN":16.8999996,"ST_DEV":3.22000003,"MAX_":21,"MIN_":13.5,"COMMENTS":" ","Shape_Leng":220.763601191,"Shape_Length":220.76362451935054}},{"type":"Feature","id":310,"geometry":{"type":"LineString","coordinates":[[-122.8004084,48.6055371],[-122.8005791,48.6057099],[-122.8007818,48.6060579],[-122.8016867,48.6062936],[-122.8019948,48.6067569],[-122.8021832,48.6070633]]},"properties":{"OBJECTID_1":310,"OBJECTID":310,"ID":1,"SITECODE":"sjs0482","SITECODE1":" ","ISLAND":"Orcas","LENGTH":752.164,"SITE":" ","LINK1":" ","LINK2":" ","LINK3":" ","SAMP_SIZE":7,"MEAN":18.8099995,"ST_DEV":3.07999992,"MAX_":24.2000008,"MIN_":14.6000004,"COMMENTS":" ","Shape_Leng":752.163729024,"Shape_Length":752.1638838092266}},{"type":"Feature","id":311,"geometry":{"type":"LineString","coordinates":[[-122.8039772,48.6103883],[-122.804037,48.6106299]]},"properties":{"OBJECTID_1":311,"OBJECTID":311,"ID":1,"SITECODE":"sjs0482","SITECODE1":" ","ISLAND":"Orcas","LENGTH":89.337,"SITE":" ","LINK1":" ","LINK2":" ","LINK3":" ","SAMP_SIZE":7,"MEAN":18.8099995,"ST_DEV":3.07999992,"MAX_":24.2000008,"MIN_":14.6000004,"COMMENTS":" ","Shape_Leng":89.3370894623,"Shape_Length":89.33703199673495}},{"type":"Feature","id":312,"geometry":{"type":"LineString","coordinates":[[-122.8045517,48.6112152],[-122.8045507,48.6115165],[-122.8044825,48.6117101],[-122.8044974,48.6120948]]},"properties":{"OBJECTID_1":312,"OBJECTID":312,"ID":1,"SITECODE":"sjs0481","SITECODE1":" ","ISLAND":"Orcas","LENGTH":322.867,"SITE":" ","LINK1":" ","LINK2":" ","LINK3":" ","SAMP_SIZE":14,"MEAN":21.1299992,"ST_DEV":2.07999992,"MAX_":23.7999992,"MIN_":17.3999996,"COMMENTS":" ","Shape_Leng":322.86693932,"Shape_Length":322.8672011045739}},{"type":"Feature","id":313,"geometry":{"type":"LineString","coordinates":[[-122.8045869,48.6127794],[-122.8046402,48.6128538],[-122.8059272,48.6138276],[-122.8062282,48.6144333],[-122.8064258,48.6146475]]},"properties":{"OBJECTID_1":313,"OBJECTID":313,"ID":1,"SITECODE":"sjs0481","SITECODE1":" ","ISLAND":"Orcas","LENGTH":826.721,"SITE":" ","LINK1":" ","LINK2":" ","LINK3":" ","SAMP_SIZE":14,"MEAN":21.1299992,"ST_DEV":2.07999992,"MAX_":23.7999992,"MIN_":17.3999996,"COMMENTS":" ","Shape_Leng":826.721032708,"Shape_Length":826.7209484705696}},{"type":"Feature","id":314,"geometry":{"type":"LineString","coordinates":[[-122.8076812,48.6177389],[-122.8077265,48.6179306],[-122.8077636,48.6182395],[-122.8077245,48.6185331],[-122.8074448,48.6191319],[-122.8072013,48.619362],[-122.8071156,48.6194304],[-122.8066402,48.6198652],[-122.8060659,48.6203519],[-122.8058401,48.6207155]]},"properties":{"OBJECTID_1":314,"OBJECTID":314,"ID":1,"SITECODE":"sjs0480","SITECODE1":" ","ISLAND":"Orcas","LENGTH":1219.907,"SITE":" ","LINK1":" ","LINK2":" ","LINK3":" ","SAMP_SIZE":13,"MEAN":23.2399998,"ST_DEV":1.39999998,"MAX_":25.3999996,"MIN_":20.2999992,"COMMENTS":" ","Shape_Leng":1219.9073948,"Shape_Length":1219.9072631778606}},{"type":"Feature","id":315,"geometry":{"type":"LineString","coordinates":[[-122.8058275,48.6207158],[-122.8052758,48.6211351],[-122.8049307,48.6213502]]},"properties":{"OBJECTID_1":315,"OBJECTID":315,"ID":1,"SITECODE":"sjs0480","SITECODE1":" ","ISLAND":"Orcas","LENGTH":317.575,"SITE":" ","LINK1":" ","LINK2":" ","LINK3":" ","SAMP_SIZE":13,"MEAN":23.2399998,"ST_DEV":1.39999998,"MAX_":25.3999996,"MIN_":20.2999992,"COMMENTS":" ","Shape_Leng":317.575209279,"Shape_Length":317.57516211115797}},{"type":"Feature","id":316,"geometry":{"type":"LineString","coordinates":[[-122.8032412,48.6220483],[-122.8027952,48.622265],[-122.802631,48.6222595],[-122.8024699,48.6223375],[-122.8020941,48.6224108],[-122.8020084,48.6224792],[-122.8017836,48.6225416]]},"properties":{"OBJECTID_1":316,"OBJECTID":316,"ID":1,"SITECODE":"sjs0480","SITECODE1":" ","ISLAND":"Orcas","LENGTH":407.922,"SITE":" ","LINK1":" ","LINK2":" ","LINK3":" ","SAMP_SIZE":13,"MEAN":23.2399998,"ST_DEV":1.39999998,"MAX_":25.3999996,"MIN_":20.2999992,"COMMENTS":" ","Shape_Leng":407.922492472,"Shape_Length":407.92236897954723}},{"type":"Feature","id":317,"geometry":{"type":"LineString","coordinates":[[-122.8007344,48.6234798],[-122.8007185,48.6237227],[-122.8006603,48.6238492],[-122.8006234,48.623875],[-122.8004781,48.6240364],[-122.8004319,48.624146]]},"properties":{"OBJECTID_1":317,"OBJECTID":317,"ID":1,"SITECODE":"sjs0480","SITECODE1":" ","ISLAND":"Orcas","LENGTH":259.994,"SITE":" ","LINK1":" ","LINK2":" ","LINK3":" ","SAMP_SIZE":13,"MEAN":23.2399998,"ST_DEV":1.39999998,"MAX_":25.3999996,"MIN_":20.2999992,"COMMENTS":" ","Shape_Leng":259.994278755,"Shape_Length":259.99420628117025}},{"type":"Feature","id":318,"geometry":{"type":"LineString","coordinates":[[-122.7988445,48.6265157],[-122.7985453,48.6266128],[-122.7983739,48.6267496]]},"properties":{"OBJECTID_1":318,"OBJECTID":318,"ID":1,"SITECODE":"sjs0480","SITECODE1":" ","ISLAND":"Orcas","LENGTH":145.447,"SITE":" ","LINK1":" ","LINK2":" ","LINK3":" ","SAMP_SIZE":13,"MEAN":23.2399998,"ST_DEV":1.39999998,"MAX_":25.3999996,"MIN_":20.2999992,"COMMENTS":" ","Shape_Leng":145.446920163,"Shape_Length":145.4472477168633}},{"type":"Feature","id":319,"geometry":{"type":"LineString","coordinates":[[-122.7972452,48.6279234],[-122.7971711,48.6279665],[-122.7970983,48.6280431]]},"properties":{"OBJECTID_1":319,"OBJECTID":319,"ID":1,"SITECODE":"sjs0480","SITECODE1":" ","ISLAND":"Orcas","LENGTH":56.844,"SITE":" ","LINK1":" ","LINK2":" ","LINK3":" ","SAMP_SIZE":13,"MEAN":23.2399998,"ST_DEV":1.39999998,"MAX_":25.3999996,"MIN_":20.2999992,"COMMENTS":" ","Shape_Leng":56.8436896565,"Shape_Length":56.84364462006134}},{"type":"Feature","id":320,"geometry":{"type":"LineString","coordinates":[[-122.7964331,48.6294517],[-122.7965181,48.6296929],[-122.7965355,48.6298181]]},"properties":{"OBJECTID_1":320,"OBJECTID":320,"ID":1,"SITECODE":"sjs0480","SITECODE1":" ","ISLAND":"Orcas","LENGTH":136.251,"SITE":" ","LINK1":" ","LINK2":" ","LINK3":" ","SAMP_SIZE":13,"MEAN":23.2399998,"ST_DEV":1.39999998,"MAX_":25.3999996,"MIN_":20.2999992,"COMMENTS":" ","Shape_Leng":136.250477553,"Shape_Length":136.250552614813}},{"type":"Feature","id":321,"geometry":{"type":"LineString","coordinates":[[-122.790442,48.6328663],[-122.7901829,48.632695],[-122.7899488,48.6325149],[-122.7896894,48.6323351]]},"properties":{"OBJECTID_1":321,"OBJECTID":321,"ID":1,"SITECODE":"sjs0479","SITECODE1":" ","ISLAND":"Orcas","LENGTH":265.978,"SITE":" ","LINK1":" ","LINK2":" ","LINK3":" ","SAMP_SIZE":12,"MEAN":19.2800007,"ST_DEV":3.02999997,"MAX_":23.6000004,"MIN_":13.3999996,"COMMENTS":" ","Shape_Leng":265.978200285,"Shape_Length":265.97828726562295}},{"type":"Feature","id":322,"geometry":{"type":"LineString","coordinates":[[-122.7860417,48.6336684],[-122.7860478,48.6338273],[-122.7870921,48.6343954],[-122.7879458,48.6342723],[-122.788259,48.6342084],[-122.7887374,48.6341753],[-122.7882641,48.6343422],[-122.7875704,48.6346886],[-122.7864467,48.6346824],[-122.7856395,48.6347044],[-122.7853772,48.6347757]]},"properties":{"OBJECTID_1":322,"OBJECTID":322,"ID":1,"SITECODE":"sjs0478","SITECODE1":" ","ISLAND":"Orcas","LENGTH":1666.842,"SITE":" ","LINK1":" ","LINK2":" ","LINK3":" ","SAMP_SIZE":11,"MEAN":20.7999992,"ST_DEV":2.51999998,"MAX_":24,"MIN_":16.1000004,"COMMENTS":" ","Shape_Leng":1666.84247039,"Shape_Length":1666.842687640785}},{"type":"Feature","id":323,"geometry":{"type":"LineString","coordinates":[[-122.784488,48.6359537],[-122.7845532,48.6363375],[-122.784764,48.6365683],[-122.7848545,48.6369516],[-122.7849337,48.6370424],[-122.7849452,48.6373434],[-122.7850091,48.6376937],[-122.7847715,48.6380826],[-122.7844718,48.6384977],[-122.7842756,48.6386516],[-122.7842306,48.6387946]]},"properties":{"OBJECTID_1":323,"OBJECTID":323,"ID":1,"SITECODE":"sjs0477","SITECODE1":" ","ISLAND":"Orcas","LENGTH":1105.473,"SITE":" ","LINK1":" ","LINK2":" ","LINK3":" ","SAMP_SIZE":16,"MEAN":19.2999992,"ST_DEV":3.5999999,"MAX_":24.7999992,"MIN_":14.1000004,"COMMENTS":" ","Shape_Leng":1105.47267754,"Shape_Length":1105.472642697882}},{"type":"Feature","id":324,"geometry":{"type":"LineString","coordinates":[[-122.783143,48.6394069],[-122.7828542,48.6391189],[-122.782247,48.6390873],[-122.7819499,48.6392429],[-122.7810441,48.639986],[-122.7807055,48.6397156],[-122.7803939,48.6398212]]},"properties":{"OBJECTID_1":324,"OBJECTID":324,"ID":1,"SITECODE":"sjs0477","SITECODE1":" ","ISLAND":"Orcas","LENGTH":926.365,"SITE":" ","LINK1":" ","LINK2":" ","LINK3":" ","SAMP_SIZE":16,"MEAN":19.2999992,"ST_DEV":3.5999999,"MAX_":24.7999992,"MIN_":14.1000004,"COMMENTS":" ","Shape_Leng":926.364568974,"Shape_Length":926.3642466307473}},{"type":"Feature","id":325,"geometry":{"type":"LineString","coordinates":[[-122.7733638,48.6402151],[-122.7727863,48.6403],[-122.7724138,48.6404652],[-122.7722883,48.640484],[-122.7713392,48.6407593]]},"properties":{"OBJECTID_1":325,"OBJECTID":325,"ID":1,"SITECODE":"sjs0476","SITECODE1":" ","ISLAND":"Orcas","LENGTH":533.009,"SITE":" ","LINK1":" ","LINK2":" ","LINK3":" ","SAMP_SIZE":4,"MEAN":24,"ST_DEV":2.26999998,"MAX_":25.5,"MIN_":20.7000008,"COMMENTS":" ","Shape_Leng":533.009346845,"Shape_Length":533.0094087763085}},{"type":"Feature","id":326,"geometry":{"type":"LineString","coordinates":[[-122.7643968,48.6444729],[-122.764359,48.6448082],[-122.7641748,48.6449451]]},"properties":{"OBJECTID_1":326,"OBJECTID":326,"ID":1,"SITECODE":"sjs0475","SITECODE1":" ","ISLAND":"Orcas","LENGTH":189.606,"SITE":" ","LINK1":" ","LINK2":" ","LINK3":" ","SAMP_SIZE":1,"MEAN":21.7999992,"ST_DEV":0,"MAX_":21.7999992,"MIN_":21.7999992,"COMMENTS":" ","Shape_Leng":189.60565852,"Shape_Length":189.60569968395754}},{"type":"Feature","id":327,"geometry":{"type":"LineString","coordinates":[[-122.7551421,48.6518558],[-122.7552102,48.6519885]]},"properties":{"OBJECTID_1":327,"OBJECTID":327,"ID":1,"SITECODE":"sjs0473","SITECODE1":" ","ISLAND":"Orcas","LENGTH":51.156,"SITE":" ","LINK1":" ","LINK2":" ","LINK3":" ","SAMP_SIZE":5,"MEAN":19.2199993,"ST_DEV":4.03999996,"MAX_":23.5,"MIN_":12.6000004,"COMMENTS":" ","Shape_Leng":51.1557897136,"Shape_Length":51.15603577649255}},{"type":"Feature","id":328,"geometry":{"type":"LineString","coordinates":[[-122.7552291,48.6521555],[-122.7552976,48.6522966],[-122.7554683,48.6528042],[-122.7554228,48.6529388]]},"properties":{"OBJECTID_1":328,"OBJECTID":328,"ID":1,"SITECODE":"sjs0473","SITECODE1":" ","ISLAND":"Orcas","LENGTH":294.127,"SITE":" ","LINK1":" ","LINK2":" ","LINK3":" ","SAMP_SIZE":5,"MEAN":19.2199993,"ST_DEV":4.03999996,"MAX_":23.5,"MIN_":12.6000004,"COMMENTS":" ","Shape_Leng":294.12745475,"Shape_Length":294.12728532529235}},{"type":"Feature","id":329,"geometry":{"type":"LineString","coordinates":[[-122.7548062,48.6560115],[-122.7546696,48.6560723],[-122.7542325,48.656205],[-122.7539441,48.65626]]},"properties":{"OBJECTID_1":329,"OBJECTID":329,"ID":1,"SITECODE":"sjs0473","SITECODE1":" ","ISLAND":"Orcas","LENGTH":228.532,"SITE":" ","LINK1":" ","LINK2":" ","LINK3":" ","SAMP_SIZE":5,"MEAN":19.2199993,"ST_DEV":4.03999996,"MAX_":23.5,"MIN_":12.6000004,"COMMENTS":" ","Shape_Leng":228.532239498,"Shape_Length":228.53209842716018}},{"type":"Feature","id":330,"geometry":{"type":"LineString","coordinates":[[-122.7437412,48.6600094],[-122.7435909,48.6600454]]},"properties":{"OBJECTID_1":330,"OBJECTID":330,"ID":1,"SITECODE":"sjs0472","SITECODE1":" ","ISLAND":"Orcas","LENGTH":38.601,"SITE":" ","LINK1":" ","LINK2":" ","LINK3":" ","SAMP_SIZE":1,"MEAN":15.8000002,"ST_DEV":0,"MAX_":15.8000002,"MIN_":15.8000002,"COMMENTS":" ","Shape_Leng":38.6014427676,"Shape_Length":38.60118634761558}},{"type":"Feature","id":331,"geometry":{"type":"LineString","coordinates":[[-122.8867135,48.7134646],[-122.8865166,48.713284],[-122.8861377,48.7129811]]},"properties":{"OBJECTID_1":331,"OBJECTID":331,"ID":1,"SITECODE":"sjs0459","SITECODE1":" ","ISLAND":"Orcas","LENGTH":224.72,"SITE":" ","LINK1":" ","LINK2":" ","LINK3":" ","SAMP_SIZE":7,"MEAN":20.1000004,"ST_DEV":5.53999996,"MAX_":25.8999996,"MIN_":11.6000004,"COMMENTS":" ","Shape_Leng":224.719697514,"Shape_Length":224.71950688355344}},{"type":"Feature","id":332,"geometry":{"type":"LineString","coordinates":[[-122.9694941,48.786344],[-122.9689676,48.7860811],[-122.9690706,48.7860792]]},"properties":{"OBJECTID_1":332,"OBJECTID":332,"ID":1,"SITECODE":"sjs0272","SITECODE1":" ","ISLAND":"Patos","LENGTH":183.955,"SITE":" ","LINK1":" ","LINK2":" ","LINK3":" ","SAMP_SIZE":3,"MEAN":20.4599991,"ST_DEV":2.91000009,"MAX_":23.7999992,"MIN_":18.3999996,"COMMENTS":" ","Shape_Leng":183.954794452,"Shape_Length":183.95494483457708}},{"type":"Feature","id":333,"geometry":{"type":"LineString","coordinates":[[-122.9679013,48.7857327],[-122.9681852,48.7856185],[-122.9688222,48.785566]]},"properties":{"OBJECTID_1":333,"OBJECTID":333,"ID":1,"SITECODE":"sjs0272","SITECODE1":" ","ISLAND":"Patos","LENGTH":234.912,"SITE":" ","LINK1":" ","LINK2":" ","LINK3":" ","SAMP_SIZE":3,"MEAN":20.4599991,"ST_DEV":2.91000009,"MAX_":23.7999992,"MIN_":18.3999996,"COMMENTS":" ","Shape_Leng":234.912039451,"Shape_Length":234.91201396741238}},{"type":"Feature","id":334,"geometry":{"type":"LineString","coordinates":[[-122.9647696,48.7833374],[-122.9637446,48.7829882],[-122.962893,48.7828403]]},"properties":{"OBJECTID_1":334,"OBJECTID":334,"ID":1,"SITECODE":"sjs0273","SITECODE1":" ","ISLAND":"Patos","LENGTH":490.338,"SITE":" ","LINK1":" ","LINK2":" ","LINK3":" ","SAMP_SIZE":7,"MEAN":19.5699997,"ST_DEV":4,"MAX_":23.2000008,"MIN_":12.5,"COMMENTS":" ","Shape_Leng":490.337445547,"Shape_Length":490.33767529003677}},{"type":"Feature","id":335,"geometry":{"type":"LineString","coordinates":[[-122.9602214,48.7825621],[-122.9595353,48.7824247]]},"properties":{"OBJECTID_1":335,"OBJECTID":335,"ID":1,"SITECODE":"sjs0273","SITECODE1":" ","ISLAND":"Patos","LENGTH":172.87,"SITE":" ","LINK1":" ","LINK2":" ","LINK3":" ","SAMP_SIZE":7,"MEAN":19.5699997,"ST_DEV":4,"MAX_":23.2000008,"MIN_":12.5,"COMMENTS":" ","Shape_Leng":172.869505861,"Shape_Length":172.8696917693752}},{"type":"Feature","id":336,"geometry":{"type":"LineString","coordinates":[[-122.957914,48.7821137],[-122.9573274,48.7818927]]},"properties":{"OBJECTID_1":336,"OBJECTID":336,"ID":1,"SITECODE":"sjs0273","SITECODE1":" ","ISLAND":"Patos","LENGTH":162.789,"SITE":" ","LINK1":" ","LINK2":" ","LINK3":" ","SAMP_SIZE":7,"MEAN":19.5699997,"ST_DEV":4,"MAX_":23.2000008,"MIN_":12.5,"COMMENTS":" ","Shape_Leng":162.789016935,"Shape_Length":162.78934142570824}},{"type":"Feature","id":337,"geometry":{"type":"LineString","coordinates":[[-122.9404686,48.7860553],[-122.9402346,48.7858824],[-122.9404485,48.7860693],[-122.9408251,48.7861987],[-122.9408708,48.7863069],[-122.9412685,48.7864496]]},"properties":{"OBJECTID_1":337,"OBJECTID":337,"ID":1,"SITECODE":"sjs0269","SITECODE1":" ","ISLAND":"Patos","LENGTH":422.549,"SITE":" ","LINK1":" ","LINK2":" ","LINK3":" ","SAMP_SIZE":9,"MEAN":19.5799999,"ST_DEV":1.25999999,"MAX_":20.8999996,"MIN_":16.8999996,"COMMENTS":" ","Shape_Leng":422.549513128,"Shape_Length":422.5495087975805}},{"type":"Feature","id":338,"geometry":{"type":"LineString","coordinates":[[-122.9419092,48.7869831],[-122.9419744,48.7870636],[-122.9422398,48.7874949],[-122.942191,48.7878091],[-122.9426293,48.7879375]]},"properties":{"OBJECTID_1":338,"OBJECTID":338,"ID":1,"SITECODE":"sjs0269","SITECODE1":" ","ISLAND":"Patos","LENGTH":434.041,"SITE":" ","LINK1":" ","LINK2":" ","LINK3":" ","SAMP_SIZE":9,"MEAN":19.5799999,"ST_DEV":1.25999999,"MAX_":20.8999996,"MIN_":16.8999996,"COMMENTS":" ","Shape_Leng":434.041610179,"Shape_Length":434.0418544102383}},{"type":"Feature","id":339,"geometry":{"type":"LineString","coordinates":[[-122.9459802,48.787686],[-122.9469776,48.7868775],[-122.9472822,48.786763],[-122.9472633,48.7868042]]},"properties":{"OBJECTID_1":339,"OBJECTID":339,"ID":1,"SITECODE":"sjs0270","SITECODE1":" ","ISLAND":"Patos","LENGTH":480.759,"SITE":" ","LINK1":" ","LINK2":" ","LINK3":" ","SAMP_SIZE":5,"MEAN":16.0400009,"ST_DEV":2,"MAX_":19.1000004,"MIN_":13.6000004,"COMMENTS":" ","Shape_Leng":480.759007414,"Shape_Length":480.75880719654236}},{"type":"Feature","id":340,"geometry":{"type":"LineString","coordinates":[[-122.9488953,48.7863794],[-122.9490785,48.7863216]]},"properties":{"OBJECTID_1":340,"OBJECTID":340,"ID":1,"SITECODE":"sjs0270","SITECODE1":" ","ISLAND":"Patos","LENGTH":48.945,"SITE":" ","LINK1":" ","LINK2":" ","LINK3":" ","SAMP_SIZE":5,"MEAN":16.0400009,"ST_DEV":2,"MAX_":19.1000004,"MIN_":13.6000004,"COMMENTS":" ","Shape_Leng":48.9453386525,"Shape_Length":48.94545016444406}},{"type":"Feature","id":341,"geometry":{"type":"LineString","coordinates":[[-122.9533362,48.7865575],[-122.953544,48.7865946]]},"properties":{"OBJECTID_1":341,"OBJECTID":341,"ID":1,"SITECODE":"sjs0270","SITECODE1":" ","ISLAND":"Patos","LENGTH":51.885,"SITE":" ","LINK1":" ","LINK2":" ","LINK3":" ","SAMP_SIZE":5,"MEAN":16.0400009,"ST_DEV":2,"MAX_":19.1000004,"MIN_":13.6000004,"COMMENTS":" ","Shape_Leng":51.8846744626,"Shape_Length":51.884855871956745}},{"type":"Feature","id":342,"geometry":{"type":"LineString","coordinates":[[-122.9196887,48.7641358],[-122.9197231,48.7639721],[-122.9198091,48.7635629],[-122.9197791,48.7633324],[-122.9196769,48.7633478],[-122.9195259,48.7636767],[-122.9194704,48.7638272],[-122.9194988,48.7640169],[-122.9196959,48.7641394]]},"properties":{"OBJECTID_1":342,"OBJECTID":342,"ID":1,"SITECODE":"sjs0279","SITECODE1":" ","ISLAND":"Sucia","LENGTH":637.427,"SITE":" ","LINK1":" ","LINK2":" ","LINK3":" ","SAMP_SIZE":3,"MEAN":18.1299992,"ST_DEV":2.1500001,"MAX_":20.5,"MIN_":16.2999992,"COMMENTS":" ","Shape_Leng":637.426939062,"Shape_Length":637.4267541652539}},{"type":"Feature","id":343,"geometry":{"type":"LineString","coordinates":[[-122.9178189,48.7606357],[-122.9171006,48.7601732],[-122.9159909,48.7596766],[-122.9153153,48.7597431],[-122.9147652,48.7598616],[-122.9143716,48.76029],[-122.9144365,48.7603703],[-122.9149794,48.7600752],[-122.9153481,48.7600415],[-122.9153697,48.7600683],[-122.9150905,48.7602771],[-122.9149595,48.760592],[-122.9151077,48.7606981],[-122.9154575,48.7607054],[-122.9161564,48.7607065],[-122.9164778,48.7610269],[-122.91658,48.7610115],[-122.9172517,48.76085],[-122.9173955,48.7608474],[-122.9177796,48.760691],[-122.9178185,48.760636]]},"properties":{"OBJECTID_1":343,"OBJECTID":343,"ID":1,"SITECODE":"flats66","SITECODE1":" ","ISLAND":"Sucia","LENGTH":2386.073,"SITE":" ","LINK1":" ","LINK2":" ","LINK3":" ","SAMP_SIZE":10,"MEAN":11,"ST_DEV":3,"MAX_":6,"MIN_":16,"COMMENTS":" ","Shape_Leng":2386.07355043,"Shape_Length":2386.0735567833176}},{"type":"Feature","id":344,"geometry":{"type":"LineString","coordinates":[[-122.9184563,48.7636687],[-122.9182129,48.7632382],[-122.9179448,48.7632158],[-122.9175517,48.7631549],[-122.9174012,48.7629945],[-122.9173318,48.7628055],[-122.9174684,48.7626264],[-122.9175039,48.7624898],[-122.9174811,48.7624359],[-122.9179086,48.7623331],[-122.9178642,48.7622523],[-122.9180884,48.7622076],[-122.9182578,48.7623268],[-122.9181612,48.762478],[-122.9181895,48.7626678],[-122.9183933,48.7626234],[-122.9186625,48.7626729],[-122.918803,48.7625889],[-122.9189012,48.7624784],[-122.9189551,48.7622872],[-122.9187318,48.7618563],[-122.9184092,48.7615087],[-122.9182205,48.761417],[-122.91809,48.7612426],[-122.9179734,48.7614078],[-122.9176709,48.7615491],[-122.9171363,48.7615451],[-122.916897,48.7617261],[-122.9167427,48.7619734],[-122.9168982,48.762256],[-122.9166617,48.7625049],[-122.9160927,48.7626646],[-122.9158789,48.7629674],[-122.9156347,48.7635289],[-122.9157652,48.7637033],[-122.916463,48.7636772],[-122.9158474,48.7642046],[-122.9156514,48.7644391],[-122.9152395,48.7644193],[-122.9149602,48.7641254],[-122.9146926,48.7641166],[-122.9142818,48.7641239],[-122.9144383,48.7644337],[-122.9146321,48.7646476],[-122.9150568,48.7649798],[-122.9155732,48.7650385],[-122.9164548,48.764982],[-122.9176889,48.7644978],[-122.9184567,48.7636687]]},"properties":{"OBJECTID_1":344,"OBJECTID":344,"ID":1,"SITECODE":"flats66","SITECODE1":" ","ISLAND":"Sucia","LENGTH":5277.32,"SITE":" ","LINK1":" ","LINK2":" ","LINK3":" ","SAMP_SIZE":10,"MEAN":11,"ST_DEV":3,"MAX_":6,"MIN_":16,"COMMENTS":" ","Shape_Leng":5277.32023591,"Shape_Length":5277.320504808466}},{"type":"Feature","id":345,"geometry":{"type":"LineString","coordinates":[[-122.9172124,48.755535],[-122.9169013,48.7553401],[-122.916744,48.7553291],[-122.9165111,48.7552573],[-122.9161057,48.7550572],[-122.9159694,48.7550458],[-122.9156786,48.7548367],[-122.9155978,48.7546516],[-122.9155538,48.7545971],[-122.9153488,48.7544418],[-122.915274,48.7544016],[-122.9151659,48.7543137],[-122.9151625,48.7542308],[-122.9150894,48.7542321]]},"properties":{"OBJECTID_1":345,"OBJECTID":345,"ID":1,"SITECODE":"sjs0293","SITECODE1":" ","ISLAND":"Sucia","LENGTH":742.882,"SITE":" ","LINK1":" ","LINK2":" ","LINK3":" ","SAMP_SIZE":20,"MEAN":11.4099998,"ST_DEV":5.59000015,"MAX_":21.7000008,"MIN_":5.0999999,"COMMENTS":" ","Shape_Leng":742.882035063,"Shape_Length":742.8816991328113}},{"type":"Feature","id":346,"geometry":{"type":"LineString","coordinates":[[-122.9152173,48.7537806],[-122.9152325,48.7536421],[-122.9151868,48.7535462],[-122.9151952,48.7532419],[-122.9153084,48.7529427],[-122.9153061,48.7528874]]},"properties":{"OBJECTID_1":346,"OBJECTID":346,"ID":1,"SITECODE":"sjs0294","SITECODE1":" ","ISLAND":"Sucia","LENGTH":331.099,"SITE":" ","LINK1":" ","LINK2":" ","LINK3":" ","SAMP_SIZE":10,"MEAN":14.3900003,"ST_DEV":5.98999977,"MAX_":22.3999996,"MIN_":7.9000001,"COMMENTS":" ","Shape_Leng":331.099552976,"Shape_Length":331.0996498566209}},{"type":"Feature","id":347,"geometry":{"type":"LineString","coordinates":[[-122.914391,48.7510221],[-122.9142675,48.7508775],[-122.913782,48.750506],[-122.9136617,48.7504391],[-122.9133872,48.7504353]]},"properties":{"OBJECTID_1":347,"OBJECTID":347,"ID":1,"SITECODE":"sjs0277","SITECODE1":" ","ISLAND":"Sucia","LENGTH":343.926,"SITE":" ","LINK1":" ","LINK2":" ","LINK3":" ","SAMP_SIZE":19,"MEAN":19.7999992,"ST_DEV":4.69999981,"MAX_":27.1000004,"MIN_":12.3999996,"COMMENTS":" ","Shape_Leng":343.926072227,"Shape_Length":343.9258288236723}},{"type":"Feature","id":348,"geometry":{"type":"LineString","coordinates":[[-122.9052198,48.7484644],[-122.904686,48.7481888],[-122.9044718,48.748063],[-122.9040742,48.7479232],[-122.903931,48.7479344]]},"properties":{"OBJECTID_1":348,"OBJECTID":348,"ID":1,"SITECODE":"sjs0276","SITECODE1":" ","ISLAND":"Sucia","LENGTH":375.949,"SITE":" ","LINK1":" ","LINK2":" ","LINK3":" ","SAMP_SIZE":17,"MEAN":19.2800007,"ST_DEV":3.21000004,"MAX_":24.6000004,"MIN_":12.3999996,"COMMENTS":" ","Shape_Leng":375.948915614,"Shape_Length":375.9489207703089}},{"type":"Feature","id":349,"geometry":{"type":"LineString","coordinates":[[-122.9040397,48.7473969],[-122.9039455,48.7473294]]},"properties":{"OBJECTID_1":349,"OBJECTID":349,"ID":1,"SITECODE":"sjs0276","SITECODE1":" ","ISLAND":"Sucia","LENGTH":33.495,"SITE":" ","LINK1":" ","LINK2":" ","LINK3":" ","SAMP_SIZE":17,"MEAN":19.2800007,"ST_DEV":3.21000004,"MAX_":24.6000004,"MIN_":12.3999996,"COMMENTS":" ","Shape_Leng":33.4945035196,"Shape_Length":33.49441062352328}},{"type":"Feature","id":350,"geometry":{"type":"LineString","coordinates":[[-122.9030384,48.74719],[-122.9029174,48.7471058]]},"properties":{"OBJECTID_1":350,"OBJECTID":350,"ID":1,"SITECODE":"sjs0276","SITECODE1":" ","ISLAND":"Sucia","LENGTH":42.391,"SITE":" ","LINK1":" ","LINK2":" ","LINK3":" ","SAMP_SIZE":17,"MEAN":19.2800007,"ST_DEV":3.21000004,"MAX_":24.6000004,"MIN_":12.3999996,"COMMENTS":" ","Shape_Leng":42.3910475375,"Shape_Length":42.39072659692069}},{"type":"Feature","id":351,"geometry":{"type":"LineString","coordinates":[[-122.9014406,48.7467692],[-122.9009513,48.7466224],[-122.9005815,48.7465253],[-122.9002658,48.7464704],[-122.9002792,48.7464788]]},"properties":{"OBJECTID_1":351,"OBJECTID":351,"ID":1,"SITECODE":"sjs0276","SITECODE1":" ","ISLAND":"Sucia","LENGTH":308.899,"SITE":" ","LINK1":" ","LINK2":" ","LINK3":" ","SAMP_SIZE":17,"MEAN":19.2800007,"ST_DEV":3.21000004,"MAX_":24.6000004,"MIN_":12.3999996,"COMMENTS":" ","Shape_Leng":308.899593944,"Shape_Length":308.8997799747144}},{"type":"Feature","id":352,"geometry":{"type":"LineString","coordinates":[[-122.8945264,48.7472483],[-122.8942083,48.7474591],[-122.893805,48.7479846],[-122.8941802,48.7483775],[-122.8969486,48.7497972],[-122.8989203,48.7508961],[-122.90091,48.7504288],[-122.901916,48.7506701],[-122.9022692,48.750923],[-122.902354,48.7505975],[-122.9019646,48.7502588],[-122.9012021,48.7499808],[-122.8990879,48.7489925],[-122.8983757,48.7487459],[-122.8979855,48.7483857],[-122.8968786,48.7480705],[-122.8959993,48.7477297],[-122.8951217,48.7474321],[-122.8944946,48.7472704]]},"properties":{"OBJECTID_1":352,"OBJECTID":352,"ID":1,"SITECODE":"flats67","SITECODE1":" ","ISLAND":"Sucia","LENGTH":5256.875,"SITE":" ","LINK1":" ","LINK2":" ","LINK3":" ","SAMP_SIZE":4,"MEAN":17,"ST_DEV":3,"MAX_":16,"MIN_":22,"COMMENTS":" ","Shape_Leng":5256.87457782,"Shape_Length":5256.874588929553}},{"type":"Feature","id":353,"geometry":{"type":"LineString","coordinates":[[-122.9058307,48.7517559],[-122.9056988,48.7517259],[-122.9057297,48.7516821],[-122.905892,48.7516576],[-122.9059441,48.7517323],[-122.9058625,48.7517338]]},"properties":{"OBJECTID_1":353,"OBJECTID":353,"ID":1,"SITECODE":"flats67","SITECODE1":" ","ISLAND":"Sucia","LENGTH":141.121,"SITE":" ","LINK1":" ","LINK2":" ","LINK3":" ","SAMP_SIZE":4,"MEAN":17,"ST_DEV":3,"MAX_":16,"MIN_":22,"COMMENTS":" ","Shape_Leng":141.120857867,"Shape_Length":141.12083906840587}},{"type":"Feature","id":354,"geometry":{"type":"LineString","coordinates":[[-122.9064058,48.7522425],[-122.9063701,48.7521675],[-122.906288,48.7521582],[-122.9062232,48.7521701],[-122.9062245,48.7522025],[-122.9063079,48.7522442],[-122.9063886,48.7522212]]},"properties":{"OBJECTID_1":354,"OBJECTID":354,"ID":1,"SITECODE":"flats67","SITECODE1":" ","ISLAND":"Sucia","LENGTH":123.242,"SITE":" ","LINK1":" ","LINK2":" ","LINK3":" ","SAMP_SIZE":4,"MEAN":17,"ST_DEV":3,"MAX_":16,"MIN_":22,"COMMENTS":" ","Shape_Leng":123.241871123,"Shape_Length":123.24226543422321}},{"type":"Feature","id":355,"geometry":{"type":"LineString","coordinates":[[-122.8878986,48.7481107],[-122.8881901,48.7480515],[-122.8883516,48.7480055],[-122.8890083,48.7480911],[-122.8891392,48.7480995],[-122.88925,48.7480112]]},"properties":{"OBJECTID_1":355,"OBJECTID":355,"ID":1,"SITECODE":"sjs0290","SITECODE1":" ","ISLAND":"Sucia","LENGTH":351.106,"SITE":" ","LINK1":" ","LINK2":" ","LINK3":" ","SAMP_SIZE":5,"MEAN":16.4799995,"ST_DEV":0.870000005,"MAX_":17.3999996,"MIN_":15.6000004,"COMMENTS":" ","Shape_Leng":351.106561519,"Shape_Length":351.106360795973}},{"type":"Feature","id":356,"geometry":{"type":"LineString","coordinates":[[-122.8937468,48.7538064],[-122.8940454,48.7539199],[-122.8942994,48.7541422],[-122.8945782,48.7541697],[-122.8949477,48.7544223],[-122.8954439,48.7545755],[-122.8962589,48.754939],[-122.896685,48.7549747]]},"properties":{"OBJECTID_1":356,"OBJECTID":356,"ID":1,"SITECODE":"sjs0287","SITECODE1":" ","ISLAND":"Sucia","LENGTH":853.842,"SITE":" ","LINK1":" ","LINK2":" ","LINK3":" ","SAMP_SIZE":16,"MEAN":16.5300007,"ST_DEV":2.80999994,"MAX_":22,"MIN_":13.8000002,"COMMENTS":" ","Shape_Leng":853.842195095,"Shape_Length":853.8423726841269}},{"type":"Feature","id":357,"geometry":{"type":"LineString","coordinates":[[-122.8924594,48.7546823],[-122.8925595,48.7547346],[-122.8930363,48.7548125],[-122.8932783,48.755143],[-122.8934274,48.7551944],[-122.8936611,48.7553198],[-122.8939765,48.7554438]]},"properties":{"OBJECTID_1":357,"OBJECTID":357,"ID":1,"SITECODE":"sjs0288","SITECODE1":" ","ISLAND":"Sucia","LENGTH":484.905,"SITE":" ","LINK1":" ","LINK2":" ","LINK3":" ","SAMP_SIZE":12,"MEAN":20.0300007,"ST_DEV":1.58000004,"MAX_":23,"MIN_":16.8999996,"COMMENTS":" ","Shape_Leng":484.905100112,"Shape_Length":484.9047994116585}},{"type":"Feature","id":358,"geometry":{"type":"LineString","coordinates":[[-122.8995366,48.7568247],[-122.8994352,48.7567401],[-122.8992372,48.7566896],[-122.8990339,48.7565097],[-122.8986545,48.7564192]]},"properties":{"OBJECTID_1":358,"OBJECTID":358,"ID":1,"SITECODE":"sjs0287","SITECODE1":" ","ISLAND":"Sucia","LENGTH":269.823,"SITE":" ","LINK1":" ","LINK2":" ","LINK3":" ","SAMP_SIZE":16,"MEAN":16.5300007,"ST_DEV":2.80999994,"MAX_":22,"MIN_":13.8000002,"COMMENTS":" ","Shape_Leng":269.823331943,"Shape_Length":269.8231556334332}},{"type":"Feature","id":359,"geometry":{"type":"LineString","coordinates":[[-122.8930884,48.7581161],[-122.8929838,48.7583556],[-122.8927252,48.7584249],[-122.8924327,48.7584625],[-122.8921818,48.7583158],[-122.8914416,48.7581885],[-122.8911232,48.7579889],[-122.890975,48.7579591]]},"properties":{"OBJECTID_1":359,"OBJECTID":359,"ID":1,"SITECODE":"sjs0295","SITECODE1":" ","ISLAND":"Sucia","LENGTH":638.604,"SITE":" ","LINK1":" ","LINK2":" ","LINK3":" ","SAMP_SIZE":7,"MEAN":19.4200001,"ST_DEV":2.75,"MAX_":23.3999996,"MIN_":15.6999998,"COMMENTS":" ","Shape_Leng":638.603887707,"Shape_Length":638.6041064678353}},{"type":"Feature","id":360,"geometry":{"type":"LineString","coordinates":[[-122.8906884,48.755718],[-122.8906042,48.7556547]]},"properties":{"OBJECTID_1":360,"OBJECTID":360,"ID":1,"SITECODE":"sjs0296","SITECODE1":" ","ISLAND":"Sucia","LENGTH":30.762,"SITE":" ","LINK1":" ","LINK2":" ","LINK3":" ","SAMP_SIZE":4,"MEAN":13.8699999,"ST_DEV":2.61999989,"MAX_":17.7000008,"MIN_":12.1000004,"COMMENTS":" ","Shape_Leng":30.761694209,"Shape_Length":30.76176503952715}},{"type":"Feature","id":361,"geometry":{"type":"LineString","coordinates":[[-122.8894416,48.7551785],[-122.8893742,48.7551257],[-122.8888634,48.7550159]]},"properties":{"OBJECTID_1":361,"OBJECTID":361,"ID":1,"SITECODE":"sjs0296","SITECODE1":" ","ISLAND":"Sucia","LENGTH":154.776,"SITE":" ","LINK1":" ","LINK2":" ","LINK3":" ","SAMP_SIZE":4,"MEAN":13.8699999,"ST_DEV":2.61999989,"MAX_":17.7000008,"MIN_":12.1000004,"COMMENTS":" ","Shape_Leng":154.775957642,"Shape_Length":154.775910708544}},{"type":"Feature","id":362,"geometry":{"type":"LineString","coordinates":[[-122.9085735,48.7603486],[-122.9087967,48.7603446],[-122.9090577,48.7604876],[-122.9093248,48.7607782],[-122.910008,48.7611034],[-122.9101217,48.7615444],[-122.9105422,48.7624649],[-122.9102466,48.7630397],[-122.9099321,48.7631507]]},"properties":{"OBJECTID_1":362,"OBJECTID":362,"ID":1,"SITECODE":"sjs0286","SITECODE1":" ","ISLAND":"Sucia","LENGTH":1284.292,"SITE":" ","LINK1":" ","LINK2":" ","LINK3":" ","SAMP_SIZE":17,"MEAN":15.2399998,"ST_DEV":1.41999996,"MAX_":18.6000004,"MIN_":13.1000004,"COMMENTS":" ","Shape_Leng":1284.29221467,"Shape_Length":1284.2920206114475}},{"type":"Feature","id":363,"geometry":{"type":"LineString","coordinates":[[-122.9012427,48.7652249],[-122.9010127,48.7650602],[-122.8999622,48.765121],[-122.8991928,48.7650292],[-122.8984629,48.7651266],[-122.8972713,48.7648524],[-122.8967509,48.7646085],[-122.8973731,48.7642179],[-122.8966245,48.7638515],[-122.8956671,48.7638473],[-122.8953139,48.7637903],[-122.8950184,48.7635846],[-122.8942196,48.7635566],[-122.8938337,48.7634791],[-122.8937699,48.7634802]]},"properties":{"OBJECTID_1":363,"OBJECTID":363,"ID":1,"SITECODE":"sjs0285","SITECODE1":" ","ISLAND":"Sucia","LENGTH":2321.837,"SITE":" ","LINK1":" ","LINK2":" ","LINK3":" ","SAMP_SIZE":23,"MEAN":16.7399998,"ST_DEV":2.22000003,"MAX_":21.3999996,"MIN_":13.3000002,"COMMENTS":" ","Shape_Leng":2321.83696538,"Shape_Length":2321.8368153016672}},{"type":"Feature","id":364,"geometry":{"type":"LineString","coordinates":[[-122.8928419,48.7634123],[-122.8926196,48.7634373]]},"properties":{"OBJECTID_1":364,"OBJECTID":364,"ID":1,"SITECODE":"sjs0284","SITECODE1":" ","ISLAND":"Sucia","LENGTH":54.395,"SITE":" ","LINK1":" ","LINK2":" ","LINK3":" ","SAMP_SIZE":11,"MEAN":18.6800003,"ST_DEV":2.38000011,"MAX_":21,"MIN_":13.1999998,"COMMENTS":" ","Shape_Leng":54.3950433787,"Shape_Length":54.39500831737199}},{"type":"Feature","id":365,"geometry":{"type":"LineString","coordinates":[[-122.8920542,48.7636582],[-122.8920602,48.7638057],[-122.8913992,48.7640284],[-122.8911408,48.7639486],[-122.8900636,48.7641363],[-122.8892461,48.7636446],[-122.8887696,48.7636952]]},"properties":{"OBJECTID_1":365,"OBJECTID":365,"ID":1,"SITECODE":"sjs0284","SITECODE1":" ","ISLAND":"Sucia","LENGTH":953.275,"SITE":" ","LINK1":" ","LINK2":" ","LINK3":" ","SAMP_SIZE":11,"MEAN":18.6800003,"ST_DEV":2.38000011,"MAX_":21,"MIN_":13.1999998,"COMMENTS":" ","Shape_Leng":953.274696842,"Shape_Length":953.274718270886}},{"type":"Feature","id":366,"geometry":{"type":"LineString","coordinates":[[-122.8875487,48.7634847],[-122.886843,48.7633917]]},"properties":{"OBJECTID_1":366,"OBJECTID":366,"ID":1,"SITECODE":"sjs0284","SITECODE1":" ","ISLAND":"Sucia","LENGTH":173.554,"SITE":" ","LINK1":" ","LINK2":" ","LINK3":" ","SAMP_SIZE":11,"MEAN":18.6800003,"ST_DEV":2.38000011,"MAX_":21,"MIN_":13.1999998,"COMMENTS":" ","Shape_Leng":173.55406357,"Shape_Length":173.55428020557866}},{"type":"Feature","id":367,"geometry":{"type":"LineString","coordinates":[[-122.8863321,48.7633796],[-122.8858271,48.7635151]]},"properties":{"OBJECTID_1":367,"OBJECTID":367,"ID":1,"SITECODE":"sjs0284","SITECODE1":" ","ISLAND":"Sucia","LENGTH":131.452,"SITE":" ","LINK1":" ","LINK2":" ","LINK3":" ","SAMP_SIZE":11,"MEAN":18.6800003,"ST_DEV":2.38000011,"MAX_":21,"MIN_":13.1999998,"COMMENTS":" ","Shape_Leng":131.451867593,"Shape_Length":131.45203633849587}},{"type":"Feature","id":368,"geometry":{"type":"LineString","coordinates":[[-122.887389,48.7658498],[-122.8875726,48.7656568],[-122.8874246,48.7651532],[-122.8872576,48.7649663],[-122.8864758,48.7653597]]},"properties":{"OBJECTID_1":368,"OBJECTID":368,"ID":1,"SITECODE":"sjs0282","SITECODE1":" ","ISLAND":"Sucia","LENGTH":586.558,"SITE":" ","LINK1":" ","LINK2":" ","LINK3":" ","SAMP_SIZE":8,"MEAN":16.4599991,"ST_DEV":2.73000002,"MAX_":19.6000004,"MIN_":11,"COMMENTS":" ","Shape_Leng":586.557122005,"Shape_Length":586.5574360018949}},{"type":"Feature","id":369,"geometry":{"type":"LineString","coordinates":[[-122.884633,48.7647595],[-122.8852328,48.7646013],[-122.8855516,48.7645956]]},"properties":{"OBJECTID_1":369,"OBJECTID":369,"ID":1,"SITECODE":"sjs0282","SITECODE1":" ","ISLAND":"Sucia","LENGTH":232.691,"SITE":" ","LINK1":" ","LINK2":" ","LINK3":" ","SAMP_SIZE":8,"MEAN":16.4599991,"ST_DEV":2.73000002,"MAX_":19.6000004,"MIN_":11,"COMMENTS":" ","Shape_Leng":232.690299567,"Shape_Length":232.69015462532445}},{"type":"Feature","id":370,"geometry":{"type":"LineString","coordinates":[[-122.8469806,48.7479599],[-122.8469598,48.7478645],[-122.84704,48.7477393],[-122.8470174,48.747599],[-122.8470318,48.7475312]]},"properties":{"OBJECTID_1":370,"OBJECTID":370,"ID":1,"SITECODE":"sjs0302","SITECODE1":" ","ISLAND":"Matia","LENGTH":161.225,"SITE":" ","LINK1":" ","LINK2":" ","LINK3":" ","SAMP_SIZE":4,"MEAN":13.9700003,"ST_DEV":2.3599999,"MAX_":16.3999996,"MIN_":10.8000002,"COMMENTS":" ","Shape_Leng":161.224420676,"Shape_Length":161.22450583022652}},{"type":"Feature","id":371,"geometry":{"type":"LineString","coordinates":[[-122.8434411,48.7456287],[-122.8433807,48.7456072]]},"properties":{"OBJECTID_1":371,"OBJECTID":371,"ID":1,"SITECODE":"sjs0302","SITECODE1":" ","ISLAND":"Matia","LENGTH":16.552,"SITE":" ","LINK1":" ","LINK2":" ","LINK3":" ","SAMP_SIZE":4,"MEAN":13.9700003,"ST_DEV":2.3599999,"MAX_":16.3999996,"MIN_":10.8000002,"COMMENTS":" ","Shape_Leng":16.552433362,"Shape_Length":16.552540588398124}},{"type":"Feature","id":372,"geometry":{"type":"LineString","coordinates":[[-122.8360132,48.7435389],[-122.8355192,48.7435305],[-122.8352734,48.7435573],[-122.8352658,48.7435799],[-122.835299,48.7435568]]},"properties":{"OBJECTID_1":372,"OBJECTID":372,"ID":1,"SITECODE":"sjs0303","SITECODE1":" ","ISLAND":"Matia","LENGTH":199.418,"SITE":" ","LINK1":" ","LINK2":" ","LINK3":" ","SAMP_SIZE":7,"MEAN":19.7399998,"ST_DEV":0.74000001,"MAX_":20.8999996,"MIN_":18.7000008,"COMMENTS":" ","Shape_Leng":199.418888091,"Shape_Length":199.418460068441}},{"type":"Feature","id":373,"geometry":{"type":"LineString","coordinates":[[-122.830034,48.7434869],[-122.8302207,48.7439059],[-122.8301938,48.744033]]},"properties":{"OBJECTID_1":373,"OBJECTID":373,"ID":1,"SITECODE":"sjs0303","SITECODE1":" ","ISLAND":"Matia","LENGTH":206.192,"SITE":" ","LINK1":" ","LINK2":" ","LINK3":" ","SAMP_SIZE":7,"MEAN":19.7399998,"ST_DEV":0.74000001,"MAX_":20.8999996,"MIN_":18.7000008,"COMMENTS":" ","Shape_Leng":206.191852173,"Shape_Length":206.19178925475077}},{"type":"Feature","id":374,"geometry":{"type":"LineString","coordinates":[[-122.8275663,48.7435011],[-122.8274583,48.7434607]]},"properties":{"OBJECTID_1":374,"OBJECTID":374,"ID":1,"SITECODE":"sjs0304","SITECODE1":" ","ISLAND":"Matia","LENGTH":29.928,"SITE":" ","LINK1":" ","LINK2":" ","LINK3":" ","SAMP_SIZE":2,"MEAN":17.4500008,"ST_DEV":2.75,"MAX_":19.3999996,"MIN_":15.5,"COMMENTS":" ","Shape_Leng":29.9283196489,"Shape_Length":29.92846883062124}},{"type":"Feature","id":375,"geometry":{"type":"LineString","coordinates":[[-122.8265143,48.7443494],[-122.8268277,48.7447451],[-122.8268461,48.7449418],[-122.8264811,48.745131],[-122.8264984,48.7452996]]},"properties":{"OBJECTID_1":375,"OBJECTID":375,"ID":1,"SITECODE":"sjs0300","SITECODE1":" ","ISLAND":"Matia","LENGTH":408.419,"SITE":" ","LINK1":" ","LINK2":" ","LINK3":" ","SAMP_SIZE":4,"MEAN":19.4699993,"ST_DEV":2.20000005,"MAX_":22.1000004,"MIN_":17.6000004,"COMMENTS":" ","Shape_Leng":408.418751478,"Shape_Length":408.4190034869076}},{"type":"Feature","id":376,"geometry":{"type":"LineString","coordinates":[[-122.8438012,48.7488719],[-122.8437243,48.7488099],[-122.8434671,48.7487651],[-122.8431571,48.7487282]]},"properties":{"OBJECTID_1":376,"OBJECTID":376,"ID":1,"SITECODE":"sjs0302","SITECODE1":" ","ISLAND":"Matia","LENGTH":169.419,"SITE":" ","LINK1":" ","LINK2":" ","LINK3":" ","SAMP_SIZE":4,"MEAN":13.9700003,"ST_DEV":2.3599999,"MAX_":16.3999996,"MIN_":10.8000002,"COMMENTS":" ","Shape_Leng":169.418712806,"Shape_Length":169.41879648460167}},{"type":"Feature","id":377,"geometry":{"type":"LineString","coordinates":[[-122.8426316,48.7486247],[-122.8424988,48.7484933]]},"properties":{"OBJECTID_1":377,"OBJECTID":377,"ID":1,"SITECODE":"sjs0302","SITECODE1":" ","ISLAND":"Matia","LENGTH":57.671,"SITE":" ","LINK1":" ","LINK2":" ","LINK3":" ","SAMP_SIZE":4,"MEAN":13.9700003,"ST_DEV":2.3599999,"MAX_":16.3999996,"MIN_":10.8000002,"COMMENTS":" ","Shape_Leng":57.6711747725,"Shape_Length":57.67105472777903}},{"type":"Feature","id":378,"geometry":{"type":"LineString","coordinates":[[-122.8427725,48.7484182],[-122.8430409,48.7482095]]},"properties":{"OBJECTID_1":378,"OBJECTID":378,"ID":1,"SITECODE":"sjs0302","SITECODE1":" ","ISLAND":"Matia","LENGTH":99.955,"SITE":" ","LINK1":" ","LINK2":" ","LINK3":" ","SAMP_SIZE":4,"MEAN":13.9700003,"ST_DEV":2.3599999,"MAX_":16.3999996,"MIN_":10.8000002,"COMMENTS":" ","Shape_Leng":99.9553726849,"Shape_Length":99.95531611871222}},{"type":"Feature","id":379,"geometry":{"type":"LineString","coordinates":[[-122.8437926,48.7486539],[-122.8441432,48.7486408]]},"properties":{"OBJECTID_1":379,"OBJECTID":379,"ID":1,"SITECODE":"sjs0302","SITECODE1":" ","ISLAND":"Matia","LENGTH":84.728,"SITE":" ","LINK1":" ","LINK2":" ","LINK3":" ","SAMP_SIZE":4,"MEAN":13.9700003,"ST_DEV":2.3599999,"MAX_":16.3999996,"MIN_":10.8000002,"COMMENTS":" ","Shape_Leng":84.7277730619,"Shape_Length":84.72768996933121}},{"type":"Feature","id":380,"geometry":{"type":"LineString","coordinates":[[-122.7734881,48.7016605],[-122.7733261,48.701459],[-122.7730654,48.7011953],[-122.7734011,48.7008961],[-122.7735639,48.7006126],[-122.7735256,48.7001155],[-122.7736884,48.699832],[-122.7736399,48.6990669],[-122.7737671,48.6988606],[-122.7737183,48.6985934],[-122.7738661,48.698425]]},"properties":{"OBJECTID_1":380,"OBJECTID":380,"ID":1,"SITECODE":"sjs0307","SITECODE1":" ","ISLAND":"Barnes","LENGTH":1267.037,"SITE":" ","LINK1":" ","LINK2":" ","LINK3":" ","SAMP_SIZE":8,"MEAN":21.0499992,"ST_DEV":1.55999994,"MAX_":23.5,"MIN_":18.2000008,"COMMENTS":" ","Shape_Leng":1267.0369129,"Shape_Length":1267.0370035641915}},{"type":"Feature","id":381,"geometry":{"type":"LineString","coordinates":[[-122.7662334,48.7030705],[-122.7662407,48.7032618],[-122.7662084,48.7034283]]},"properties":{"OBJECTID_1":381,"OBJECTID":381,"ID":1,"SITECODE":"sjs0312","SITECODE1":" ","ISLAND":"Clark","LENGTH":131.057,"SITE":" ","LINK1":" ","LINK2":" ","LINK3":" ","SAMP_SIZE":4,"MEAN":10.3999996,"ST_DEV":2.88000011,"MAX_":14.6000004,"MIN_":8.10000038,"COMMENTS":" ","Shape_Leng":131.05718579,"Shape_Length":131.05715420430454}},{"type":"Feature","id":382,"geometry":{"type":"LineString","coordinates":[[-122.763215,48.702291],[-122.7632477,48.7021373]]},"properties":{"OBJECTID_1":382,"OBJECTID":382,"ID":1,"SITECODE":"sjs0313","SITECODE1":" ","ISLAND":"Clark","LENGTH":56.633,"SITE":" ","LINK1":" ","LINK2":" ","LINK3":" ","SAMP_SIZE":6,"MEAN":17.3099995,"ST_DEV":4.80000019,"MAX_":21.7999992,"MIN_":10.8000002,"COMMENTS":" ","Shape_Leng":56.6328365781,"Shape_Length":56.63301858132394}},{"type":"Feature","id":383,"geometry":{"type":"LineString","coordinates":[[-123.0420531,48.7168895],[-123.0418165,48.717077],[-123.0414554,48.7173374],[-123.0413746,48.7174375],[-123.0411444,48.7175263]]},"properties":{"OBJECTID_1":383,"OBJECTID":383,"ID":1,"SITECODE":"sjs0353","SITECODE1":" ","ISLAND":" ","LENGTH":323.817,"SITE":" ","LINK1":" ","LINK2":" ","LINK3":" ","SAMP_SIZE":13,"MEAN":15.1599998,"ST_DEV":4.9000001,"MAX_":23.8999996,"MIN_":10.1999998,"COMMENTS":" ","Shape_Leng":323.817080024,"Shape_Length":323.81697937312583}},{"type":"Feature","id":384,"geometry":{"type":"LineString","coordinates":[[-123.0284958,48.7174754],[-123.0284593,48.7175553],[-123.0277997,48.7176822],[-123.0263158,48.7181238],[-123.0258362,48.7184145],[-123.0251902,48.7188579],[-123.0249016,48.7189514],[-123.024381,48.7192164],[-123.0240411,48.7193549],[-123.0238091,48.7195265],[-123.0232865,48.7200556]]},"properties":{"OBJECTID_1":384,"OBJECTID":384,"ID":1,"SITECODE":"sjs0354","SITECODE1":" ","ISLAND":" ","LENGTH":1617.939,"SITE":" ","LINK1":" ","LINK2":" ","LINK3":" ","SAMP_SIZE":20,"MEAN":15.5500002,"ST_DEV":4.23000002,"MAX_":22.2999992,"MIN_":4.5999999,"COMMENTS":" ","Shape_Leng":1617.93856805,"Shape_Length":1617.938430624344}},{"type":"Feature","id":385,"geometry":{"type":"LineString","coordinates":[[-123.0232868,48.7200644],[-123.0230256,48.7201749],[-123.0227658,48.7206287],[-123.0219036,48.721305],[-123.0213993,48.7216401],[-123.0206766,48.7218473],[-123.0204012,48.7219405]]},"properties":{"OBJECTID_1":385,"OBJECTID":385,"ID":1,"SITECODE":"sjs0355","SITECODE1":" ","ISLAND":"Waldron","LENGTH":1012.05,"SITE":" ","LINK1":" ","LINK2":" ","LINK3":" ","SAMP_SIZE":12,"MEAN":12.4700003,"ST_DEV":3.41000009,"MAX_":19.1000004,"MIN_":6.5999999,"COMMENTS":" ","Shape_Leng":1012.04994965,"Shape_Length":1012.0499546506935}},{"type":"Feature","id":386,"geometry":{"type":"LineString","coordinates":[[-123.0162433,48.7223795],[-123.0132551,48.7221803],[-123.0122137,48.7224023],[-123.0116209,48.7225366]]},"properties":{"OBJECTID_1":386,"OBJECTID":386,"ID":1,"SITECODE":"sjs0355","SITECODE1":" ","ISLAND":" ","LENGTH":1140.348,"SITE":" ","LINK1":" ","LINK2":" ","LINK3":" ","SAMP_SIZE":12,"MEAN":12.4700003,"ST_DEV":3.41000009,"MAX_":19.1000004,"MIN_":6.5999999,"COMMENTS":" ","Shape_Leng":1140.34774691,"Shape_Length":1140.34750264303}},{"type":"Feature","id":387,"geometry":{"type":"LineString","coordinates":[[-123.0094425,48.7219877],[-123.0092349,48.721798]]},"properties":{"OBJECTID_1":387,"OBJECTID":387,"ID":1,"SITECODE":"sjs0356","SITECODE1":" ","ISLAND":"Waldron","LENGTH":85.466,"SITE":" ","LINK1":" ","LINK2":" ","LINK3":" ","SAMP_SIZE":6,"MEAN":15.3500004,"ST_DEV":1.16999996,"MAX_":16.7999992,"MIN_":13.8999996,"COMMENTS":" ","Shape_Leng":85.4658120909,"Shape_Length":85.46587414097034}},{"type":"Feature","id":388,"geometry":{"type":"LineString","coordinates":[[-123.0076556,48.7134752],[-123.0080289,48.7125617],[-123.0078684,48.7116054],[-123.0075797,48.7110739],[-123.0074604,48.7104601],[-123.0071505,48.7097442],[-123.0068445,48.7091162],[-123.0068452,48.7091338]]},"properties":{"OBJECTID_1":388,"OBJECTID":388,"ID":1,"SITECODE":"sjs0357","SITECODE1":" ","ISLAND":"Waldron","LENGTH":1647.001,"SITE":" ","LINK1":" ","LINK2":" ","LINK3":" ","SAMP_SIZE":15,"MEAN":18.7999992,"ST_DEV":5.21000004,"MAX_":23.5,"MIN_":7.9000001,"COMMENTS":" ","Shape_Leng":1647.00067109,"Shape_Length":1647.000881318583}},{"type":"Feature","id":389,"geometry":{"type":"LineString","coordinates":[[-123.0042655,48.7047726],[-123.0045754,48.7045556],[-123.004651,48.7044574]]},"properties":{"OBJECTID_1":389,"OBJECTID":389,"ID":1,"SITECODE":"sjs0358","SITECODE1":" ","ISLAND":"Waldron","LENGTH":149.16,"SITE":" ","LINK1":" ","LINK2":" ","LINK3":" ","SAMP_SIZE":11,"MEAN":17.0699997,"ST_DEV":3.03999996,"MAX_":21.6000004,"MIN_":11.8000002,"COMMENTS":" ","Shape_Leng":149.160325364,"Shape_Length":149.16037925403913}},{"type":"Feature","id":390,"geometry":{"type":"LineString","coordinates":[[-123.0057557,48.7029229],[-123.0059827,48.7029451],[-123.0067423,48.7029837],[-123.0070099,48.7030227]]},"properties":{"OBJECTID_1":390,"OBJECTID":390,"ID":1,"SITECODE":"sjs0358","SITECODE1":" ","ISLAND":"Waldron","LENGTH":305.546,"SITE":" ","LINK1":" ","LINK2":" ","LINK3":" ","SAMP_SIZE":11,"MEAN":17.0699997,"ST_DEV":3.03999996,"MAX_":21.6000004,"MIN_":11.8000002,"COMMENTS":" ","Shape_Leng":305.545555122,"Shape_Length":305.5454571935025}},{"type":"Feature","id":391,"geometry":{"type":"LineString","coordinates":[[-123.0080832,48.7026242],[-123.0084166,48.7023363],[-123.009021,48.7021666],[-123.0094804,48.7020259],[-123.0095857,48.7016895],[-123.0095,48.7015503]]},"properties":{"OBJECTID_1":391,"OBJECTID":391,"ID":1,"SITECODE":"sjs0358","SITECODE1":" ","ISLAND":" ","LENGTH":593.307,"SITE":" ","LINK1":" ","LINK2":" ","LINK3":" ","SAMP_SIZE":11,"MEAN":17.0699997,"ST_DEV":3.03999996,"MAX_":21.6000004,"MIN_":11.8000002,"COMMENTS":" ","Shape_Leng":593.306721035,"Shape_Length":593.3064455569971}},{"type":"Feature","id":392,"geometry":{"type":"LineString","coordinates":[[-123.009141,48.7003073],[-123.0090967,48.7002025],[-123.0088463,48.6999431],[-123.0087897,48.699865]]},"properties":{"OBJECTID_1":392,"OBJECTID":392,"ID":1,"SITECODE":"sjs0359","SITECODE1":" ","ISLAND":"Waldron","LENGTH":183.61,"SITE":" ","LINK1":" ","LINK2":" ","LINK3":" ","SAMP_SIZE":4,"MEAN":17.8500004,"ST_DEV":4.51999998,"MAX_":21.6000004,"MIN_":12.1999998,"COMMENTS":" ","Shape_Leng":183.609748449,"Shape_Length":183.6097325004046}},{"type":"Feature","id":393,"geometry":{"type":"LineString","coordinates":[[-123.0069513,48.6985352],[-123.007055,48.6984716]]},"properties":{"OBJECTID_1":393,"OBJECTID":393,"ID":1,"SITECODE":"sjs0359","SITECODE1":" ","ISLAND":"Waldron","LENGTH":34.12,"SITE":" ","LINK1":" ","LINK2":" ","LINK3":" ","SAMP_SIZE":4,"MEAN":17.8500004,"ST_DEV":4.51999998,"MAX_":21.6000004,"MIN_":12.1999998,"COMMENTS":" ","Shape_Leng":34.1200452686,"Shape_Length":34.12007518162222}},{"type":"Feature","id":394,"geometry":{"type":"LineString","coordinates":[[-123.0053728,48.6967516],[-123.0053668,48.6966109]]},"properties":{"OBJECTID_1":394,"OBJECTID":394,"ID":1,"SITECODE":"sjs0359","SITECODE1":" ","ISLAND":" ","LENGTH":51.356,"SITE":" ","LINK1":" ","LINK2":" ","LINK3":" ","SAMP_SIZE":4,"MEAN":17.8500004,"ST_DEV":4.51999998,"MAX_":21.6000004,"MIN_":12.1999998,"COMMENTS":" ","Shape_Leng":51.3559040478,"Shape_Length":51.35586842894554}},{"type":"Feature","id":395,"geometry":{"type":"LineString","coordinates":[[-123.1841575,48.5820725],[-123.1842911,48.5816763],[-123.1844943,48.5814101]]},"properties":{"OBJECTID_1":395,"OBJECTID":395,"ID":1,"SITECODE":"sjs1299","SITECODE1":" ","ISLAND":"Henry Island","LENGTH":256.983,"SITE":" ","LINK1":" ","LINK2":" ","LINK3":" ","SAMP_SIZE":26,"MEAN":25.4099998,"ST_DEV":2.50999999,"MAX_":30.2000008,"MIN_":21,"COMMENTS":" ","Shape_Leng":256.983201919,"Shape_Length":256.98336091584645}},{"type":"Feature","id":396,"geometry":{"type":"LineString","coordinates":[[-123.1844959,48.5814094],[-123.1839392,48.5807793],[-123.1831201,48.5795249],[-123.1825927,48.5791139],[-123.1820764,48.5789416],[-123.1816037,48.5787966],[-123.1793597,48.578828],[-123.1783347,48.5786519],[-123.1756855,48.579085],[-123.175154,48.5799672],[-123.1747623,48.5806639]]},"properties":{"OBJECTID_1":396,"OBJECTID":396,"ID":1,"SITECODE":"sjs1299","SITECODE1":" ","ISLAND":"Henry Island","LENGTH":3306.15,"SITE":" ","LINK1":" ","LINK2":" ","LINK3":" ","SAMP_SIZE":26,"MEAN":25.4099998,"ST_DEV":2.50999999,"MAX_":30.2000008,"MIN_":21,"COMMENTS":" ","Shape_Leng":3306.14961549,"Shape_Length":3306.1496760701853}},{"type":"Feature","id":397,"geometry":{"type":"LineString","coordinates":[[-123.1747834,48.5806634],[-123.1742583,48.5812222],[-123.1737599,48.5814431],[-123.1737793,48.5818644],[-123.1744739,48.5817661],[-123.1747804,48.5815209],[-123.1748118,48.5812813],[-123.1752049,48.5810766],[-123.1757481,48.580911],[-123.1766729,48.5807518],[-123.1772046,48.5807973],[-123.1774477,48.5810172],[-123.1773118,48.5812871]]},"properties":{"OBJECTID_1":397,"OBJECTID":397,"ID":1,"SITECODE":"sjs1299","SITECODE1":" ","ISLAND":"Henry Island","LENGTH":1744.997,"SITE":" ","LINK1":" ","LINK2":" ","LINK3":" ","SAMP_SIZE":26,"MEAN":25.4099998,"ST_DEV":2.50999999,"MAX_":30.2000008,"MIN_":21,"COMMENTS":" ","Shape_Leng":1744.99667045,"Shape_Length":1744.9970803823985}},{"type":"Feature","id":398,"geometry":{"type":"LineString","coordinates":[[-123.0045421,48.5202474],[-123.0044158,48.5200537],[-123.004283,48.5199856],[-123.0041895,48.5197286],[-123.0042866,48.519515],[-123.0040643,48.5192838],[-123.0039967,48.5190812],[-123.0035037,48.5188708],[-123.0028394,48.518797],[-123.0021557,48.5191]]},"properties":{"OBJECTID_1":398,"OBJECTID":398,"ID":1,"SITECODE":"sjs0138","SITECODE1":" ","ISLAND":"San Juan","LENGTH":975.786,"SITE":" ","LINK1":" ","LINK2":" ","LINK3":" ","SAMP_SIZE":9,"MEAN":14.7700005,"ST_DEV":3.21000004,"MAX_":18.7999992,"MIN_":10.1000004,"COMMENTS":" ","Shape_Leng":975.785558413,"Shape_Length":975.785741657535}},{"type":"Feature","id":399,"geometry":{"type":"LineString","coordinates":[[-122.9963062,48.515625],[-122.9958194,48.5152812],[-122.99515,48.5153642]]},"properties":{"OBJECTID_1":399,"OBJECTID":399,"ID":1,"SITECODE":"sjs0139","SITECODE1":" ","ISLAND":"San Juan","LENGTH":337.262,"SITE":" ","LINK1":" ","LINK2":" ","LINK3":" ","SAMP_SIZE":11,"MEAN":27.8700008,"ST_DEV":1.38999999,"MAX_":30.2999992,"MIN_":25.3999996,"COMMENTS":" ","Shape_Leng":337.261546118,"Shape_Length":337.2618733210951}},{"type":"Feature","id":400,"geometry":{"type":"LineString","coordinates":[[-122.9913373,48.5148157],[-122.9908213,48.5148959],[-122.9905172,48.5149644],[-122.9900419,48.5151693],[-122.9893301,48.5150884],[-122.9886031,48.5152039],[-122.9882217,48.5153993],[-122.9879497,48.5153886]]},"properties":{"OBJECTID_1":400,"OBJECTID":400,"ID":1,"SITECODE":"sjs0139","SITECODE1":" ","ISLAND":"San Juan","LENGTH":882.57,"SITE":" ","LINK1":" ","LINK2":" ","LINK3":" ","SAMP_SIZE":11,"MEAN":27.8700008,"ST_DEV":1.38999999,"MAX_":30.2999992,"MIN_":25.3999996,"COMMENTS":" ","Shape_Leng":882.570214434,"Shape_Length":882.5703465999802}},{"type":"Feature","id":401,"geometry":{"type":"LineString","coordinates":[[-122.8910855,48.5588331],[-122.8911607,48.5585509],[-122.891497,48.5584236],[-122.8921487,48.5582493],[-122.8925567,48.5581112],[-122.8929208,48.5579579],[-122.8935044,48.5577656],[-122.8939152,48.5577366],[-122.8942281,48.5577048],[-122.8944714,48.5577771]]},"properties":{"OBJECTID_1":401,"OBJECTID":401,"ID":1,"SITECODE":"sjs0600","SITECODE1":" ","ISLAND":"Lopez","LENGTH":982.863,"SITE":" ","LINK1":" ","LINK2":" ","LINK3":" ","SAMP_SIZE":13,"MEAN":16.2600002,"ST_DEV":4.23000002,"MAX_":24.7000008,"MIN_":8,"COMMENTS":" ","Shape_Leng":982.862966594,"Shape_Length":982.8630634520315}},{"type":"Feature","id":402,"geometry":{"type":"LineString","coordinates":[[-122.9004135,48.5566395],[-122.9008539,48.5564077],[-122.9010947,48.5562441],[-122.9017431,48.5559638],[-122.9018594,48.555688],[-122.9022981,48.5554114],[-122.902893,48.5549229],[-122.9031087,48.5546951]]},"properties":{"OBJECTID_1":402,"OBJECTID":402,"ID":1,"SITECODE":"sjs0599","SITECODE1":" ","ISLAND":"Lopez","LENGTH":985.297,"SITE":" ","LINK1":" ","LINK2":" ","LINK3":" ","SAMP_SIZE":21,"MEAN":22.4599991,"ST_DEV":1.76999998,"MAX_":27.2000008,"MIN_":19.5,"COMMENTS":" ","Shape_Leng":985.296727393,"Shape_Length":985.2966976257147}},{"type":"Feature","id":403,"geometry":{"type":"LineString","coordinates":[[-122.9031162,48.554695],[-122.9039119,48.553979],[-122.9042798,48.5536241],[-122.9045631,48.5534],[-122.9051032,48.553037],[-122.9056438,48.5526889],[-122.9060103,48.5524832]]},"properties":{"OBJECTID_1":403,"OBJECTID":403,"ID":1,"SITECODE":"sjs0599","SITECODE1":" ","ISLAND":"Lopez","LENGTH":1073.289,"SITE":" ","LINK1":" ","LINK2":" ","LINK3":" ","SAMP_SIZE":21,"MEAN":22.4599991,"ST_DEV":1.76999998,"MAX_":27.2000008,"MIN_":19.5,"COMMENTS":" ","Shape_Leng":1073.2893334,"Shape_Length":1073.2893550502233}},{"type":"Feature","id":404,"geometry":{"type":"LineString","coordinates":[[-122.9108954,48.550385],[-122.9115552,48.550204],[-122.9129538,48.54994],[-122.9134695,48.5499009],[-122.9147012,48.5501425],[-122.9155734,48.5503907]]},"properties":{"OBJECTID_1":404,"OBJECTID":404,"ID":1,"SITECODE":"sjs0598","SITECODE1":" ","ISLAND":"Lopez","LENGTH":1191.767,"SITE":" ","LINK1":" ","LINK2":" ","LINK3":" ","SAMP_SIZE":17,"MEAN":20.7299995,"ST_DEV":2.8499999,"MAX_":23.7000008,"MIN_":13.3999996,"COMMENTS":" ","Shape_Leng":1191.76753749,"Shape_Length":1191.7677354160992}},{"type":"Feature","id":405,"geometry":{"type":"LineString","coordinates":[[-122.9155657,48.5503858],[-122.9162539,48.5507169],[-122.916703,48.550883],[-122.9171339,48.5509698],[-122.9173288,48.5509713]]},"properties":{"OBJECTID_1":405,"OBJECTID":405,"ID":1,"SITECODE":"sjs0598","SITECODE1":" ","ISLAND":"Lopez","LENGTH":486.638,"SITE":" ","LINK1":" ","LINK2":" ","LINK3":" ","SAMP_SIZE":17,"MEAN":20.7299995,"ST_DEV":2.8499999,"MAX_":23.7000008,"MIN_":13.3999996,"COMMENTS":" ","Shape_Leng":486.638479926,"Shape_Length":486.6387850530174}},{"type":"Feature","id":406,"geometry":{"type":"LineString","coordinates":[[-122.9206269,48.5508693],[-122.9205905,48.5505511],[-122.9209251,48.549853],[-122.9210066,48.549556],[-122.9211135,48.5493052],[-122.921246,48.5488207],[-122.9216046,48.5481376],[-122.9216725,48.5477942],[-122.921769,48.5475747],[-122.9218534,48.5473477],[-122.9219312,48.5472452],[-122.9219757,48.5469022]]},"properties":{"OBJECTID_1":406,"OBJECTID":406,"ID":1,"SITECODE":"sjs0597","SITECODE1":" ","ISLAND":"Lopez","LENGTH":1495.047,"SITE":" ","LINK1":" ","LINK2":" ","LINK3":" ","SAMP_SIZE":35,"MEAN":22.4799995,"ST_DEV":2.31999993,"MAX_":27.2000008,"MIN_":18.1000004,"COMMENTS":" ","Shape_Leng":1495.04760447,"Shape_Length":1495.0475204355562}},{"type":"Feature","id":407,"geometry":{"type":"LineString","coordinates":[[-122.9219757,48.5469022],[-122.9220377,48.5466989],[-122.9220203,48.5465592],[-122.9222777,48.5459791],[-122.9223544,48.5455656],[-122.9224454,48.5449263],[-122.9225124,48.5445595],[-122.922519,48.544435],[-122.9226059,48.5439824],[-122.9227371,48.5434668],[-122.9228225,48.543263],[-122.9227933,48.5431236],[-122.9228806,48.5429665],[-122.9229179,48.5427325]]},"properties":{"OBJECTID_1":407,"OBJECTID":407,"ID":1,"SITECODE":"sjs0597","SITECODE1":" ","ISLAND":"Lopez","LENGTH":1546.654,"SITE":" ","LINK1":" ","LINK2":" ","LINK3":" ","SAMP_SIZE":35,"MEAN":22.4799995,"ST_DEV":2.31999993,"MAX_":27.2000008,"MIN_":18.1000004,"COMMENTS":" ","Shape_Leng":1546.65355528,"Shape_Length":1546.6534229853}},{"type":"Feature","id":408,"geometry":{"type":"LineString","coordinates":[[-122.9228726,48.5344667],[-122.9227909,48.5341882],[-122.9227849,48.5340405],[-122.9225106,48.5336333],[-122.9224359,48.533238],[-122.9222015,48.532659],[-122.9221881,48.5323326],[-122.9219932,48.531574],[-122.9219755,48.5314266],[-122.9216016,48.5308734],[-122.9212539,48.530102]]},"properties":{"OBJECTID_1":408,"OBJECTID":408,"ID":1,"SITECODE":"sjs0595","SITECODE1":" ","ISLAND":"Lopez","LENGTH":1653.017,"SITE":" ","LINK1":" ","LINK2":" ","LINK3":" ","SAMP_SIZE":17,"MEAN":25.6200008,"ST_DEV":2,"MAX_":28.8999996,"MIN_":20.7999992,"COMMENTS":" ","Shape_Leng":1653.0166345,"Shape_Length":1653.0165281980667}},{"type":"Feature","id":409,"geometry":{"type":"LineString","coordinates":[[-122.9212773,48.5301016],[-122.920843,48.5292151],[-122.9208608,48.5273561],[-122.9204723,48.5264455],[-122.9206986,48.525967]]},"properties":{"OBJECTID_1":409,"OBJECTID":409,"ID":1,"SITECODE":"sjs0595","SITECODE1":" ","ISLAND":"Lopez","LENGTH":1546.568,"SITE":" ","LINK1":" ","LINK2":" ","LINK3":" ","SAMP_SIZE":17,"MEAN":25.6200008,"ST_DEV":2,"MAX_":28.8999996,"MIN_":20.7999992,"COMMENTS":" ","Shape_Leng":1546.5683515,"Shape_Length":1546.568461151634}},{"type":"Feature","id":410,"geometry":{"type":"LineString","coordinates":[[-122.920686,48.5259439],[-122.9206881,48.5254228],[-122.920627,48.525074],[-122.9213936,48.5240647],[-122.922133,48.5232504],[-122.9232756,48.5228487],[-122.9240597,48.5228423]]},"properties":{"OBJECTID_1":410,"OBJECTID":410,"ID":1,"SITECODE":"sjs0594","SITECODE1":" ","ISLAND":"Lopez","LENGTH":1580.88,"SITE":" ","LINK1":" ","LINK2":" ","LINK3":" ","SAMP_SIZE":13,"MEAN":25.6800003,"ST_DEV":3.00999999,"MAX_":30,"MIN_":20.3999996,"COMMENTS":" ","Shape_Leng":1580.88000069,"Shape_Length":1580.8799594966385}},{"type":"Feature","id":411,"geometry":{"type":"LineString","coordinates":[[-122.9173441,48.5220846],[-122.9174007,48.5220369],[-122.9181035,48.5214721],[-122.9188705,48.5213339],[-122.9190558,48.5212839],[-122.9191051,48.5213452],[-122.9188506,48.5214198],[-122.9175762,48.5220338],[-122.9174611,48.5220825],[-122.9173552,48.5220688]]},"properties":{"OBJECTID_1":411,"OBJECTID":411,"ID":1,"SITECODE":"flats57","SITECODE1":" ","ISLAND":"Lopez","LENGTH":1064.063,"SITE":"Fisherman Bay","LINK1":" ","LINK2":" ","LINK3":" ","SAMP_SIZE":21,"MEAN":7,"ST_DEV":3,"MAX_":3,"MIN_":14,"COMMENTS":" ","Shape_Leng":1064.0624365,"Shape_Length":1064.062017832333}},{"type":"Feature","id":412,"geometry":{"type":"LineString","coordinates":[[-122.9180395,48.5204778],[-122.9181767,48.5203976],[-122.918361,48.5203243],[-122.9184495,48.5201983],[-122.9185238,48.5200103],[-122.9184049,48.5199658],[-122.9183392,48.5200758],[-122.918342,48.5201458],[-122.9182178,48.5202569],[-122.9180016,48.5204085],[-122.9180977,48.520469]]},"properties":{"OBJECTID_1":412,"OBJECTID":412,"ID":1,"SITECODE":"flats57","SITECODE1":" ","ISLAND":"Lopez","LENGTH":478.58,"SITE":"Fisherman Bay","LINK1":" ","LINK2":" ","LINK3":" ","SAMP_SIZE":21,"MEAN":7,"ST_DEV":3,"MAX_":3,"MIN_":14,"COMMENTS":" ","Shape_Leng":478.579482556,"Shape_Length":478.5798772653554}},{"type":"Feature","id":413,"geometry":{"type":"LineString","coordinates":[[-122.9191965,48.518995],[-122.9191079,48.5188333],[-122.9192331,48.5187455],[-122.919474,48.5189122],[-122.9195285,48.5190979],[-122.9194238,48.5191153],[-122.9192079,48.518987]]},"properties":{"OBJECTID_1":413,"OBJECTID":413,"ID":1,"SITECODE":"flats57","SITECODE1":" ","ISLAND":"Lopez","LENGTH":356.588,"SITE":"Fisherman Bay","LINK1":" ","LINK2":" ","LINK3":" ","SAMP_SIZE":21,"MEAN":7,"ST_DEV":3,"MAX_":3,"MIN_":14,"COMMENTS":" ","Shape_Leng":356.588261725,"Shape_Length":356.5883139862921}},{"type":"Feature","id":414,"geometry":{"type":"LineString","coordinates":[[-122.9188194,48.5195073],[-122.9187893,48.5193445],[-122.9180956,48.5189837],[-122.9178908,48.5188396],[-122.9174589,48.518583],[-122.9163849,48.518369],[-122.9153296,48.518038],[-122.9144937,48.5176331],[-122.9138348,48.5172639],[-122.9130116,48.5165943],[-122.9128978,48.5160987],[-122.9129313,48.5157714],[-122.9133318,48.5152588],[-122.9135104,48.5150456],[-122.9137216,48.5150573],[-122.9136009,48.5152539],[-122.9136398,48.5156343],[-122.9137621,48.516052],[-122.9140005,48.5167321],[-122.9148326,48.5173315],[-122.9153795,48.5175394],[-122.915923,48.5176619],[-122.9167737,48.5181443],[-122.9172451,48.5182213],[-122.9179719,48.5182471],[-122.9182663,48.5185762],[-122.9189353,48.5189064],[-122.9189012,48.5192181],[-122.9189458,48.5194506],[-122.9187953,48.5194921]]},"properties":{"OBJECTID_1":414,"OBJECTID":414,"ID":1,"SITECODE":"flats57","SITECODE1":" ","ISLAND":"Lopez","LENGTH":4831.014,"SITE":"Fisherman Bay","LINK1":" ","LINK2":" ","LINK3":" ","SAMP_SIZE":21,"MEAN":7,"ST_DEV":3,"MAX_":3,"MIN_":14,"COMMENTS":" ","Shape_Leng":4831.01364751,"Shape_Length":4831.013931825857}},{"type":"Feature","id":415,"geometry":{"type":"LineString","coordinates":[[-122.9165732,48.5163826],[-122.9168485,48.5165331],[-122.9169718,48.5163987],[-122.9169042,48.5161744],[-122.916765,48.5159203],[-122.9167429,48.515664],[-122.916655,48.5155179],[-122.9162367,48.5153076],[-122.9158805,48.5151818],[-122.9156159,48.5152955],[-122.9151916,48.5158008],[-122.9155173,48.516036],[-122.9165969,48.5163899]]},"properties":{"OBJECTID_1":415,"OBJECTID":415,"ID":1,"SITECODE":"flats57","SITECODE1":" ","ISLAND":"Lopez","LENGTH":1397.78,"SITE":"Fisherman Bay","LINK1":" ","LINK2":" ","LINK3":" ","SAMP_SIZE":21,"MEAN":7,"ST_DEV":3,"MAX_":3,"MIN_":14,"COMMENTS":" ","Shape_Leng":1397.78038939,"Shape_Length":1397.7803475187875}},{"type":"Feature","id":416,"geometry":{"type":"LineString","coordinates":[[-122.9145337,48.5140162],[-122.9145732,48.5138366],[-122.9141405,48.5138444],[-122.9140143,48.5139089],[-122.9139783,48.514174],[-122.913989,48.5144382],[-122.9141319,48.5144978],[-122.9143197,48.5142223],[-122.9145334,48.5140084]]},"properties":{"OBJECTID_1":416,"OBJECTID":416,"ID":1,"SITECODE":"flats57","SITECODE1":" ","ISLAND":"Lopez","LENGTH":648.12,"SITE":"Fisherman Bay","LINK1":" ","LINK2":" ","LINK3":" ","SAMP_SIZE":21,"MEAN":7,"ST_DEV":3,"MAX_":3,"MIN_":14,"COMMENTS":" ","Shape_Leng":648.120089936,"Shape_Length":648.1200448913276}},{"type":"Feature","id":417,"geometry":{"type":"LineString","coordinates":[[-122.9146537,48.5125879],[-122.9147068,48.5122072],[-122.9150475,48.5110315],[-122.9158896,48.5098164],[-122.9164124,48.5091843],[-122.9178965,48.5080184],[-122.918418,48.5073559],[-122.9202175,48.50664],[-122.9223681,48.5055683],[-122.925407,48.5049818],[-122.9273741,48.506131],[-122.9284697,48.5077668],[-122.9263711,48.5089895],[-122.9246328,48.5100842],[-122.9233754,48.5106385],[-122.92215,48.51142],[-122.9217086,48.5118077],[-122.9218031,48.511882],[-122.9223161,48.5115689],[-122.9237761,48.510935],[-122.9251682,48.5103175],[-122.9269367,48.5094046],[-122.929129,48.5076789],[-122.927713,48.5060338],[-122.9254587,48.5045708],[-122.9223691,48.5044747],[-122.9198544,48.5061453],[-122.9178883,48.5066971],[-122.9177315,48.5067759],[-122.9181161,48.5072398],[-122.9178729,48.5074417],[-122.9174791,48.507312],[-122.9172105,48.5074536],[-122.9166376,48.5074183],[-122.9164636,48.5081961],[-122.9159173,48.5088135],[-122.9143906,48.510618],[-122.914085,48.5120969],[-122.9142394,48.5125194],[-122.9146759,48.5125723]]},"properties":{"OBJECTID_1":417,"OBJECTID":417,"ID":1,"SITECODE":"flats57","SITECODE1":" ","ISLAND":"Lopez","LENGTH":16347.103,"SITE":"Fisherman Bay","LINK1":" ","LINK2":" ","LINK3":" ","SAMP_SIZE":21,"MEAN":7,"ST_DEV":3,"MAX_":3,"MIN_":14,"COMMENTS":" ","Shape_Leng":16347.1032512,"Shape_Length":16347.10306504467}},{"type":"Feature","id":418,"geometry":{"type":"LineString","coordinates":[[-122.9182745,48.5156061],[-122.9194469,48.5152053],[-122.9201538,48.5146002],[-122.9203551,48.5144902],[-122.9205366,48.5144566],[-122.9203391,48.5146576],[-122.91961,48.5152783],[-122.918322,48.5156508],[-122.9182961,48.5155753]]},"properties":{"OBJECTID_1":418,"OBJECTID":418,"ID":1,"SITECODE":"flats57","SITECODE1":" ","ISLAND":"Lopez","LENGTH":1451.4,"SITE":"Fisherman Bay","LINK1":" ","LINK2":" ","LINK3":" ","SAMP_SIZE":21,"MEAN":7,"ST_DEV":3,"MAX_":3,"MIN_":14,"COMMENTS":" ","Shape_Leng":1451.40049448,"Shape_Length":1451.4006402632303}},{"type":"Feature","id":419,"geometry":{"type":"LineString","coordinates":[[-122.9348903,48.5138172],[-122.9351604,48.5131592],[-122.9352634,48.5128839],[-122.9358716,48.5115514],[-122.9360931,48.5113803],[-122.9361892,48.5109381],[-122.9366152,48.5096241],[-122.9367958,48.5090133],[-122.9372415,48.5076229],[-122.9374049,48.5071491],[-122.9377811,48.5062917],[-122.9379019,48.5058946]]},"properties":{"OBJECTID_1":419,"OBJECTID":419,"ID":1,"SITECODE":"sjs0592","SITECODE1":" ","ISLAND":"Lopez","LENGTH":2992.666,"SITE":" ","LINK1":" ","LINK2":" ","LINK3":" ","SAMP_SIZE":13,"MEAN":22.5900002,"ST_DEV":6.07999992,"MAX_":30.6000004,"MIN_":11.8999996,"COMMENTS":" ","Shape_Leng":2992.66638274,"Shape_Length":2992.666244883113}},{"type":"Feature","id":420,"geometry":{"type":"LineString","coordinates":[[-122.9423384,48.4970801],[-122.9425283,48.4966969],[-122.9426834,48.4964346],[-122.9427607,48.496237],[-122.9428364,48.4958559],[-122.9429818,48.4955039],[-122.9431605,48.4950085],[-122.9432868,48.494587],[-122.9435849,48.4935031],[-122.9437266,48.49306],[-122.9439054,48.4918568],[-122.943931,48.4913703],[-122.9439366,48.4903981],[-122.9440248,48.4892117],[-122.9439912,48.4883641]]},"properties":{"OBJECTID_1":420,"OBJECTID":420,"ID":1,"SITECODE":"sjs0590","SITECODE1":" ","ISLAND":"Lopez","LENGTH":3223.776,"SITE":" ","LINK1":" ","LINK2":" ","LINK3":" ","SAMP_SIZE":15,"MEAN":17.2099991,"ST_DEV":3.5,"MAX_":21.8999996,"MIN_":10.8000002,"COMMENTS":" ","Shape_Leng":3223.77586019,"Shape_Length":3223.775702112092}},{"type":"Feature","id":421,"geometry":{"type":"LineString","coordinates":[[-122.9439785,48.4883678],[-122.944143,48.4880463],[-122.9443339,48.4872027],[-122.944429,48.4865908],[-122.9445583,48.4860784],[-122.944742,48.4854249],[-122.94518,48.4847367],[-122.9454825,48.483681],[-122.9457675,48.4832957]]},"properties":{"OBJECTID_1":421,"OBJECTID":421,"ID":1,"SITECODE":"sjs0589","SITECODE1":" ","ISLAND":"Lopez","LENGTH":1912.896,"SITE":" ","LINK1":" ","LINK2":" ","LINK3":" ","SAMP_SIZE":9,"MEAN":14.1099997,"ST_DEV":4.07000017,"MAX_":21.3999996,"MIN_":7.69999981,"COMMENTS":" ","Shape_Leng":1912.89591457,"Shape_Length":1912.896168659332}},{"type":"Feature","id":422,"geometry":{"type":"LineString","coordinates":[[-122.946996,48.4788023],[-122.947103,48.4777502],[-122.9470004,48.477452],[-122.9472099,48.476698],[-122.9476856,48.4765593],[-122.9477383,48.4763783]]},"properties":{"OBJECTID_1":422,"OBJECTID":422,"ID":1,"SITECODE":"sjs0588","SITECODE1":" ","ISLAND":"Lopez","LENGTH":969.278,"SITE":" ","LINK1":" ","LINK2":" ","LINK3":" ","SAMP_SIZE":13,"MEAN":21.4699993,"ST_DEV":4.19000006,"MAX_":27.1000004,"MIN_":14,"COMMENTS":" ","Shape_Leng":969.27845976,"Shape_Length":969.2783079010592}},{"type":"Feature","id":423,"geometry":{"type":"LineString","coordinates":[[-122.9443461,48.470729],[-122.9439672,48.4695657],[-122.9439622,48.4694457],[-122.9439318,48.4694363],[-122.9439614,48.4694258]]},"properties":{"OBJECTID_1":423,"OBJECTID":423,"ID":1,"SITECODE":"sjs0587","SITECODE1":" ","ISLAND":"Lopez","LENGTH":494.322,"SITE":" ","LINK1":" ","LINK2":" ","LINK3":" ","SAMP_SIZE":3,"MEAN":26.6299992,"ST_DEV":0.230000004,"MAX_":26.8999996,"MIN_":26.5,"COMMENTS":" ","Shape_Leng":494.321947061,"Shape_Length":494.32197720364354}},{"type":"Feature","id":424,"geometry":{"type":"LineString","coordinates":[[-122.9437038,48.4639093],[-122.9436111,48.463851],[-122.9431854,48.4637387]]},"properties":{"OBJECTID_1":424,"OBJECTID":424,"ID":1,"SITECODE":"sjs0586","SITECODE1":" ","ISLAND":"Lopez","LENGTH":142.065,"SITE":" ","LINK1":" ","LINK2":" ","LINK3":" ","SAMP_SIZE":3,"MEAN":19.7999992,"ST_DEV":5.28999996,"MAX_":25.8999996,"MIN_":16.3999996,"COMMENTS":" ","Shape_Leng":142.065231109,"Shape_Length":142.06524650961614}},{"type":"Feature","id":425,"geometry":{"type":"LineString","coordinates":[[-122.916595,48.4533784],[-122.9162632,48.4529843],[-122.9162425,48.4528446]]},"properties":{"OBJECTID_1":425,"OBJECTID":425,"ID":1,"SITECODE":"sjs0582","SITECODE1":" ","ISLAND":"Lopez","LENGTH":215.981,"SITE":" ","LINK1":" ","LINK2":" ","LINK3":" ","SAMP_SIZE":16,"MEAN":14.8000002,"ST_DEV":3.8599999,"MAX_":20.1000004,"MIN_":7.69999981,"COMMENTS":" ","Shape_Leng":215.98128803,"Shape_Length":215.9809945771139}},{"type":"Feature","id":426,"geometry":{"type":"LineString","coordinates":[[-122.9170236,48.4506101],[-122.9161989,48.4499248],[-122.9162143,48.4499345]]},"properties":{"OBJECTID_1":426,"OBJECTID":426,"ID":1,"SITECODE":"sjs0582","SITECODE1":" ","ISLAND":"Lopez","LENGTH":325.414,"SITE":" ","LINK1":" ","LINK2":" ","LINK3":" ","SAMP_SIZE":16,"MEAN":14.8000002,"ST_DEV":3.8599999,"MAX_":20.1000004,"MIN_":7.69999981,"COMMENTS":" ","Shape_Leng":325.414374368,"Shape_Length":325.4144271959865}},{"type":"Feature","id":427,"geometry":{"type":"LineString","coordinates":[[-122.9162309,48.4492341],[-122.9158618,48.4494007]]},"properties":{"OBJECTID_1":427,"OBJECTID":427,"ID":1,"SITECODE":"sjs0582","SITECODE1":" ","ISLAND":"Lopez","LENGTH":108.265,"SITE":" ","LINK1":" ","LINK2":" ","LINK3":" ","SAMP_SIZE":16,"MEAN":14.8000002,"ST_DEV":3.8599999,"MAX_":20.1000004,"MIN_":7.69999981,"COMMENTS":" ","Shape_Leng":108.264363852,"Shape_Length":108.26429923789087}},{"type":"Feature","id":428,"geometry":{"type":"LineString","coordinates":[[-122.920003,48.4421846],[-122.9197594,48.442109]]},"properties":{"OBJECTID_1":428,"OBJECTID":428,"ID":1,"SITECODE":"sjs0740","SITECODE1":" ","ISLAND":"Long","LENGTH":65.249,"SITE":" ","LINK1":" ","LINK2":" ","LINK3":" ","SAMP_SIZE":3,"MEAN":16.2600002,"ST_DEV":3,"MAX_":18,"MIN_":12.8000002,"COMMENTS":" ","Shape_Leng":65.2488214152,"Shape_Length":65.24859719268305}},{"type":"Feature","id":429,"geometry":{"type":"LineString","coordinates":[[-122.9171864,48.4398349],[-122.917099,48.4395364]]},"properties":{"OBJECTID_1":429,"OBJECTID":429,"ID":1,"SITECODE":"sjs0739","SITECODE1":" ","ISLAND":"Long","LENGTH":110.935,"SITE":" ","LINK1":" ","LINK2":" ","LINK3":" ","SAMP_SIZE":7,"MEAN":20.0100002,"ST_DEV":5,"MAX_":23.7000008,"MIN_":10,"COMMENTS":" ","Shape_Leng":110.935321454,"Shape_Length":110.93538414103844}},{"type":"Feature","id":430,"geometry":{"type":"LineString","coordinates":[[-122.9210724,48.4396548],[-122.9208284,48.4395692]]},"properties":{"OBJECTID_1":430,"OBJECTID":430,"ID":1,"SITECODE":"sjs0739","SITECODE1":" ","ISLAND":"Long","LENGTH":66.96,"SITE":" ","LINK1":" ","LINK2":" ","LINK3":" ","SAMP_SIZE":7,"MEAN":20.0100002,"ST_DEV":5,"MAX_":23.7000008,"MIN_":10,"COMMENTS":" ","Shape_Leng":66.9595507159,"Shape_Length":66.95968256441517}},{"type":"Feature","id":431,"geometry":{"type":"LineString","coordinates":[[-122.9245128,48.4385024],[-122.9246475,48.4381199]]},"properties":{"OBJECTID_1":431,"OBJECTID":431,"ID":1,"SITECODE":"sjs0739","SITECODE1":" ","ISLAND":"Long","LENGTH":143.325,"SITE":" ","LINK1":" ","LINK2":" ","LINK3":" ","SAMP_SIZE":7,"MEAN":20.0100002,"ST_DEV":5,"MAX_":23.7000008,"MIN_":10,"COMMENTS":" ","Shape_Leng":143.325153664,"Shape_Length":143.32507930936598}},{"type":"Feature","id":432,"geometry":{"type":"LineString","coordinates":[[-122.9281283,48.4423678],[-122.9275546,48.4423081]]},"properties":{"OBJECTID_1":432,"OBJECTID":432,"ID":1,"SITECODE":"sjs0740","SITECODE1":" ","ISLAND":"Long","LENGTH":140.938,"SITE":" ","LINK1":" ","LINK2":" ","LINK3":" ","SAMP_SIZE":3,"MEAN":16.2600002,"ST_DEV":3,"MAX_":18,"MIN_":12.8000002,"COMMENTS":" ","Shape_Leng":140.937900592,"Shape_Length":140.93778799230267}},{"type":"Feature","id":433,"geometry":{"type":"LineString","coordinates":[[-122.9127311,48.4445061],[-122.9129601,48.444592],[-122.9128627,48.4447837],[-122.9125411,48.4450096],[-122.9118521,48.445072],[-122.9111622,48.4451144],[-122.9106243,48.4451941],[-122.9097367,48.44518],[-122.9094671,48.4452048]]},"properties":{"OBJECTID_1":433,"OBJECTID":433,"ID":1,"SITECODE":"sjs0735","SITECODE1":" ","ISLAND":"Charles","LENGTH":1003.393,"SITE":" ","LINK1":" ","LINK2":" ","LINK3":" ","SAMP_SIZE":9,"MEAN":14.4799995,"ST_DEV":1.00999999,"MAX_":15.8999996,"MIN_":13,"COMMENTS":" ","Shape_Leng":1003.3929378,"Shape_Length":1003.3930020611017}},{"type":"Feature","id":434,"geometry":{"type":"LineString","coordinates":[[-122.9058653,48.4446193],[-122.9058479,48.4445596],[-122.9055393,48.4443651],[-122.905647,48.4440531],[-122.9052808,48.4435496],[-122.9061652,48.4427435],[-122.9060235,48.4425861]]},"properties":{"OBJECTID_1":434,"OBJECTID":434,"ID":1,"SITECODE":"sjs0737","SITECODE1":" ","ISLAND":"Charles","LENGTH":877.217,"SITE":" ","LINK1":" ","LINK2":" ","LINK3":" ","SAMP_SIZE":7,"MEAN":13.2399998,"ST_DEV":4.53999996,"MAX_":19.7999992,"MIN_":9.30000019,"COMMENTS":" ","Shape_Leng":877.216996242,"Shape_Length":877.217013763615}},{"type":"Feature","id":435,"geometry":{"type":"LineString","coordinates":[[-122.9044845,48.4417034],[-122.9044776,48.4415335]]},"properties":{"OBJECTID_1":435,"OBJECTID":435,"ID":1,"SITECODE":"sjs0737","SITECODE1":" ","ISLAND":"Charles","LENGTH":62.008,"SITE":" ","LINK1":" ","LINK2":" ","LINK3":" ","SAMP_SIZE":7,"MEAN":13.2399998,"ST_DEV":4.53999996,"MAX_":19.7999992,"MIN_":9.30000019,"COMMENTS":" ","Shape_Leng":62.0078080577,"Shape_Length":62.00807808339596}},{"type":"Feature","id":436,"geometry":{"type":"LineString","coordinates":[[-122.9126008,48.442778],[-122.912524,48.4427394]]},"properties":{"OBJECTID_1":436,"OBJECTID":436,"ID":1,"SITECODE":"sjs0735","SITECODE1":" ","ISLAND":"Charles","LENGTH":23.356,"SITE":" ","LINK1":" ","LINK2":" ","LINK3":" ","SAMP_SIZE":9,"MEAN":14.4799995,"ST_DEV":1.00999999,"MAX_":15.8999996,"MIN_":13,"COMMENTS":" ","Shape_Leng":23.3555187433,"Shape_Length":23.355770134951538}},{"type":"Feature","id":437,"geometry":{"type":"LineString","coordinates":[[-122.9055772,48.4464148],[-122.9054846,48.4463565],[-122.9052743,48.4463603],[-122.9051625,48.4462787],[-122.9048306,48.4461682],[-122.9046028,48.4460712],[-122.9044181,48.446114],[-122.9041642,48.4460503],[-122.903768,48.4459171],[-122.9037253,48.446348]]},"properties":{"OBJECTID_1":437,"OBJECTID":437,"ID":1,"SITECODE":"sjs0580","SITECODE1":" ","ISLAND":"Lopez","LENGTH":656.603,"SITE":" ","LINK1":" ","LINK2":" ","LINK3":" ","SAMP_SIZE":30,"MEAN":12.3599997,"ST_DEV":7.32000017,"MAX_":24.7999992,"MIN_":5,"COMMENTS":" ","Shape_Leng":656.602877189,"Shape_Length":656.6026526281755}},{"type":"Feature","id":438,"geometry":{"type":"LineString","coordinates":[[-122.9028712,48.4475335],[-122.90282,48.4477545],[-122.9026734,48.4478471],[-122.9024354,48.4479114],[-122.9021845,48.4480259],[-122.9019619,48.4480999],[-122.9018405,48.4480721]]},"properties":{"OBJECTID_1":438,"OBJECTID":438,"ID":1,"SITECODE":"sjs0580","SITECODE1":" ","ISLAND":"Lopez","LENGTH":358.361,"SITE":" ","LINK1":" ","LINK2":" ","LINK3":" ","SAMP_SIZE":30,"MEAN":12.3599997,"ST_DEV":7.32000017,"MAX_":24.7999992,"MIN_":5,"COMMENTS":" ","Shape_Leng":358.361013418,"Shape_Length":358.36094537775296}},{"type":"Feature","id":439,"geometry":{"type":"LineString","coordinates":[[-122.8965295,48.4479769],[-122.8964263,48.4480287],[-122.89617,48.4483834],[-122.8957411,48.4485611],[-122.8955385,48.4487547],[-122.8944771,48.4485336],[-122.8937628,48.4487163],[-122.892909,48.4484215],[-122.8925554,48.4482278],[-122.8923947,48.4479706],[-122.8917464,48.447552],[-122.891753,48.4473419],[-122.8918059,48.4471609],[-122.891922,48.4470588]]},"properties":{"OBJECTID_1":439,"OBJECTID":439,"ID":1,"SITECODE":"sjs0580","SITECODE1":" ","ISLAND":"Lopez","LENGTH":1695.439,"SITE":" ","LINK1":" ","LINK2":" ","LINK3":" ","SAMP_SIZE":30,"MEAN":12.3599997,"ST_DEV":7.32000017,"MAX_":24.7999992,"MIN_":5,"COMMENTS":" ","Shape_Leng":1695.43918129,"Shape_Length":1695.4392354794622}},{"type":"Feature","id":440,"geometry":{"type":"LineString","coordinates":[[-122.8830333,48.4465966],[-122.8827937,48.4466208]]},"properties":{"OBJECTID_1":440,"OBJECTID":440,"ID":1,"SITECODE":"sjs0579","SITECODE1":" ","ISLAND":"Charles","LENGTH":58.815,"SITE":" ","LINK1":" ","LINK2":" ","LINK3":" ","SAMP_SIZE":4,"MEAN":7.8499999,"ST_DEV":0.430000007,"MAX_":8.19999981,"MIN_":7.30000019,"COMMENTS":" ","Shape_Leng":58.8144848806,"Shape_Length":58.81460608258449}},{"type":"Feature","id":441,"geometry":{"type":"LineString","coordinates":[[-122.8694152,48.4341947],[-122.8696188,48.434021],[-122.8700048,48.4335242],[-122.8699392,48.4333853],[-122.8692941,48.4334166],[-122.8689708,48.4336024],[-122.8688958,48.4339838],[-122.8691887,48.4341686],[-122.8694152,48.4341947]]},"properties":{"OBJECTID_1":441,"OBJECTID":441,"ID":1,"SITECODE":"flats58","SITECODE1":" ","ISLAND":"Lopez","LENGTH":892.364,"SITE":"Fisherman Bay","LINK1":" ","LINK2":" ","LINK3":" ","SAMP_SIZE":12,"MEAN":8,"ST_DEV":2,"MAX_":6,"MIN_":11,"COMMENTS":" ","Shape_Leng":892.363471718,"Shape_Length":892.3634013483185}},{"type":"Feature","id":442,"geometry":{"type":"LineString","coordinates":[[-122.8703455,48.4333981],[-122.871,48.4332266],[-122.8719067,48.4333506],[-122.8723305,48.4334231],[-122.8724394,48.4327611],[-122.8720896,48.4326572],[-122.8716682,48.4326447],[-122.8712271,48.4325124],[-122.8703872,48.4325572],[-122.869926,48.4326754],[-122.8703151,48.4333887]]},"properties":{"OBJECTID_1":442,"OBJECTID":442,"ID":1,"SITECODE":"flats58","SITECODE1":" ","ISLAND":"Lopez","LENGTH":1658.922,"SITE":" ","LINK1":" ","LINK2":" ","LINK3":" ","SAMP_SIZE":12,"MEAN":8,"ST_DEV":2,"MAX_":6,"MIN_":11,"COMMENTS":" ","Shape_Leng":1658.92172942,"Shape_Length":1658.9216137419226}},{"type":"Feature","id":443,"geometry":{"type":"LineString","coordinates":[[-122.8726108,48.4336683],[-122.8729377,48.4339525],[-122.8733817,48.4341548],[-122.8740983,48.4329019],[-122.8734705,48.4326129],[-122.8727971,48.4326848],[-122.8726258,48.433668]]},"properties":{"OBJECTID_1":443,"OBJECTID":443,"ID":1,"SITECODE":"flats58","SITECODE1":" ","ISLAND":"Lopez","LENGTH":1462.239,"SITE":" ","LINK1":" ","LINK2":" ","LINK3":" ","SAMP_SIZE":12,"MEAN":8,"ST_DEV":2,"MAX_":6,"MIN_":11,"COMMENTS":" ","Shape_Leng":1462.23890162,"Shape_Length":1462.238513076065}},{"type":"Feature","id":444,"geometry":{"type":"LineString","coordinates":[[-122.8736845,48.4342094],[-122.874121,48.4346018],[-122.8743894,48.4349271],[-122.8748446,48.4354092],[-122.8748529,48.4356191],[-122.8743092,48.4363088],[-122.8747987,48.4365202],[-122.8753192,48.436381],[-122.8759122,48.4354203],[-122.8753483,48.4348502],[-122.8752941,48.4346211],[-122.8754474,48.4343183],[-122.875363,48.4337097],[-122.8750399,48.4331453],[-122.8743125,48.4329981],[-122.8736698,48.4342197]]},"properties":{"OBJECTID_1":444,"OBJECTID":444,"ID":1,"SITECODE":"flats58","SITECODE1":" ","ISLAND":"Lopez","LENGTH":3088.792,"SITE":"Fisherman Bay","LINK1":" ","LINK2":" ","LINK3":" ","SAMP_SIZE":12,"MEAN":8,"ST_DEV":2,"MAX_":6,"MIN_":11,"COMMENTS":" ","Shape_Leng":3088.79156966,"Shape_Length":3088.7911209319645}},{"type":"Feature","id":445,"geometry":{"type":"LineString","coordinates":[[-122.8747343,48.4367914],[-122.8746564,48.4367228],[-122.8744283,48.4366568],[-122.8742256,48.4368504],[-122.8740217,48.437014],[-122.8739063,48.4371361],[-122.8739664,48.437135],[-122.8741439,48.4370619],[-122.874385,48.4370776],[-122.8745644,48.4370545],[-122.8747648,48.4368009]]},"properties":{"OBJECTID_1":445,"OBJECTID":445,"ID":1,"SITECODE":"flats58","SITECODE1":" ","ISLAND":"Lopez","LENGTH":580.957,"SITE":"Fisherman Bay","LINK1":" ","LINK2":" ","LINK3":" ","SAMP_SIZE":12,"MEAN":8,"ST_DEV":2,"MAX_":6,"MIN_":11,"COMMENTS":" ","Shape_Leng":580.956794436,"Shape_Length":580.9566443606434}},{"type":"Feature","id":446,"geometry":{"type":"LineString","coordinates":[[-122.8833237,48.4373296],[-122.8834941,48.4374566]]},"properties":{"OBJECTID_1":446,"OBJECTID":446,"ID":1,"SITECODE":"sjs0575","SITECODE1":" ","ISLAND":"Lopez","LENGTH":62.115,"SITE":" ","LINK1":" ","LINK2":" ","LINK3":" ","SAMP_SIZE":6,"MEAN":17.5100002,"ST_DEV":4.23999977,"MAX_":22.6000004,"MIN_":11.1999998,"COMMENTS":" ","Shape_Leng":62.11503869,"Shape_Length":62.11505959534479}},{"type":"Feature","id":447,"geometry":{"type":"LineString","coordinates":[[-122.8861422,48.4382698],[-122.8862603,48.4382177]]},"properties":{"OBJECTID_1":447,"OBJECTID":447,"ID":1,"SITECODE":"sjs0575","SITECODE1":" ","ISLAND":"Lopez","LENGTH":34.411,"SITE":" ","LINK1":" ","LINK2":" ","LINK3":" ","SAMP_SIZE":6,"MEAN":17.5100002,"ST_DEV":4.23999977,"MAX_":22.6000004,"MIN_":11.1999998,"COMMENTS":" ","Shape_Leng":34.4105500911,"Shape_Length":34.41049491186965}},{"type":"Feature","id":448,"geometry":{"type":"LineString","coordinates":[[-122.8875217,48.4374351],[-122.8872074,48.4374707]]},"properties":{"OBJECTID_1":448,"OBJECTID":448,"ID":1,"SITECODE":"sjs0575","SITECODE1":" ","ISLAND":"Lopez","LENGTH":77.376,"SITE":" ","LINK1":" ","LINK2":" ","LINK3":" ","SAMP_SIZE":6,"MEAN":17.5100002,"ST_DEV":4.23999977,"MAX_":22.6000004,"MIN_":11.1999998,"COMMENTS":" ","Shape_Leng":77.3757015302,"Shape_Length":77.37560795484004}},{"type":"Feature","id":449,"geometry":{"type":"LineString","coordinates":[[-122.8815267,48.4322404],[-122.8807646,48.4319738]]},"properties":{"OBJECTID_1":449,"OBJECTID":449,"ID":1,"SITECODE":"sjs0574","SITECODE1":" ","ISLAND":"Lopez","LENGTH":209.026,"SITE":" ","LINK1":" ","LINK2":" ","LINK3":" ","SAMP_SIZE":10,"MEAN":16.6599998,"ST_DEV":2.06999993,"MAX_":19.7999992,"MIN_":12.8999996,"COMMENTS":" ","Shape_Leng":209.025723109,"Shape_Length":209.02580238505067}},{"type":"Feature","id":450,"geometry":{"type":"LineString","coordinates":[[-122.8801035,48.4323556],[-122.8799121,48.432079],[-122.8794141,48.4312776],[-122.8793603,48.4310585],[-122.8794038,48.4310177],[-122.8793299,48.4302989],[-122.8798122,48.4295802],[-122.8808894,48.4290811],[-122.8809693,48.4284495],[-122.8822357,48.4277969],[-122.8824257,48.4276636]]},"properties":{"OBJECTID_1":450,"OBJECTID":450,"ID":1,"SITECODE":"sjs0574","SITECODE1":" ","ISLAND":"Lopez","LENGTH":2082.467,"SITE":" ","LINK1":" ","LINK2":" ","LINK3":" ","SAMP_SIZE":10,"MEAN":16.6599998,"ST_DEV":2.06999993,"MAX_":19.7999992,"MIN_":12.8999996,"COMMENTS":" ","Shape_Leng":2082.46726691,"Shape_Length":2082.4671089740627}},{"type":"Feature","id":451,"geometry":{"type":"LineString","coordinates":[[-122.8812684,48.4299145],[-122.8814039,48.4299221],[-122.8814612,48.4298511],[-122.8813687,48.4297927],[-122.8812786,48.4297943],[-122.8811747,48.4298261],[-122.8811763,48.4298661],[-122.8812379,48.429905]]},"properties":{"OBJECTID_1":451,"OBJECTID":451,"ID":1,"SITECODE":"sjs0574","SITECODE1":" ","ISLAND":"Lopez","LENGTH":178.275,"SITE":" ","LINK1":" ","LINK2":" ","LINK3":" ","SAMP_SIZE":10,"MEAN":16.6599998,"ST_DEV":2.06999993,"MAX_":19.7999992,"MIN_":12.8999996,"COMMENTS":" ","Shape_Leng":178.274391639,"Shape_Length":178.2744020329678}},{"type":"Feature","id":452,"geometry":{"type":"LineString","coordinates":[[-122.8845881,48.426495],[-122.8846466,48.4264539],[-122.8847982,48.4261112],[-122.8854743,48.4261092],[-122.8852311,48.4256634],[-122.8852875,48.4255724]]},"properties":{"OBJECTID_1":452,"OBJECTID":452,"ID":1,"SITECODE":"sjs0573","SITECODE1":" ","ISLAND":"Lopez","LENGTH":524.099,"SITE":" ","LINK1":" ","LINK2":" ","LINK3":" ","SAMP_SIZE":13,"MEAN":21.7600002,"ST_DEV":3.21000004,"MAX_":26.1000004,"MIN_":14.8999996,"COMMENTS":" ","Shape_Leng":524.09870354,"Shape_Length":524.0983177551707}},{"type":"Feature","id":453,"geometry":{"type":"LineString","coordinates":[[-122.8889238,48.4236874],[-122.888966,48.4236166]]},"properties":{"OBJECTID_1":453,"OBJECTID":453,"ID":1,"SITECODE":"sjs0573","SITECODE1":" ","ISLAND":"Lopez","LENGTH":27.779,"SITE":" ","LINK1":" ","LINK2":" ","LINK3":" ","SAMP_SIZE":13,"MEAN":21.7600002,"ST_DEV":3.21000004,"MAX_":26.1000004,"MIN_":14.8999996,"COMMENTS":" ","Shape_Leng":27.778777185,"Shape_Length":27.77892315615543}},{"type":"Feature","id":454,"geometry":{"type":"LineString","coordinates":[[-122.8904016,48.4234411],[-122.8905656,48.4234081],[-122.8908967,48.4234223],[-122.891137,48.423418],[-122.8913606,48.423374]]},"properties":{"OBJECTID_1":454,"OBJECTID":454,"ID":1,"SITECODE":"sjs0573","SITECODE1":" ","ISLAND":"Lopez","LENGTH":237.15,"SITE":" ","LINK1":" ","LINK2":" ","LINK3":" ","SAMP_SIZE":13,"MEAN":21.7600002,"ST_DEV":3.21000004,"MAX_":26.1000004,"MIN_":14.8999996,"COMMENTS":" ","Shape_Leng":237.150123847,"Shape_Length":237.15016135214523}},{"type":"Feature","id":455,"geometry":{"type":"LineString","coordinates":[[-122.8926401,48.4226811],[-122.8924209,48.422835]]},"properties":{"OBJECTID_1":455,"OBJECTID":455,"ID":1,"SITECODE":"sjs0573","SITECODE1":" ","ISLAND":"Lopez","LENGTH":77.376,"SITE":" ","LINK1":" ","LINK2":" ","LINK3":" ","SAMP_SIZE":13,"MEAN":21.7600002,"ST_DEV":3.21000004,"MAX_":26.1000004,"MIN_":14.8999996,"COMMENTS":" ","Shape_Leng":77.3756291224,"Shape_Length":77.37560795062535}},{"type":"Feature","id":456,"geometry":{"type":"LineString","coordinates":[[-122.8716284,48.4195628],[-122.871585,48.4199836]]},"properties":{"OBJECTID_1":456,"OBJECTID":456,"ID":1,"SITECODE":"sjs0648","SITECODE1":" ","ISLAND":"Lopez","LENGTH":153.889,"SITE":" ","LINK1":" ","LINK2":" ","LINK3":" ","SAMP_SIZE":2,"MEAN":22.7000008,"ST_DEV":0.419999987,"MAX_":23,"MIN_":22.3999996,"COMMENTS":" ","Shape_Leng":153.889471376,"Shape_Length":153.8897179021388}},{"type":"Feature","id":457,"geometry":{"type":"LineString","coordinates":[[-122.8705261,48.4201823],[-122.8703731,48.420115],[-122.870236,48.4200674],[-122.8698452,48.4200643],[-122.8695263,48.4199799],[-122.8690564,48.4198782]]},"properties":{"OBJECTID_1":457,"OBJECTID":457,"ID":1,"SITECODE":"sjs0647","SITECODE1":" ","ISLAND":"Lopez","LENGTH":380.3,"SITE":" ","LINK1":" ","LINK2":" ","LINK3":" ","SAMP_SIZE":9,"MEAN":19.8500004,"ST_DEV":4.07999992,"MAX_":24.8999996,"MIN_":12.1999998,"COMMENTS":" ","Shape_Leng":380.300005205,"Shape_Length":380.2998294383858}},{"type":"Feature","id":458,"geometry":{"type":"LineString","coordinates":[[-122.8671455,48.4201919],[-122.8668053,48.4203279]]},"properties":{"OBJECTID_1":458,"OBJECTID":458,"ID":1,"SITECODE":"sjs0647","SITECODE1":" ","ISLAND":"Lopez","LENGTH":96.367,"SITE":" ","LINK1":" ","LINK2":" ","LINK3":" ","SAMP_SIZE":9,"MEAN":19.8500004,"ST_DEV":4.07999992,"MAX_":24.8999996,"MIN_":12.1999998,"COMMENTS":" ","Shape_Leng":96.3664214944,"Shape_Length":96.36645918705071}},{"type":"Feature","id":459,"geometry":{"type":"LineString","coordinates":[[-122.8626774,48.4270388],[-122.8625876,48.4271018],[-122.862208,48.4274771]]},"properties":{"OBJECTID_1":459,"OBJECTID":459,"ID":1,"SITECODE":"sjs0644","SITECODE1":" ","ISLAND":"Lopez","LENGTH":196.791,"SITE":" ","LINK1":" ","LINK2":" ","LINK3":" ","SAMP_SIZE":3,"MEAN":7.76000023,"ST_DEV":1.10000002,"MAX_":8.89999962,"MIN_":6.69999981,"COMMENTS":" ","Shape_Leng":196.791311849,"Shape_Length":196.79134663531283}},{"type":"Feature","id":460,"geometry":{"type":"LineString","coordinates":[[-122.8593873,48.4297945],[-122.8594983,48.4296305]]},"properties":{"OBJECTID_1":460,"OBJECTID":460,"ID":1,"SITECODE":"sjs0644","SITECODE1":" ","ISLAND":"Lopez","LENGTH":65.599,"SITE":" ","LINK1":" ","LINK2":" ","LINK3":" ","SAMP_SIZE":3,"MEAN":7.76000023,"ST_DEV":1.10000002,"MAX_":8.89999962,"MIN_":6.69999981,"COMMENTS":" ","Shape_Leng":65.5989537111,"Shape_Length":65.59899151697256}},{"type":"Feature","id":461,"geometry":{"type":"LineString","coordinates":[[-122.8433317,48.4308903],[-122.8432063,48.4309036],[-122.843142,48.4309774],[-122.843084,48.4309951],[-122.8430107,48.4310523],[-122.8427831,48.4310283],[-122.8427606,48.4310957],[-122.8426038,48.4311655]]},"properties":{"OBJECTID_1":461,"OBJECTID":461,"ID":1,"SITECODE":"sjs0642","SITECODE1":" ","ISLAND":"Lopez","LENGTH":231.752,"SITE":" ","LINK1":" ","LINK2":" ","LINK3":" ","SAMP_SIZE":11,"MEAN":6.6500001,"ST_DEV":2.18000007,"MAX_":11.3999996,"MIN_":4.0999999,"COMMENTS":" ","Shape_Leng":231.752497101,"Shape_Length":231.75217835401077}},{"type":"Feature","id":462,"geometry":{"type":"LineString","coordinates":[[-122.8413167,48.4313051],[-122.8410379,48.4312597],[-122.8408338,48.4316207]]},"properties":{"OBJECTID_1":462,"OBJECTID":462,"ID":1,"SITECODE":"sjs0642","SITECODE1":" ","ISLAND":"Lopez","LENGTH":210.4,"SITE":" ","LINK1":" ","LINK2":" ","LINK3":" ","SAMP_SIZE":11,"MEAN":6.6500001,"ST_DEV":2.18000007,"MAX_":11.3999996,"MIN_":4.0999999,"COMMENTS":" ","Shape_Leng":210.399573913,"Shape_Length":210.39949025106955}},{"type":"Feature","id":463,"geometry":{"type":"LineString","coordinates":[[-122.837199,48.4309688],[-122.836864,48.4307735]]},"properties":{"OBJECTID_1":463,"OBJECTID":463,"ID":1,"SITECODE":"sjs0641","SITECODE1":" ","ISLAND":"Lopez","LENGTH":108.119,"SITE":" ","LINK1":" ","LINK2":" ","LINK3":" ","SAMP_SIZE":2,"MEAN":7,"ST_DEV":0.280000001,"MAX_":7.19999981,"MIN_":6.80000019,"COMMENTS":" ","Shape_Leng":108.119092894,"Shape_Length":108.11923807898235}},{"type":"Feature","id":464,"geometry":{"type":"LineString","coordinates":[[-122.8305437,48.4286206],[-122.8304414,48.4287955]]},"properties":{"OBJECTID_1":464,"OBJECTID":464,"ID":1,"SITECODE":"sjs0640","SITECODE1":" ","ISLAND":"Lopez","LENGTH":68.477,"SITE":" ","LINK1":" ","LINK2":" ","LINK3":" ","SAMP_SIZE":15,"MEAN":10.1199999,"ST_DEV":4.98000002,"MAX_":17.7000008,"MIN_":4.30000019,"COMMENTS":" ","Shape_Leng":68.477205709,"Shape_Length":68.47705121715369}},{"type":"Feature","id":465,"geometry":{"type":"LineString","coordinates":[[-122.8302549,48.4294794],[-122.8301655,48.4295077],[-122.8301192,48.4296089],[-122.8294693,48.4297004],[-122.8293328,48.4298098],[-122.8287681,48.429766],[-122.8284718,48.429644],[-122.8283875,48.4295451],[-122.8283316,48.4293989],[-122.8282671,48.4292929]]},"properties":{"OBJECTID_1":465,"OBJECTID":465,"ID":1,"SITECODE":"sjs0640","SITECODE1":" ","ISLAND":"Lopez","LENGTH":636.614,"SITE":" ","LINK1":" ","LINK2":" ","LINK3":" ","SAMP_SIZE":15,"MEAN":10.1199999,"ST_DEV":4.98000002,"MAX_":17.7000008,"MIN_":4.30000019,"COMMENTS":" ","Shape_Leng":636.614165172,"Shape_Length":636.6140604950093}},{"type":"Feature","id":466,"geometry":{"type":"LineString","coordinates":[[-122.8279197,48.4288908],[-122.8276341,48.4285277],[-122.8275511,48.4284623],[-122.8264359,48.4277054],[-122.8267665,48.4274187],[-122.826767,48.4271711]]},"properties":{"OBJECTID_1":466,"OBJECTID":466,"ID":1,"SITECODE":"sjs0640","SITECODE1":" ","ISLAND":"Lopez","LENGTH":789.667,"SITE":" ","LINK1":" ","LINK2":" ","LINK3":" ","SAMP_SIZE":15,"MEAN":10.1199999,"ST_DEV":4.98000002,"MAX_":17.7000008,"MIN_":4.30000019,"COMMENTS":" ","Shape_Leng":789.666346514,"Shape_Length":789.6664437846165}},{"type":"Feature","id":467,"geometry":{"type":"LineString","coordinates":[[-122.8113405,48.4220195],[-122.811309,48.4220701],[-122.8112448,48.4221379],[-122.8111461,48.4221785],[-122.8107727,48.422463],[-122.8105543,48.4226503],[-122.8099444,48.4228721],[-122.8096781,48.4231159],[-122.8094879,48.4231692],[-122.8093459,48.4231716]]},"properties":{"OBJECTID_1":467,"OBJECTID":467,"ID":1,"SITECODE":"sjs0638","SITECODE1":" ","ISLAND":"Lopez","LENGTH":665.029,"SITE":" ","LINK1":" ","LINK2":" ","LINK3":" ","SAMP_SIZE":12,"MEAN":23.0499992,"ST_DEV":1.76999998,"MAX_":25.7999992,"MIN_":21,"COMMENTS":" ","Shape_Leng":665.029214055,"Shape_Length":665.0291519956586}},{"type":"Feature","id":468,"geometry":{"type":"LineString","coordinates":[[-122.8087072,48.4243784],[-122.8085057,48.4245709],[-122.8084113,48.4247227],[-122.8081445,48.4247384],[-122.8080723,48.4248175],[-122.8079991,48.4248688],[-122.8073723,48.4250853],[-122.8064052,48.4253633],[-122.8058928,48.425728],[-122.8059093,48.4257222]]},"properties":{"OBJECTID_1":468,"OBJECTID":468,"ID":1,"SITECODE":"sjs0637","SITECODE1":"sjs0638","ISLAND":"Lopez","LENGTH":884.291,"SITE":" ","LINK1":" ","LINK2":" ","LINK3":" ","SAMP_SIZE":17,"MEAN":21.6399994,"ST_DEV":7.13999987,"MAX_":28.1000004,"MIN_":5.4000001,"COMMENTS":" ","Shape_Leng":884.290992283,"Shape_Length":884.2906833909404}},{"type":"Feature","id":469,"geometry":{"type":"LineString","coordinates":[[-122.8027468,48.4275894],[-122.802692,48.4274679]]},"properties":{"OBJECTID_1":469,"OBJECTID":469,"ID":1,"SITECODE":"sjs0637","SITECODE1":" ","ISLAND":"Lopez","LENGTH":46.256,"SITE":" ","LINK1":" ","LINK2":" ","LINK3":" ","SAMP_SIZE":17,"MEAN":21.6399994,"ST_DEV":7.13999987,"MAX_":28.1000004,"MIN_":5.4000001,"COMMENTS":" ","Shape_Leng":46.2565507803,"Shape_Length":46.25645961507951}},{"type":"Feature","id":470,"geometry":{"type":"LineString","coordinates":[[-122.8031612,48.4288004],[-122.8031016,48.4289906],[-122.8028148,48.4291401],[-122.8029305,48.4293216]]},"properties":{"OBJECTID_1":470,"OBJECTID":470,"ID":1,"SITECODE":"sjs0637","SITECODE1":" ","ISLAND":"Lopez","LENGTH":231.241,"SITE":" ","LINK1":" ","LINK2":" ","LINK3":" ","SAMP_SIZE":17,"MEAN":21.6399994,"ST_DEV":7.13999987,"MAX_":28.1000004,"MIN_":5.4000001,"COMMENTS":" ","Shape_Leng":231.240646278,"Shape_Length":231.24059108896148}},{"type":"Feature","id":471,"geometry":{"type":"LineString","coordinates":[[-122.804474,48.4319659],[-122.8046577,48.4319888],[-122.8050111,48.4320089],[-122.8053149,48.4320993],[-122.8055566,48.432269],[-122.80584,48.4325075],[-122.8061355,48.4327197],[-122.8063654,48.4329244],[-122.8068711,48.4331678],[-122.8069106,48.4331758],[-122.807019,48.4332783],[-122.807367,48.4334983],[-122.8077,48.4336664],[-122.8080203,48.4338435],[-122.8086658,48.4339889],[-122.8087994,48.4340648],[-122.8094108,48.4343412],[-122.809714,48.4344142],[-122.8098422,48.4346901],[-122.8099376,48.4347928],[-122.8100092,48.4349567],[-122.8100909,48.4350422]]},"properties":{"OBJECTID_1":471,"OBJECTID":471,"ID":1,"SITECODE":"sjs0636","SITECODE1":"sjs0635","ISLAND":"Lopez","LENGTH":1848.109,"SITE":" ","LINK1":" ","LINK2":" ","LINK3":" ","SAMP_SIZE":12,"MEAN":18.9599991,"ST_DEV":1.09000003,"MAX_":20.6000004,"MIN_":17.5,"COMMENTS":" ","Shape_Leng":1848.10899173,"Shape_Length":1848.1089133051385}},{"type":"Feature","id":472,"geometry":{"type":"LineString","coordinates":[[-122.8092003,48.4390379],[-122.8091715,48.4389688]]},"properties":{"OBJECTID_1":472,"OBJECTID":472,"ID":1,"SITECODE":"sjs0635","SITECODE1":" ","ISLAND":"Lopez","LENGTH":26.136,"SITE":" ","LINK1":" ","LINK2":" ","LINK3":" ","SAMP_SIZE":13,"MEAN":19.1299992,"ST_DEV":2.00999999,"MAX_":22.2000008,"MIN_":15,"COMMENTS":" ","Shape_Leng":26.1361046469,"Shape_Length":26.136264636283993}},{"type":"Feature","id":473,"geometry":{"type":"LineString","coordinates":[[-122.853429,48.538954],[-122.8534717,48.5389802],[-122.8541025,48.5392214],[-122.8551304,48.5399025],[-122.8558048,48.5399365]]},"properties":{"OBJECTID_1":473,"OBJECTID":887,"ID":1,"SITECODE":"sjs0610","SITECODE1":" ","ISLAND":"Lopez","LENGTH":706.048,"SITE":" ","LINK1":" ","LINK2":" ","LINK3":" ","SAMP_SIZE":4,"MEAN":18.9699993,"ST_DEV":1.50999999,"MAX_":20.7999992,"MIN_":17.1000004,"COMMENTS":" ","Shape_Leng":706.047619059,"Shape_Length":706.0478184761839}},{"type":"Feature","id":474,"geometry":{"type":"LineString","coordinates":[[-122.9203831,48.6841563],[-122.9204071,48.6842175],[-122.92065,48.6844667]]},"properties":{"OBJECTID_1":474,"OBJECTID":888,"ID":1,"SITECODE":"sjs0394","SITECODE1":" ","ISLAND":"Orcas","LENGTH":131.272,"SITE":" ","LINK1":" ","LINK2":" ","LINK3":" ","SAMP_SIZE":13,"MEAN":10.71,"ST_DEV":1.50999999,"MAX_":12.6000004,"MIN_":8.10000038,"COMMENTS":" ","Shape_Leng":131.271963439,"Shape_Length":131.27199610309714}},{"type":"Feature","id":475,"geometry":{"type":"LineString","coordinates":[[-122.9207519,48.6848559],[-122.9206326,48.6849149],[-122.9202369,48.6849575],[-122.9204021,48.6851441],[-122.9205448,48.6852198],[-122.9206641,48.685325]]},"properties":{"OBJECTID_1":475,"OBJECTID":889,"ID":1,"SITECODE":"sjs0394","SITECODE1":" ","ISLAND":"Orcas","LENGTH":303.886,"SITE":" ","LINK1":" ","LINK2":" ","LINK3":" ","SAMP_SIZE":13,"MEAN":10.71,"ST_DEV":1.50999999,"MAX_":12.6000004,"MIN_":8.10000038,"COMMENTS":" ","Shape_Leng":303.885940714,"Shape_Length":303.88600521745803}},{"type":"Feature","id":476,"geometry":{"type":"LineString","coordinates":[[-122.8187562,48.6029343],[-122.8187244,48.6031149],[-122.8186532,48.603279],[-122.8185191,48.6034871],[-122.8184499,48.6037026],[-122.8181905,48.6040157],[-122.8179778,48.6041994],[-122.8177134,48.6043839],[-122.8174894,48.6046107],[-122.8171124,48.6048914]]},"properties":{"OBJECTID_1":476,"OBJECTID":890,"ID":1,"SITECODE":"sjs0376","SITECODE1":" ","ISLAND":"Orcas","LENGTH":835.323,"SITE":" ","LINK1":" ","LINK2":" ","LINK3":" ","SAMP_SIZE":16,"MEAN":18.75,"ST_DEV":3.02999997,"MAX_":22.7999992,"MIN_":12.3999996,"COMMENTS":" ","Shape_Leng":835.323106129,"Shape_Length":835.3229991184455}},{"type":"Feature","id":477,"geometry":{"type":"LineString","coordinates":[[-122.8166922,48.6050615],[-122.8162231,48.605301],[-122.8151454,48.6051908],[-122.8140443,48.605141],[-122.8125703,48.6051491],[-122.8119231,48.6048],[-122.8116974,48.6046496]]},"properties":{"OBJECTID_1":477,"OBJECTID":891,"ID":1,"SITECODE":"sjs0376","SITECODE1":" ","ISLAND":"Orcas","LENGTH":1310.006,"SITE":" ","LINK1":" ","LINK2":" ","LINK3":" ","SAMP_SIZE":16,"MEAN":18.75,"ST_DEV":3.02999997,"MAX_":22.7999992,"MIN_":12.3999996,"COMMENTS":" ","Shape_Leng":1310.00542249,"Shape_Length":1310.005398544841}},{"type":"Feature","id":478,"geometry":{"type":"LineString","coordinates":[[-122.8089158,48.4387733],[-122.8088595,48.43867],[-122.8087641,48.4385673],[-122.8088334,48.4383315],[-122.8088695,48.4382526]]},"properties":{"OBJECTID_1":478,"OBJECTID":473,"ID":1,"SITECODE":"sjs0635","SITECODE1":" ","ISLAND":"Lopez","LENGTH":201.856,"SITE":" ","LINK1":" ","LINK2":" ","LINK3":" ","SAMP_SIZE":13,"MEAN":19.1299992,"ST_DEV":2.00999999,"MAX_":22.2000008,"MIN_":15,"COMMENTS":" ","Shape_Leng":201.855701037,"Shape_Length":201.85573608222276}},{"type":"Feature","id":479,"geometry":{"type":"LineString","coordinates":[[-122.8076899,48.4422098],[-122.8069107,48.4426663],[-122.8062295,48.4429561],[-122.8059166,48.443309],[-122.8051541,48.4435219]]},"properties":{"OBJECTID_1":479,"OBJECTID":474,"ID":1,"SITECODE":"sjs0634","SITECODE1":" ","ISLAND":"Lopez","LENGTH":798.451,"SITE":" ","LINK1":" ","LINK2":" ","LINK3":" ","SAMP_SIZE":5,"MEAN":21.1800003,"ST_DEV":1.40999997,"MAX_":23.6000004,"MIN_":20.1000004,"COMMENTS":" ","Shape_Leng":798.451246705,"Shape_Length":798.4512111069828}},{"type":"Feature","id":480,"geometry":{"type":"LineString","coordinates":[[-122.8303396,48.4774809],[-122.8299462,48.4768223]]},"properties":{"OBJECTID_1":480,"OBJECTID":475,"ID":1,"SITECODE":"sjs0697","SITECODE1":" ","ISLAND":"Ram","LENGTH":258.519,"SITE":" ","LINK1":" ","LINK2":" ","LINK3":" ","SAMP_SIZE":0,"MEAN":0,"ST_DEV":0,"MAX_":0,"MIN_":0,"COMMENTS":" ","Shape_Leng":258.519503063,"Shape_Length":258.5192359040256}},{"type":"Feature","id":481,"geometry":{"type":"LineString","coordinates":[[-122.8303354,48.4681264],[-122.8300248,48.4678761]]},"properties":{"OBJECTID_1":481,"OBJECTID":476,"ID":1,"SITECODE":"sjs0627","SITECODE1":"sjs0150","ISLAND":"Lopez","LENGTH":118.405,"SITE":" ","LINK1":" ","LINK2":" ","LINK3":" ","SAMP_SIZE":9,"MEAN":5.03999996,"ST_DEV":0.970000029,"MAX_":6.5999999,"MIN_":3.5,"COMMENTS":" ","Shape_Leng":118.405174019,"Shape_Length":118.40499988164738}},{"type":"Feature","id":482,"geometry":{"type":"LineString","coordinates":[[-122.8297853,48.4668797],[-122.8297998,48.4668239],[-122.8296254,48.4666379],[-122.8295538,48.4665169],[-122.8295705,48.4665166],[-122.8294885,48.4661289],[-122.8295523,48.46605],[-122.8295356,48.4660503]]},"properties":{"OBJECTID_1":482,"OBJECTID":477,"ID":1,"SITECODE":"sjs0627","SITECODE1":"sjs0150","ISLAND":"Lopez","LENGTH":331.695,"SITE":" ","LINK1":" ","LINK2":" ","LINK3":" ","SAMP_SIZE":9,"MEAN":5.03999996,"ST_DEV":0.970000029,"MAX_":6.5999999,"MIN_":3.5,"COMMENTS":" ","Shape_Leng":331.695736398,"Shape_Length":331.69650841968314}},{"type":"Feature","id":483,"geometry":{"type":"LineString","coordinates":[[-122.8291267,48.4640244],[-122.8278264,48.4633303],[-122.8266609,48.4627425],[-122.82628,48.4621845],[-122.8258213,48.4613022],[-122.8259163,48.4603887],[-122.8276967,48.4591638],[-122.8296151,48.458132],[-122.8305014,48.4574219],[-122.831161,48.4567591],[-122.8329636,48.4552733],[-122.8346512,48.4533551]]},"properties":{"OBJECTID_1":483,"OBJECTID":478,"ID":1,"SITECODE":"flats59","SITECODE1":" ","ISLAND":"Lopez","LENGTH":5011.757,"SITE":"Mud Bay","LINK1":" ","LINK2":" ","LINK3":" ","SAMP_SIZE":16,"MEAN":6,"ST_DEV":1,"MAX_":3,"MIN_":9,"COMMENTS":" ","Shape_Leng":5011.75656197,"Shape_Length":5011.756842565143}},{"type":"Feature","id":484,"geometry":{"type":"LineString","coordinates":[[-122.8291259,48.4640027],[-122.8282938,48.4627577],[-122.8277698,48.4618766],[-122.8275461,48.4611639],[-122.8286113,48.4600165],[-122.8301836,48.4593163],[-122.8308195,48.458046],[-122.8316228,48.4568814],[-122.8333567,48.4553099],[-122.8352468,48.4535619]]},"properties":{"OBJECTID_1":484,"OBJECTID":479,"ID":1,"SITECODE":"flats59","SITECODE1":" ","ISLAND":"Lopez","LENGTH":4511.877,"SITE":"Mud Bay","LINK1":" ","LINK2":" ","LINK3":" ","SAMP_SIZE":16,"MEAN":6,"ST_DEV":1,"MAX_":3,"MIN_":9,"COMMENTS":" ","Shape_Leng":4511.87753519,"Shape_Length":4511.87749026282}},{"type":"Feature","id":485,"geometry":{"type":"LineString","coordinates":[[-122.8346186,48.4533557],[-122.8360829,48.4515716],[-122.8378267,48.4502604],[-122.8409839,48.4492069],[-122.8422792,48.4489455],[-122.8433178,48.4487972],[-122.8451076,48.4478325],[-122.8460225,48.44786],[-122.8494341,48.4482999],[-122.8507334,48.4489721],[-122.8507719,48.4499485],[-122.8502902,48.4509773],[-122.8499209,48.4523734],[-122.8485155,48.4539829],[-122.8466928,48.4557733],[-122.8448931,48.4573245],[-122.8445042,48.4573964],[-122.8442691,48.4572268],[-122.8445575,48.4570915],[-122.8450805,48.456279],[-122.8463228,48.4554975],[-122.8470733,48.4546594],[-122.8480237,48.4539263],[-122.8489552,48.4527159],[-122.8488703,48.452218],[-122.8479459,48.4519518],[-122.8475289,48.4513077],[-122.8468655,48.451037],[-122.8451816,48.4505452],[-122.8423382,48.4496176],[-122.8384935,48.4506179],[-122.8352786,48.4535397]]},"properties":{"OBJECTID_1":485,"OBJECTID":480,"ID":1,"SITECODE":"flats59","SITECODE1":" ","ISLAND":"Lopez","LENGTH":14916.933,"SITE":"Mud Bay","LINK1":" ","LINK2":" ","LINK3":" ","SAMP_SIZE":16,"MEAN":6,"ST_DEV":1,"MAX_":3,"MIN_":9,"COMMENTS":" ","Shape_Leng":14916.9330085,"Shape_Length":14916.933071330011}},{"type":"Feature","id":486,"geometry":{"type":"LineString","coordinates":[[-122.8462498,48.459744],[-122.8463988,48.4596773],[-122.8463195,48.4594128],[-122.8460603,48.4594815],[-122.8460834,48.4597194],[-122.8462364,48.4597534]]},"properties":{"OBJECTID_1":486,"OBJECTID":481,"ID":1,"SITECODE":"flats60","SITECODE1":" ","ISLAND":"Lopez","LENGTH":335.812,"SITE":" ","LINK1":" ","LINK2":" ","LINK3":" ","SAMP_SIZE":20,"MEAN":9.19999981,"ST_DEV":4.88999987,"MAX_":19.8999996,"MIN_":4,"COMMENTS":" ","Shape_Leng":335.811668589,"Shape_Length":335.8114984561649}},{"type":"Feature","id":487,"geometry":{"type":"LineString","coordinates":[[-122.8468041,48.4594685],[-122.8473254,48.4594044],[-122.8480703,48.459419],[-122.8484027,48.459459],[-122.848639,48.4595099],[-122.849248,48.4595726],[-122.8495431,48.4597142],[-122.8506447,48.4596858],[-122.8509209,48.4596993],[-122.8508589,48.4598746],[-122.8505837,48.4598886],[-122.8495053,48.4598065],[-122.8491715,48.4597298],[-122.848482,48.4597235],[-122.8483015,48.45969],[-122.8481065,48.4596384],[-122.847404,48.4596506],[-122.8467446,48.4597079],[-122.84679,48.4594596]]},"properties":{"OBJECTID_1":487,"OBJECTID":482,"ID":1,"SITECODE":"flats60","SITECODE1":" ","ISLAND":"Lopez","LENGTH":2192.729,"SITE":" ","LINK1":" ","LINK2":" ","LINK3":" ","SAMP_SIZE":20,"MEAN":9.19999981,"ST_DEV":4.88999987,"MAX_":19.8999996,"MIN_":4,"COMMENTS":" ","Shape_Leng":2192.72892645,"Shape_Length":2192.7294725801257}},{"type":"Feature","id":488,"geometry":{"type":"LineString","coordinates":[[-122.8476932,48.459994],[-122.8480379,48.4599971],[-122.8484374,48.4599902],[-122.8490598,48.4600435],[-122.8495151,48.4600539],[-122.8505261,48.4601738],[-122.8505551,48.46021],[-122.8504869,48.4602295],[-122.8495752,48.4601812],[-122.8490173,48.4603651],[-122.8483967,48.4603576],[-122.8482358,48.460122],[-122.8480397,48.4600429],[-122.8476928,48.4599848]]},"properties":{"OBJECTID_1":488,"OBJECTID":483,"ID":1,"SITECODE":"flats60","SITECODE1":" ","ISLAND":"Lopez","LENGTH":1485.974,"SITE":" ","LINK1":" ","LINK2":" ","LINK3":" ","SAMP_SIZE":20,"MEAN":9.19999981,"ST_DEV":4.88999987,"MAX_":19.8999996,"MIN_":4,"COMMENTS":" ","Shape_Leng":1485.97406379,"Shape_Length":1485.9746370339735}},{"type":"Feature","id":489,"geometry":{"type":"LineString","coordinates":[[-122.8463095,48.4602106],[-122.8463487,48.4601549],[-122.8462914,48.4601009],[-122.846224,48.4601387],[-122.8462396,48.4601843],[-122.8463088,48.4601922]]},"properties":{"OBJECTID_1":489,"OBJECTID":484,"ID":1,"SITECODE":"flats60","SITECODE1":" ","ISLAND":"Lopez","LENGTH":102.044,"SITE":" ","LINK1":" ","LINK2":" ","LINK3":" ","SAMP_SIZE":20,"MEAN":9.19999981,"ST_DEV":4.88999987,"MAX_":19.8999996,"MIN_":4,"COMMENTS":" ","Shape_Leng":102.043622121,"Shape_Length":102.04350987714419}},{"type":"Feature","id":490,"geometry":{"type":"LineString","coordinates":[[-122.8518543,48.4596005],[-122.8518804,48.4595634],[-122.8518101,48.459528],[-122.8517561,48.4595564],[-122.8517713,48.4595928],[-122.8518819,48.4596001]]},"properties":{"OBJECTID_1":490,"OBJECTID":485,"ID":1,"SITECODE":"flats60","SITECODE1":" ","ISLAND":"Lopez","LENGTH":93.819,"SITE":" ","LINK1":" ","LINK2":" ","LINK3":" ","SAMP_SIZE":20,"MEAN":9.19999981,"ST_DEV":4.88999987,"MAX_":19.8999996,"MIN_":4,"COMMENTS":" ","Shape_Leng":93.8190385079,"Shape_Length":93.81868039412964}},{"type":"Feature","id":491,"geometry":{"type":"LineString","coordinates":[[-122.8563047,48.4578084],[-122.8565671,48.4578221],[-122.8569038,48.4579721],[-122.8574766,48.4581638],[-122.8580098,48.458402],[-122.8584266,48.4584864],[-122.8585459,48.4583651],[-122.8582486,48.4581686],[-122.8576864,48.4578942],[-122.8569626,48.4577144],[-122.8565646,48.457758],[-122.8563047,48.4578084]]},"properties":{"OBJECTID_1":491,"OBJECTID":486,"ID":1,"SITECODE":"flats60","SITECODE1":" ","ISLAND":"Lopez","LENGTH":1254.184,"SITE":" ","LINK1":" ","LINK2":" ","LINK3":" ","SAMP_SIZE":20,"MEAN":9.19999981,"ST_DEV":4.88999987,"MAX_":19.8999996,"MIN_":4,"COMMENTS":" ","Shape_Leng":1254.18425628,"Shape_Length":1254.1841188292308}},{"type":"Feature","id":492,"geometry":{"type":"LineString","coordinates":[[-122.8617957,48.460371],[-122.8618138,48.4604807],[-122.8619715,48.4609821],[-122.8617428,48.4611237],[-122.8614104,48.4610836],[-122.8613491,48.4609289],[-122.8611849,48.4606109],[-122.8610381,48.4603842],[-122.8610638,48.4603379],[-122.8612023,48.4603539],[-122.861767,48.4603439],[-122.8617819,48.4603712]]},"properties":{"OBJECTID_1":492,"OBJECTID":487,"ID":1,"SITECODE":"flats60","SITECODE1":" ","ISLAND":"Lopez","LENGTH":855.771,"SITE":" ","LINK1":" ","LINK2":" ","LINK3":" ","SAMP_SIZE":20,"MEAN":9.19999981,"ST_DEV":4.88999987,"MAX_":19.8999996,"MIN_":4,"COMMENTS":" ","Shape_Leng":855.770723652,"Shape_Length":855.7710810138027}},{"type":"Feature","id":493,"geometry":{"type":"LineString","coordinates":[[-122.8606361,48.4614099],[-122.8608921,48.4614217],[-122.8608763,48.4612717],[-122.8605215,48.4612643],[-122.8603994,48.4613122],[-122.8604023,48.4613855],[-122.8604317,48.4614309],[-122.8605919,48.4614107]]},"properties":{"OBJECTID_1":493,"OBJECTID":488,"ID":1,"SITECODE":"flats60","SITECODE1":" ","ISLAND":"Lopez","LENGTH":322.008,"SITE":" ","LINK1":" ","LINK2":" ","LINK3":" ","SAMP_SIZE":20,"MEAN":9.19999981,"ST_DEV":4.88999987,"MAX_":19.8999996,"MIN_":4,"COMMENTS":" ","Shape_Leng":322.007895911,"Shape_Length":322.00770733481943}},{"type":"Feature","id":494,"geometry":{"type":"LineString","coordinates":[[-122.8574914,48.4644619],[-122.8569588,48.4649388],[-122.856763,48.4648689],[-122.8566369,48.4644677],[-122.8563077,48.4638134],[-122.8571687,48.4632757],[-122.8580725,48.4634708],[-122.85805,48.4639479],[-122.8574776,48.4644622]]},"properties":{"OBJECTID_1":494,"OBJECTID":489,"ID":1,"SITECODE":"flats60","SITECODE1":" ","ISLAND":"Lopez","LENGTH":1596.497,"SITE":" ","LINK1":" ","LINK2":" ","LINK3":" ","SAMP_SIZE":20,"MEAN":9.19999981,"ST_DEV":4.88999987,"MAX_":19.8999996,"MIN_":4,"COMMENTS":" ","Shape_Leng":1596.49631631,"Shape_Length":1596.4966540592322}},{"type":"Feature","id":495,"geometry":{"type":"LineString","coordinates":[[-122.8550861,48.4738027],[-122.8550956,48.4736077],[-122.8553313,48.473466]]},"properties":{"OBJECTID_1":495,"OBJECTID":490,"ID":1,"SITECODE":"sjs0622","SITECODE1":" ","ISLAND":"Lopez","LENGTH":148.234,"SITE":" ","LINK1":" ","LINK2":" ","LINK3":" ","SAMP_SIZE":5,"MEAN":1.72000003,"ST_DEV":0.720000029,"MAX_":2.5,"MIN_":0.899999976,"COMMENTS":" ","Shape_Leng":148.234090097,"Shape_Length":148.23377781372744}},{"type":"Feature","id":496,"geometry":{"type":"LineString","coordinates":[[-122.8538858,48.4813757],[-122.8539261,48.481524],[-122.8543363,48.4818721]]},"properties":{"OBJECTID_1":496,"OBJECTID":491,"ID":1,"SITECODE":"sjs0621","SITECODE1":" ","ISLAND":"Lopez","LENGTH":216.301,"SITE":" ","LINK1":" ","LINK2":" ","LINK3":" ","SAMP_SIZE":3,"MEAN":8.76000023,"ST_DEV":3.81999993,"MAX_":11.5,"MIN_":4.4000001,"COMMENTS":" ","Shape_Leng":216.301339895,"Shape_Length":216.30138466450862}},{"type":"Feature","id":497,"geometry":{"type":"LineString","coordinates":[[-122.8556794,48.4840146],[-122.8556907,48.4838654]]},"properties":{"OBJECTID_1":497,"OBJECTID":492,"ID":1,"SITECODE":"sjs0621","SITECODE1":" ","ISLAND":"Lopez","LENGTH":54.492,"SITE":" ","LINK1":" ","LINK2":" ","LINK3":" ","SAMP_SIZE":3,"MEAN":8.76000023,"ST_DEV":3.81999993,"MAX_":11.5,"MIN_":4.4000001,"COMMENTS":" ","Shape_Leng":54.4916329103,"Shape_Length":54.491419845583124}},{"type":"Feature","id":498,"geometry":{"type":"LineString","coordinates":[[-122.8556735,48.4838657],[-122.8557247,48.4838534]]},"properties":{"OBJECTID_1":498,"OBJECTID":493,"ID":1,"SITECODE":"sjs0621","SITECODE1":" ","ISLAND":"Lopez","LENGTH":13.525,"SITE":" ","LINK1":" ","LINK2":" ","LINK3":" ","SAMP_SIZE":3,"MEAN":8.76000023,"ST_DEV":3.81999993,"MAX_":11.5,"MIN_":4.4000001,"COMMENTS":" ","Shape_Leng":13.5245187651,"Shape_Length":13.524374378397809}},{"type":"Feature","id":499,"geometry":{"type":"LineString","coordinates":[[-122.8548942,48.4846471],[-122.8547613,48.4847755],[-122.8546815,48.4849374],[-122.8545791,48.4849621],[-122.8544603,48.48501]]},"properties":{"OBJECTID_1":499,"OBJECTID":494,"ID":1,"SITECODE":"sjs0620","SITECODE1":" ","ISLAND":"Lopez","LENGTH":179.102,"SITE":" ","LINK1":" ","LINK2":" ","LINK3":" ","SAMP_SIZE":17,"MEAN":11.7700005,"ST_DEV":1.89999998,"MAX_":15.8000002,"MIN_":10,"COMMENTS":" ","Shape_Leng":179.101745397,"Shape_Length":179.10196229891574}},{"type":"Feature","id":500,"geometry":{"type":"LineString","coordinates":[[-122.8597604,48.4878167],[-122.8598216,48.4880563]]},"properties":{"OBJECTID_1":500,"OBJECTID":495,"ID":1,"SITECODE":"sjs0620","SITECODE1":" ","ISLAND":"Lopez","LENGTH":88.657,"SITE":" ","LINK1":" ","LINK2":" ","LINK3":" ","SAMP_SIZE":17,"MEAN":11.7700005,"ST_DEV":1.89999998,"MAX_":15.8000002,"MIN_":10,"COMMENTS":" ","Shape_Leng":88.6565731322,"Shape_Length":88.65630486318827}},{"type":"Feature","id":501,"geometry":{"type":"LineString","coordinates":[[-122.8605343,48.4886397],[-122.8605189,48.4886858],[-122.8603906,48.4889287],[-122.8605901,48.4891773],[-122.860669,48.4894281],[-122.8607234,48.4894959]]},"properties":{"OBJECTID_1":501,"OBJECTID":496,"ID":1,"SITECODE":"sjs0620","SITECODE1":" ","ISLAND":"Lopez","LENGTH":335.436,"SITE":" ","LINK1":" ","LINK2":" ","LINK3":" ","SAMP_SIZE":17,"MEAN":11.7700005,"ST_DEV":1.89999998,"MAX_":15.8000002,"MIN_":10,"COMMENTS":" ","Shape_Leng":335.435566015,"Shape_Length":335.43576125752185}},{"type":"Feature","id":502,"geometry":{"type":"LineString","coordinates":[[-122.8618528,48.4905877],[-122.8617889,48.4907149],[-122.8615709,48.4908677],[-122.8615541,48.4913149],[-122.8614326,48.4917296],[-122.861639,48.49215],[-122.8619636,48.492511],[-122.862164,48.4927826]]},"properties":{"OBJECTID_1":502,"OBJECTID":497,"ID":1,"SITECODE":"sjs0619","SITECODE1":" ","ISLAND":"Lopez","LENGTH":868.191,"SITE":" ","LINK1":" ","LINK2":" ","LINK3":" ","SAMP_SIZE":8,"MEAN":15.9700003,"ST_DEV":2.72000003,"MAX_":19,"MIN_":12.1000004,"COMMENTS":" ","Shape_Leng":868.19059931,"Shape_Length":868.1905038250244}},{"type":"Feature","id":503,"geometry":{"type":"LineString","coordinates":[[-122.8621649,48.4928055],[-122.8626583,48.4935073],[-122.8624425,48.4937174],[-122.8623999,48.4939473]]},"properties":{"OBJECTID_1":503,"OBJECTID":498,"ID":1,"SITECODE":"sjs0619","SITECODE1":" ","ISLAND":"Lopez","LENGTH":459.939,"SITE":" ","LINK1":" ","LINK2":" ","LINK3":" ","SAMP_SIZE":8,"MEAN":15.9700003,"ST_DEV":2.72000003,"MAX_":19,"MIN_":12.1000004,"COMMENTS":" ","Shape_Leng":459.938771316,"Shape_Length":459.9386736436187}},{"type":"Feature","id":504,"geometry":{"type":"LineString","coordinates":[[-122.8675092,48.4975592],[-122.8677265,48.497819],[-122.8682181,48.4980396],[-122.8684149,48.4982195],[-122.8695954,48.4988519],[-122.8695832,48.4989782]]},"properties":{"OBJECTID_1":504,"OBJECTID":499,"ID":1,"SITECODE":"sjs0618","SITECODE1":" ","ISLAND":"Lopez","LENGTH":747.174,"SITE":" ","LINK1":" ","LINK2":" ","LINK3":" ","SAMP_SIZE":7,"MEAN":15.1199999,"ST_DEV":1.91999996,"MAX_":18.2000008,"MIN_":12.8000002,"COMMENTS":" ","Shape_Leng":747.174465519,"Shape_Length":747.1742627494243}},{"type":"Feature","id":505,"geometry":{"type":"LineString","coordinates":[[-122.8651076,48.5126254],[-122.8649366,48.5130982],[-122.8645226,48.513965],[-122.8640592,48.5148899],[-122.8639054,48.5153625],[-122.8635948,48.5157919],[-122.8633898,48.5162768],[-122.8632188,48.5167497],[-122.8629948,48.5171891],[-122.8628746,48.5176381],[-122.8627195,48.5180763],[-122.8625231,48.5183433],[-122.8625209,48.5187216]]},"properties":{"OBJECTID_1":505,"OBJECTID":500,"ID":1,"SITECODE":"sjs0616","SITECODE1":" ","ISLAND":"Lopez","LENGTH":2322.42,"SITE":" ","LINK1":" ","LINK2":" ","LINK3":" ","SAMP_SIZE":21,"MEAN":18.6700001,"ST_DEV":1.47000003,"MAX_":21.6000004,"MIN_":16.6000004,"COMMENTS":" ","Shape_Leng":2322.42029335,"Shape_Length":2322.420558543306}},{"type":"Feature","id":506,"geometry":{"type":"LineString","coordinates":[[-122.8608128,48.5239313],[-122.8608963,48.5242966],[-122.8608269,48.5251573],[-122.860757,48.5255711],[-122.8605556,48.5261476],[-122.8606233,48.5265475],[-122.8604091,48.5272388],[-122.8603719,48.5276062],[-122.8600757,48.5284021],[-122.8598743,48.5289786],[-122.8597486,48.5292902],[-122.859426,48.5298574]]},"properties":{"OBJECTID_1":506,"OBJECTID":501,"ID":1,"SITECODE":"sjs0615","SITECODE1":" ","ISLAND":"Lopez","LENGTH":2209.569,"SITE":" ","LINK1":" ","LINK2":" ","LINK3":" ","SAMP_SIZE":14,"MEAN":18.6599998,"ST_DEV":1.05999994,"MAX_":20.6000004,"MIN_":17.1000004,"COMMENTS":" ","Shape_Leng":2209.56940531,"Shape_Length":2209.5693190395605}},{"type":"Feature","id":507,"geometry":{"type":"LineString","coordinates":[[-122.8573601,48.5325866],[-122.8569867,48.5327421],[-122.8559825,48.5330919],[-122.8545681,48.5335406],[-122.853916,48.5336322],[-122.8533479,48.5336651],[-122.8527861,48.5338582],[-122.8520646,48.5339396],[-122.8514338,48.5341339],[-122.8505802,48.5343665],[-122.850111,48.5347185],[-122.849948,48.5353974]]},"properties":{"OBJECTID_1":507,"OBJECTID":502,"ID":1,"SITECODE":"sjs0614","SITECODE1":" ","ISLAND":"Lopez","LENGTH":2205.938,"SITE":" ","LINK1":" ","LINK2":" ","LINK3":" ","SAMP_SIZE":13,"MEAN":17.8400002,"ST_DEV":1.77999997,"MAX_":20,"MIN_":13.1999998,"COMMENTS":" ","Shape_Leng":2205.9386663,"Shape_Length":2205.9389217371536}},{"type":"Feature","id":508,"geometry":{"type":"LineString","coordinates":[[-122.8426539,48.5394778],[-122.842677,48.5396263]]},"properties":{"OBJECTID_1":508,"OBJECTID":503,"ID":1,"SITECODE":"sjs0612","SITECODE1":" ","ISLAND":"Lopez","LENGTH":54.492,"SITE":" ","LINK1":" ","LINK2":" ","LINK3":" ","SAMP_SIZE":7,"MEAN":14.7200003,"ST_DEV":2.31999993,"MAX_":17.2999992,"MIN_":11.8000002,"COMMENTS":" ","Shape_Leng":54.4916329102,"Shape_Length":54.49174695817522}},{"type":"Feature","id":509,"geometry":{"type":"LineString","coordinates":[[-122.8431687,48.540718],[-122.8431954,48.5409581],[-122.8438986,48.5417252]]},"properties":{"OBJECTID_1":509,"OBJECTID":504,"ID":1,"SITECODE":"sjs0612","SITECODE1":" ","ISLAND":"Lopez","LENGTH":415.481,"SITE":" ","LINK1":" ","LINK2":" ","LINK3":" ","SAMP_SIZE":7,"MEAN":14.7200003,"ST_DEV":2.31999993,"MAX_":17.2999992,"MIN_":11.8000002,"COMMENTS":" ","Shape_Leng":415.481488202,"Shape_Length":415.4812513973193}},{"type":"Feature","id":510,"geometry":{"type":"LineString","coordinates":[[-122.85764,48.5431361],[-122.857424,48.5429107],[-122.8573795,48.5422239]]},"properties":{"OBJECTID_1":510,"OBJECTID":505,"ID":1,"SITECODE":"sjs0610","SITECODE1":" ","ISLAND":"Lopez","LENGTH":348.271,"SITE":" ","LINK1":" ","LINK2":" ","LINK3":" ","SAMP_SIZE":4,"MEAN":18.9699993,"ST_DEV":1.50999999,"MAX_":20.7999992,"MIN_":17.1000004,"COMMENTS":" ","Shape_Leng":348.270970503,"Shape_Length":348.27085541958706}},{"type":"Feature","id":511,"geometry":{"type":"LineString","coordinates":[[-122.8551745,48.5458149],[-122.855283,48.5459391],[-122.8553275,48.5461904],[-122.8554949,48.5464969],[-122.8557373,48.5465156],[-122.8560872,48.5466356],[-122.8572955,48.5466374],[-122.8575805,48.5468616],[-122.8579895,48.5471639],[-122.8577357,48.5472944],[-122.8569895,48.5471928],[-122.856188,48.5470005],[-122.8552503,48.5468565],[-122.8540502,48.5466253],[-122.8537094,48.5462989]]},"properties":{"OBJECTID_1":511,"OBJECTID":506,"ID":1,"SITECODE":"sjs0678","SITECODE1":" ","ISLAND":"Flower","LENGTH":2115.486,"SITE":" ","LINK1":" ","LINK2":" ","LINK3":" ","SAMP_SIZE":15,"MEAN":16.7399998,"ST_DEV":1.95000005,"MAX_":19,"MIN_":13.1000004,"COMMENTS":" ","Shape_Leng":2115.48609324,"Shape_Length":2115.485963331603}},{"type":"Feature","id":512,"geometry":{"type":"LineString","coordinates":[[-122.8531489,48.5456554],[-122.8531793,48.5455518]]},"properties":{"OBJECTID_1":512,"OBJECTID":507,"ID":1,"SITECODE":"sjs0678","SITECODE1":" ","ISLAND":"Flower","LENGTH":38.531,"SITE":" ","LINK1":" ","LINK2":" ","LINK3":" ","SAMP_SIZE":15,"MEAN":16.7399998,"ST_DEV":1.95000005,"MAX_":19,"MIN_":13.1000004,"COMMENTS":" ","Shape_Leng":38.5313753816,"Shape_Length":38.53130586683413}},{"type":"Feature","id":513,"geometry":{"type":"LineString","coordinates":[[-122.8531793,48.5455518],[-122.8531621,48.5455521]]},"properties":{"OBJECTID_1":513,"OBJECTID":508,"ID":1,"SITECODE":"sjs0678","SITECODE1":" ","ISLAND":"Flower","LENGTH":4.179,"SITE":" ","LINK1":" ","LINK2":" ","LINK3":" ","SAMP_SIZE":15,"MEAN":16.7399998,"ST_DEV":1.95000005,"MAX_":19,"MIN_":13.1000004,"COMMENTS":" ","Shape_Leng":4.17945600394,"Shape_Length":4.179453581571579}},{"type":"Feature","id":514,"geometry":{"type":"LineString","coordinates":[[-122.8689449,48.5422326],[-122.8697498,48.5421289],[-122.8707406,48.5426308],[-122.8710455,48.5428403],[-122.8717378,48.5432937],[-122.8719555,48.5433436],[-122.872164,48.5431608],[-122.8721043,48.5430186],[-122.8715886,48.5422577],[-122.8713928,48.5420821],[-122.8700794,48.5416039],[-122.869254,48.541869],[-122.8689712,48.5422142]]},"properties":{"OBJECTID_1":514,"OBJECTID":509,"ID":1,"SITECODE":"flats62","SITECODE1":" ","ISLAND":"Lopez","LENGTH":2148.082,"SITE":" ","LINK1":" ","LINK2":" ","LINK3":" ","SAMP_SIZE":47,"MEAN":12.3199997,"ST_DEV":6.28000021,"MAX_":22.1000004,"MIN_":2.20000005,"COMMENTS":" ","Shape_Leng":2148.08232827,"Shape_Length":2148.082295118771}},{"type":"Feature","id":515,"geometry":{"type":"LineString","coordinates":[[-122.8744604,48.5459675],[-122.8745951,48.5459651],[-122.8747888,48.546087],[-122.8753747,48.5465781],[-122.8751954,48.546814],[-122.8750425,48.547712],[-122.874839,48.54802],[-122.8747951,48.5482714],[-122.8746966,48.5485059],[-122.8741366,48.5493395],[-122.873522,48.5501561],[-122.8732369,48.5504476],[-122.8731093,48.5506289],[-122.8722938,48.5511446],[-122.8718237,48.5515289],[-122.8711203,48.5521501],[-122.8703026,48.5526121],[-122.8695772,48.553359],[-122.8687864,48.5538205],[-122.8679402,48.5535668],[-122.8675259,48.5533234],[-122.8681826,48.5528821],[-122.8683301,48.5525214],[-122.8680945,48.5520242],[-122.8682093,48.5515208],[-122.868227,48.5512877],[-122.8681922,48.5510914],[-122.8674857,48.5509605],[-122.8667325,48.5510095],[-122.8660389,48.5512008],[-122.8654502,48.5513185],[-122.8645871,48.5513158],[-122.8637735,48.5512047],[-122.8630657,48.551038],[-122.8626344,48.5503651],[-122.8621428,48.5495322],[-122.8616137,48.5491117],[-122.8616881,48.5489492],[-122.8616796,48.5487345],[-122.8623491,48.5486154],[-122.8635484,48.5489346],[-122.8647173,48.5491648],[-122.8654265,48.5493672],[-122.866116,48.549749],[-122.866743,48.5499171],[-122.8669834,48.5498592],[-122.8672742,48.5497108],[-122.8675628,48.5495088],[-122.8678039,48.5494687],[-122.8680677,48.5493209],[-122.8684302,48.5496189],[-122.8684643,48.5497973],[-122.8684416,48.5499052],[-122.8688517,48.5507217],[-122.8690525,48.5510225],[-122.8695767,48.5513177],[-122.8704201,48.5514999],[-122.8713875,48.5514112],[-122.8726922,48.5503139],[-122.873168,48.5500728],[-122.873102,48.5497695],[-122.8737236,48.5484514],[-122.8736568,48.5481303],[-122.8738567,48.5477329],[-122.87425,48.5467769],[-122.8740761,48.5464756],[-122.8741193,48.5462062],[-122.8741668,48.5460442],[-122.8744873,48.545967]]},"properties":{"OBJECTID_1":515,"OBJECTID":510,"ID":1,"SITECODE":"flats62","SITECODE1":" ","ISLAND":"Lopez","LENGTH":12270.116,"SITE":" ","LINK1":" ","LINK2":" ","LINK3":" ","SAMP_SIZE":47,"MEAN":12.3199997,"ST_DEV":6.28000021,"MAX_":22.1000004,"MIN_":2.20000005,"COMMENTS":" ","Shape_Leng":12270.116112,"Shape_Length":12270.116238860852}},{"type":"Feature","id":516,"geometry":{"type":"LineString","coordinates":[[-122.8722771,48.5547798],[-122.8724892,48.5546865],[-122.8730969,48.5543714],[-122.8735983,48.554094],[-122.8754424,48.5536676],[-122.8763872,48.5536868],[-122.8773334,48.5537417],[-122.8788521,48.5539477],[-122.8799708,48.5542682],[-122.8815391,48.5543658],[-122.8820734,48.5549114],[-122.8826614,48.5547757],[-122.8828655,48.5544856],[-122.8826377,48.5541852],[-122.8818198,48.5539669],[-122.8802414,48.5536188],[-122.8790447,48.5533713],[-122.8784504,48.553346],[-122.8782505,48.5537434],[-122.8779504,48.5536592],[-122.878234,48.5533319],[-122.8774438,48.553131],[-122.8762324,48.5531881],[-122.8752876,48.553169],[-122.8748351,48.5533202],[-122.8734798,48.5538275],[-122.8725827,48.5543268],[-122.8722089,48.5544229],[-122.871948,48.5546423],[-122.8720884,48.5547831],[-122.8723573,48.5547605]]},"properties":{"OBJECTID_1":516,"OBJECTID":511,"ID":1,"SITECODE":"flats61","SITECODE1":" ","ISLAND":"Lopez","LENGTH":6289.104,"SITE":"Shoal Bay","LINK1":" ","LINK2":" ","LINK3":" ","SAMP_SIZE":14,"MEAN":6,"ST_DEV":2,"MAX_":3,"MIN_":10,"COMMENTS":" ","Shape_Leng":6289.10362748,"Shape_Length":6289.102747205809}},{"type":"Feature","id":517,"geometry":{"type":"LineString","coordinates":[[-122.8836611,48.5553669],[-122.8836656,48.5552098],[-122.8835855,48.5550899],[-122.8836265,48.5550392],[-122.8837043,48.555102],[-122.8837728,48.5552008],[-122.8837324,48.5552657],[-122.8837146,48.5553589],[-122.8836504,48.5553671]]},"properties":{"OBJECTID_1":517,"OBJECTID":512,"ID":1,"SITECODE":"flats61","SITECODE1":" ","ISLAND":"Lopez","LENGTH":271.256,"SITE":"Shoal Bay","LINK1":" ","LINK2":" ","LINK3":" ","SAMP_SIZE":14,"MEAN":6,"ST_DEV":2,"MAX_":3,"MIN_":10,"COMMENTS":" ","Shape_Leng":271.255730035,"Shape_Length":271.256223575483}},{"type":"Feature","id":518,"geometry":{"type":"LineString","coordinates":[[-122.8788321,48.5675924],[-122.8776017,48.5671843],[-122.8774091,48.5664178],[-122.8779645,48.5661394],[-122.8787079,48.5658398],[-122.8792373,48.5662602],[-122.8803537,48.5671895],[-122.8789406,48.5676084]]},"properties":{"OBJECTID_1":518,"OBJECTID":513,"ID":1,"SITECODE":"flats61","SITECODE1":" ","ISLAND":"Lopez","LENGTH":2003.902,"SITE":"Shoal Bay","LINK1":" ","LINK2":" ","LINK3":" ","SAMP_SIZE":14,"MEAN":6,"ST_DEV":2,"MAX_":3,"MIN_":10,"COMMENTS":" ","Shape_Leng":2003.90170089,"Shape_Length":2003.9013082774486}},{"type":"Feature","id":519,"geometry":{"type":"LineString","coordinates":[[-122.9448628,48.5866588],[-122.9445767,48.5865619],[-122.9441112,48.5864683],[-122.9431203,48.5866905],[-122.9425393,48.5869052],[-122.9423571,48.5868405],[-122.9422711,48.5866209],[-122.9424733,48.5865491],[-122.9420397,48.5866081],[-122.9411151,48.5865738],[-122.9403976,48.5865869],[-122.9401641,48.5865231],[-122.9400005,48.5862878],[-122.940096,48.586116],[-122.9397345,48.5860545],[-122.9394491,48.5859746],[-122.9399419,48.5854892],[-122.9397734,48.585135],[-122.9395309,48.5848502],[-122.9393873,48.5844785],[-122.9390514,48.5844165],[-122.93864,48.5843899],[-122.9386435,48.584475],[-122.9380861,48.5846382],[-122.9376982,48.5845602],[-122.937331,48.5843627],[-122.9369459,48.5843526],[-122.9368122,48.5842189],[-122.9370836,48.5839588],[-122.9378053,48.5840478],[-122.9381882,48.5840068],[-122.9384133,48.5838666],[-122.9387373,48.5836396],[-122.9392694,48.5828643],[-122.9399252,48.5825971],[-122.9408073,48.5822238],[-122.9418354,48.5816607]]},"properties":{"OBJECTID_1":519,"OBJECTID":514,"ID":1,"SITECODE":"flats63","SITECODE1":"sjs0079","ISLAND":"Shaw","LENGTH":4675.175,"SITE":"Blind Bay","LINK1":" ","LINK2":" ","LINK3":" ","SAMP_SIZE":30,"MEAN":10,"ST_DEV":4,"MAX_":4,"MIN_":18,"COMMENTS":" ","Shape_Leng":4675.17462194,"Shape_Length":4675.174286200835}},{"type":"Feature","id":520,"geometry":{"type":"LineString","coordinates":[[-122.9448885,48.5866583],[-122.9448544,48.5864548],[-122.9441305,48.5863148],[-122.9430778,48.5862829],[-122.9424329,48.5861926],[-122.9421447,48.5860447],[-122.9418252,48.5857613],[-122.9418702,48.5856073],[-122.9416241,48.5852375],[-122.9416206,48.5851525],[-122.9412811,48.5850055],[-122.9411432,48.5847698],[-122.9410379,48.5847037],[-122.9411084,48.5845493],[-122.9410466,48.5842952],[-122.9406065,48.5835716],[-122.9403625,48.5832527],[-122.9404531,48.5829619],[-122.9411751,48.5824383],[-122.9419698,48.5818113]]},"properties":{"OBJECTID_1":520,"OBJECTID":515,"ID":1,"SITECODE":"flats63","SITECODE1":" ","ISLAND":"Shaw","LENGTH":2584.308,"SITE":"Blind Bay","LINK1":" ","LINK2":" ","LINK3":" ","SAMP_SIZE":30,"MEAN":10,"ST_DEV":4,"MAX_":4,"MIN_":18,"COMMENTS":" ","Shape_Leng":2584.30834053,"Shape_Length":2584.30846169573}},{"type":"Feature","id":521,"geometry":{"type":"LineString","coordinates":[[-122.9418067,48.5816499],[-122.9425378,48.5812552],[-122.9428995,48.5806193],[-122.9426868,48.5799938],[-122.9430531,48.5798155],[-122.9433462,48.5799532],[-122.9433573,48.58022],[-122.9431488,48.5807387],[-122.9426698,48.5813195],[-122.9419993,48.5817895]]},"properties":{"OBJECTID_1":521,"OBJECTID":516,"ID":1,"SITECODE":"flats63","SITECODE1":" ","ISLAND":"Shaw","LENGTH":1677.822,"SITE":"Blind Bay","LINK1":" ","LINK2":" ","LINK3":" ","SAMP_SIZE":30,"MEAN":10,"ST_DEV":4,"MAX_":4,"MIN_":18,"COMMENTS":" ","Shape_Leng":1677.82221637,"Shape_Length":1677.821793083541}},{"type":"Feature","id":522,"geometry":{"type":"LineString","coordinates":[[-122.9422511,48.5795344],[-122.9421024,48.5794132],[-122.941586,48.5790888],[-122.9414229,48.5789678],[-122.9413013,48.5788079],[-122.9415195,48.5788707],[-122.9417707,48.5790378],[-122.9422763,48.5794482],[-122.9422651,48.5795247]]},"properties":{"OBJECTID_1":522,"OBJECTID":517,"ID":1,"SITECODE":"flats63","SITECODE1":" ","ISLAND":"Shaw","LENGTH":718.8,"SITE":"Blind Bay","LINK1":" ","LINK2":" ","LINK3":" ","SAMP_SIZE":30,"MEAN":10,"ST_DEV":4,"MAX_":4,"MIN_":18,"COMMENTS":" ","Shape_Leng":718.800010638,"Shape_Length":718.7998681045924}},{"type":"Feature","id":523,"geometry":{"type":"LineString","coordinates":[[-122.9410434,48.5784789],[-122.9411109,48.5783727],[-122.9410779,48.5782685],[-122.9408629,48.5782819],[-122.9408393,48.5784063],[-122.9408851,48.5784722],[-122.9410726,48.5784879]]},"properties":{"OBJECTID_1":523,"OBJECTID":518,"ID":1,"SITECODE":"flats63","SITECODE1":" ","ISLAND":"Shaw","LENGTH":251.144,"SITE":"Blind Bay","LINK1":" ","LINK2":" ","LINK3":" ","SAMP_SIZE":30,"MEAN":10,"ST_DEV":4,"MAX_":4,"MIN_":18,"COMMENTS":" ","Shape_Leng":251.144323027,"Shape_Length":251.1441974339621}},{"type":"Feature","id":524,"geometry":{"type":"LineString","coordinates":[[-122.9403174,48.5779485],[-122.9398364,48.5777856],[-122.9392945,48.577538],[-122.938396,48.576658],[-122.9383928,48.5765817],[-122.9385396,48.5766553],[-122.9391926,48.5771584],[-122.9401146,48.5775612],[-122.9403107,48.5777865],[-122.9402883,48.5779395]]},"properties":{"OBJECTID_1":524,"OBJECTID":519,"ID":1,"SITECODE":"flats63","SITECODE1":" ","ISLAND":"Shaw","LENGTH":1410.628,"SITE":"Blind Bay","LINK1":" ","LINK2":" ","LINK3":" ","SAMP_SIZE":30,"MEAN":10,"ST_DEV":4,"MAX_":4,"MIN_":18,"COMMENTS":" ","Shape_Leng":1410.62817579,"Shape_Length":1410.6278726607509}},{"type":"Feature","id":525,"geometry":{"type":"LineString","coordinates":[[-122.9371458,48.5749165],[-122.9368189,48.5746555],[-122.9351368,48.5742855],[-122.9335333,48.574429],[-122.9322615,48.5742517],[-122.9324167,48.5741822],[-122.9335127,48.5742768],[-122.9344445,48.5742217],[-122.9351779,48.574237],[-122.9369299,48.5745581],[-122.9375125,48.5747478],[-122.9376826,48.5750403],[-122.9374129,48.5751215],[-122.9370876,48.5748985]]},"properties":{"OBJECTID_1":525,"OBJECTID":520,"ID":1,"SITECODE":"flats63","SITECODE1":" ","ISLAND":"Shaw","LENGTH":2872.678,"SITE":"Blind Bay","LINK1":" ","LINK2":" ","LINK3":" ","SAMP_SIZE":30,"MEAN":10,"ST_DEV":4,"MAX_":4,"MIN_":18,"COMMENTS":" ","Shape_Leng":2872.67826233,"Shape_Length":2872.678234714424}},{"type":"Feature","id":526,"geometry":{"type":"LineString","coordinates":[[-122.9318461,48.5779764],[-122.9322253,48.5784612],[-122.9322643,48.5788628],[-122.9324409,48.5793364],[-122.9325097,48.5799162],[-122.9325523,48.5804071],[-122.9325003,48.5807806],[-122.9319291,48.5810889],[-122.9316162,48.5811244],[-122.9314465,48.5813658],[-122.931338,48.5814572],[-122.930953,48.581926],[-122.9309779,48.5819852],[-122.9306117,48.5823643],[-122.9307429,48.5828238],[-122.931309,48.583484],[-122.9320248,48.5839628],[-122.9322772,48.5840923],[-122.9322898,48.5838537],[-122.9330848,48.5835264],[-122.9339701,48.5832124],[-122.9338506,48.5830358],[-122.9337243,48.5826953],[-122.9342626,48.5821343],[-122.9333314,48.5813317],[-122.9328381,48.5808043],[-122.9328213,48.579851],[-122.9330455,48.5792956],[-122.9330078,48.5789238],[-122.9328839,48.578643],[-122.9321396,48.5780158],[-122.9318406,48.5778424],[-122.9318024,48.578007]]},"properties":{"OBJECTID_1":526,"OBJECTID":521,"ID":1,"SITECODE":"flats63","SITECODE1":" ","ISLAND":"Shaw","LENGTH":5441.769,"SITE":"Blind Bay","LINK1":" ","LINK2":" ","LINK3":" ","SAMP_SIZE":30,"MEAN":10,"ST_DEV":4,"MAX_":4,"MIN_":18,"COMMENTS":" ","Shape_Leng":5441.76867257,"Shape_Length":5441.768728081468}},{"type":"Feature","id":527,"geometry":{"type":"LineString","coordinates":[[-122.9463828,48.587412],[-122.9471849,48.5877997],[-122.9485825,48.5879232],[-122.948944,48.5879762],[-122.9498199,48.5879751],[-122.9512399,48.5880982]]},"properties":{"OBJECTID_1":527,"OBJECTID":522,"ID":1,"SITECODE":"sjs0079","SITECODE1":" ","ISLAND":"Shaw","LENGTH":1229.643,"SITE":" ","LINK1":" ","LINK2":" ","LINK3":" ","SAMP_SIZE":10,"MEAN":17.8099995,"ST_DEV":4.07999992,"MAX_":23.2000008,"MIN_":11.1999998,"COMMENTS":" ","Shape_Leng":1229.64275516,"Shape_Length":1229.643001354213}},{"type":"Feature","id":528,"geometry":{"type":"LineString","coordinates":[[-122.9566303,48.5881039],[-122.9571576,48.5883625],[-122.9578875,48.5886322],[-122.9584716,48.5886364],[-122.9587702,48.5887948]]},"properties":{"OBJECTID_1":528,"OBJECTID":523,"ID":1,"SITECODE":"sjs0080","SITECODE1":" ","ISLAND":"Shaw","LENGTH":594.829,"SITE":" ","LINK1":" ","LINK2":" ","LINK3":" ","SAMP_SIZE":5,"MEAN":18.0400009,"ST_DEV":7.01999998,"MAX_":23.2000008,"MIN_":7.0999999,"COMMENTS":" ","Shape_Leng":594.828961519,"Shape_Length":594.8288926932031}},{"type":"Feature","id":529,"geometry":{"type":"LineString","coordinates":[[-122.9656546,48.590186],[-122.9657421,48.5903049],[-122.9659062,48.5906744],[-122.9660033,48.5910232],[-122.9661789,48.591272],[-122.9662545,48.5915006],[-122.9662627,48.5916977],[-122.9661715,48.5918856],[-122.9662324,48.5921584],[-122.9662361,48.592246],[-122.9661989,48.5925424],[-122.9662544,48.5926838]]},"properties":{"OBJECTID_1":529,"OBJECTID":524,"ID":1,"SITECODE":"sjs0081","SITECODE1":" ","ISLAND":"Shaw","LENGTH":942.277,"SITE":" ","LINK1":" ","LINK2":" ","LINK3":" ","SAMP_SIZE":17,"MEAN":17.3199997,"ST_DEV":6.25,"MAX_":24.8999996,"MIN_":2.70000005,"COMMENTS":" ","Shape_Leng":942.276878571,"Shape_Length":942.2768758924948}},{"type":"Feature","id":530,"geometry":{"type":"LineString","coordinates":[[-122.9677235,48.5946398],[-122.9678299,48.5944187]]},"properties":{"OBJECTID_1":530,"OBJECTID":525,"ID":1,"SITECODE":"sjs0081","SITECODE1":" ","ISLAND":"Shaw","LENGTH":84.66,"SITE":" ","LINK1":" ","LINK2":" ","LINK3":" ","SAMP_SIZE":17,"MEAN":17.3199997,"ST_DEV":6.25,"MAX_":24.8999996,"MIN_":2.70000005,"COMMENTS":" ","Shape_Leng":84.660270886,"Shape_Length":84.66025571552558}},{"type":"Feature","id":531,"geometry":{"type":"LineString","coordinates":[[-122.9681333,48.5945665],[-122.9685005,48.5946584],[-122.9686426,48.5945024]]},"properties":{"OBJECTID_1":531,"OBJECTID":526,"ID":1,"SITECODE":"sjs0081","SITECODE1":" ","ISLAND":"Shaw","LENGTH":161.465,"SITE":" ","LINK1":" ","LINK2":" ","LINK3":" ","SAMP_SIZE":17,"MEAN":17.3199997,"ST_DEV":6.25,"MAX_":24.8999996,"MIN_":2.70000005,"COMMENTS":" ","Shape_Leng":161.464936245,"Shape_Length":161.4649241779179}},{"type":"Feature","id":532,"geometry":{"type":"LineString","coordinates":[[-122.9690406,48.5933556],[-122.9691346,48.5932334],[-122.9694266,48.5931075],[-122.9696888,48.5930589],[-122.9699047,48.5930877],[-122.9702659,48.5930373],[-122.9705093,48.5929342]]},"properties":{"OBJECTID_1":532,"OBJECTID":527,"ID":1,"SITECODE":"sjs0081","SITECODE1":" ","ISLAND":"Shaw","LENGTH":412.772,"SITE":" ","LINK1":" ","LINK2":" ","LINK3":" ","SAMP_SIZE":17,"MEAN":17.3199997,"ST_DEV":6.25,"MAX_":24.8999996,"MIN_":2.70000005,"COMMENTS":" ","Shape_Leng":412.7721583,"Shape_Length":412.7722403460522}},{"type":"Feature","id":533,"geometry":{"type":"LineString","coordinates":[[-122.9706698,48.5924273],[-122.9713647,48.5920639],[-122.9729306,48.5915968],[-122.9733831,48.5917528],[-122.9735696,48.5918698]]},"properties":{"OBJECTID_1":533,"OBJECTID":528,"ID":1,"SITECODE":"sjs0082","SITECODE1":" ","ISLAND":"Shaw","LENGTH":815.229,"SITE":" ","LINK1":" ","LINK2":" ","LINK3":" ","SAMP_SIZE":7,"MEAN":13.7200003,"ST_DEV":4.69999981,"MAX_":23.5,"MIN_":8.5,"COMMENTS":" ","Shape_Leng":815.229359897,"Shape_Length":815.229385294655}},{"type":"Feature","id":534,"geometry":{"type":"LineString","coordinates":[[-122.9759914,48.5925153],[-122.9761514,48.5923919]]},"properties":{"OBJECTID_1":534,"OBJECTID":529,"ID":1,"SITECODE":"sjs0082","SITECODE1":" ","ISLAND":"Shaw","LENGTH":59.395,"SITE":" ","LINK1":" ","LINK2":" ","LINK3":" ","SAMP_SIZE":7,"MEAN":13.7200003,"ST_DEV":4.69999981,"MAX_":23.5,"MIN_":8.5,"COMMENTS":" ","Shape_Leng":59.3954105711,"Shape_Length":59.39541027489639}},{"type":"Feature","id":535,"geometry":{"type":"LineString","coordinates":[[-122.9832316,48.5910995],[-122.983679,48.591135]]},"properties":{"OBJECTID_1":535,"OBJECTID":530,"ID":1,"SITECODE":"sjs0083","SITECODE1":" ","ISLAND":"Shaw","LENGTH":109.052,"SITE":" ","LINK1":" ","LINK2":" ","LINK3":" ","SAMP_SIZE":2,"MEAN":7.6500001,"ST_DEV":0.49000001,"MAX_":8,"MIN_":7.30000019,"COMMENTS":" ","Shape_Leng":109.052472218,"Shape_Length":109.05251602720722}},{"type":"Feature","id":536,"geometry":{"type":"LineString","coordinates":[[-122.9927158,48.5888636],[-122.9930049,48.588672],[-122.9935558,48.5884207],[-122.9937336,48.5883298]]},"properties":{"OBJECTID_1":536,"OBJECTID":531,"ID":1,"SITECODE":"sjs0084","SITECODE1":" ","ISLAND":"Shaw","LENGTH":315.064,"SITE":" ","LINK1":" ","LINK2":" ","LINK3":" ","SAMP_SIZE":6,"MEAN":16.2000008,"ST_DEV":4.5999999,"MAX_":23.6000004,"MIN_":12.1999998,"COMMENTS":" ","Shape_Leng":315.063626764,"Shape_Length":315.0636352485836}},{"type":"Feature","id":537,"geometry":{"type":"LineString","coordinates":[[-123.0000742,48.5859765],[-123.000892,48.5861803],[-123.0019745,48.5860067],[-123.0023994,48.5859002],[-123.0025758,48.5857763]]},"properties":{"OBJECTID_1":537,"OBJECTID":532,"ID":1,"SITECODE":"sjs0084","SITECODE1":" ","ISLAND":"Shaw","LENGTH":653.095,"SITE":" ","LINK1":" ","LINK2":" ","LINK3":" ","SAMP_SIZE":6,"MEAN":16.2000008,"ST_DEV":4.5999999,"MAX_":23.6000004,"MIN_":12.1999998,"COMMENTS":" ","Shape_Leng":653.094765819,"Shape_Length":653.0947928660095}},{"type":"Feature","id":538,"geometry":{"type":"LineString","coordinates":[[-123.0035295,48.5856818],[-123.0037152,48.5857769],[-123.0045644,48.5855529],[-123.0057717,48.585596],[-123.0061935,48.5858072],[-123.0064348,48.5860437],[-123.0070899,48.5863053]]},"properties":{"OBJECTID_1":538,"OBJECTID":533,"ID":1,"SITECODE":"sjs0085","SITECODE1":" ","ISLAND":"Shaw","LENGTH":987.809,"SITE":" ","LINK1":" ","LINK2":" ","LINK3":" ","SAMP_SIZE":10,"MEAN":17.2099991,"ST_DEV":4.53000021,"MAX_":23.2999992,"MIN_":10.3000002,"COMMENTS":" ","Shape_Leng":987.809166872,"Shape_Length":987.8091293212478}},{"type":"Feature","id":539,"geometry":{"type":"LineString","coordinates":[[-123.0070899,48.5863053],[-123.0074585,48.5864299],[-123.0079563,48.5864863],[-123.0082127,48.5866896],[-123.0084482,48.5871782],[-123.0088509,48.5869406],[-123.0091442,48.5868475]]},"properties":{"OBJECTID_1":539,"OBJECTID":534,"ID":1,"SITECODE":"sjs0085","SITECODE1":" ","ISLAND":"Shaw","LENGTH":715.367,"SITE":" ","LINK1":" ","LINK2":" ","LINK3":" ","SAMP_SIZE":10,"MEAN":17.2099991,"ST_DEV":4.53000021,"MAX_":23.2999992,"MIN_":10.3000002,"COMMENTS":" ","Shape_Leng":715.366724411,"Shape_Length":715.3667516905049}},{"type":"Feature","id":540,"geometry":{"type":"LineString","coordinates":[[-123.011424,48.5872539],[-123.0123304,48.5875984]]},"properties":{"OBJECTID_1":540,"OBJECTID":535,"ID":1,"SITECODE":"sjs0085","SITECODE1":" ","ISLAND":"Shaw","LENGTH":252.847,"SITE":" ","LINK1":" ","LINK2":" ","LINK3":" ","SAMP_SIZE":10,"MEAN":17.2099991,"ST_DEV":4.53000021,"MAX_":23.2999992,"MIN_":10.3000002,"COMMENTS":" ","Shape_Leng":252.847167278,"Shape_Length":252.84717919369876}},{"type":"Feature","id":541,"geometry":{"type":"LineString","coordinates":[[-123.0137642,48.5871441],[-123.0145648,48.5869428],[-123.0149817,48.5866502],[-123.0156342,48.5864626],[-123.0159339,48.5853614],[-123.0150298,48.5850716],[-123.0146244,48.5848601],[-123.0146011,48.5843128]]},"properties":{"OBJECTID_1":541,"OBJECTID":536,"ID":1,"SITECODE":"sjs0086","SITECODE1":" ","ISLAND":"Shaw","LENGTH":1502.122,"SITE":" ","LINK1":" ","LINK2":" ","LINK3":" ","SAMP_SIZE":11,"MEAN":17.3600006,"ST_DEV":2.68000007,"MAX_":21.7999992,"MIN_":12.6999998,"COMMENTS":" ","Shape_Leng":1502.12190193,"Shape_Length":1502.1218467995132}},{"type":"Feature","id":542,"geometry":{"type":"LineString","coordinates":[[-123.014618,48.5843234],[-123.0144222,48.583604],[-123.0142285,48.5833228]]},"properties":{"OBJECTID_1":542,"OBJECTID":537,"ID":1,"SITECODE":"sjs0086","SITECODE1":" ","ISLAND":"Shaw","LENGTH":379.498,"SITE":" ","LINK1":" ","LINK2":" ","LINK3":" ","SAMP_SIZE":11,"MEAN":17.3600006,"ST_DEV":2.68000007,"MAX_":21.7999992,"MIN_":12.6999998,"COMMENTS":" ","Shape_Leng":379.498045637,"Shape_Length":379.498095062272}},{"type":"Feature","id":543,"geometry":{"type":"LineString","coordinates":[[-123.0147953,48.5826767],[-123.0153055,48.5822508]]},"properties":{"OBJECTID_1":543,"OBJECTID":538,"ID":1,"SITECODE":"sjs0086","SITECODE1":" ","ISLAND":"Shaw","LENGTH":198.486,"SITE":" ","LINK1":" ","LINK2":" ","LINK3":" ","SAMP_SIZE":11,"MEAN":17.3600006,"ST_DEV":2.68000007,"MAX_":21.7999992,"MIN_":12.6999998,"COMMENTS":" ","Shape_Leng":198.48587492,"Shape_Length":198.48590950784956}},{"type":"Feature","id":544,"geometry":{"type":"LineString","coordinates":[[-123.0164894,48.5817464],[-123.016877,48.5811585]]},"properties":{"OBJECTID_1":544,"OBJECTID":539,"ID":1,"SITECODE":"sjs0087","SITECODE1":" ","ISLAND":"Shaw","LENGTH":234.13,"SITE":" ","LINK1":" ","LINK2":" ","LINK3":" ","SAMP_SIZE":7,"MEAN":20.0699997,"ST_DEV":4.88999987,"MAX_":25.3999996,"MIN_":11.8999996,"COMMENTS":" ","Shape_Leng":234.129958928,"Shape_Length":234.1299716661238}},{"type":"Feature","id":545,"geometry":{"type":"LineString","coordinates":[[-123.0146346,48.5796888],[-123.0144701,48.5797028]]},"properties":{"OBJECTID_1":545,"OBJECTID":540,"ID":1,"SITECODE":"sjs0087","SITECODE1":" ","ISLAND":"Shaw","LENGTH":40.153,"SITE":" ","LINK1":" ","LINK2":" ","LINK3":" ","SAMP_SIZE":7,"MEAN":20.0699997,"ST_DEV":4.88999987,"MAX_":25.3999996,"MIN_":11.8999996,"COMMENTS":" ","Shape_Leng":40.1529379655,"Shape_Length":40.15293487647909}},{"type":"Feature","id":546,"geometry":{"type":"LineString","coordinates":[[-122.9983712,48.5796978],[-122.9985495,48.5796177],[-122.9999123,48.5794389],[-123.0006819,48.5788986],[-123.0009886,48.5783451],[-123.0007837,48.5781846],[-123.0000499,48.5780121],[-122.9993454,48.5777513],[-122.9989308,48.5773208],[-122.9983616,48.5771343],[-122.9981167,48.5768102],[-122.997415,48.5766151],[-122.997184,48.5766194]]},"properties":{"OBJECTID_1":546,"OBJECTID":541,"ID":1,"SITECODE":"sjs0088","SITECODE1":" ","ISLAND":"Shaw","LENGTH":2047.72,"SITE":" ","LINK1":" ","LINK2":" ","LINK3":" ","SAMP_SIZE":16,"MEAN":17.2999992,"ST_DEV":3.78999996,"MAX_":25.2000008,"MIN_":11.1999998,"COMMENTS":" ","Shape_Leng":2047.71908224,"Shape_Length":2047.7189545743174}},{"type":"Feature","id":547,"geometry":{"type":"LineString","coordinates":[[-122.9959945,48.5769922],[-122.9953067,48.5771255],[-122.9938276,48.5765067],[-122.9934822,48.5757572],[-122.9932021,48.575379],[-122.9927862,48.5749156],[-122.9917958,48.5746159]]},"properties":{"OBJECTID_1":547,"OBJECTID":542,"ID":1,"SITECODE":"sjs0089","SITECODE1":" ","ISLAND":"Shaw","LENGTH":1496.755,"SITE":" ","LINK1":" ","LINK2":" ","LINK3":" ","SAMP_SIZE":8,"MEAN":20.1299992,"ST_DEV":5.26000023,"MAX_":29.1000004,"MIN_":13.3000002,"COMMENTS":" ","Shape_Leng":1496.7549389,"Shape_Length":1496.7549049445313}},{"type":"Feature","id":548,"geometry":{"type":"LineString","coordinates":[[-122.9869003,48.5700183],[-122.9866129,48.5698593],[-122.9863063,48.5696349],[-122.9860111,48.5692898],[-122.9859176,48.5690286],[-122.9856654,48.5685293]]},"properties":{"OBJECTID_1":548,"OBJECTID":543,"ID":1,"SITECODE":"sjs0090","SITECODE1":" ","ISLAND":"Shaw","LENGTH":635.924,"SITE":" ","LINK1":" ","LINK2":" ","LINK3":" ","SAMP_SIZE":12,"MEAN":22.5300007,"ST_DEV":3.28999996,"MAX_":28.1000004,"MIN_":15.5,"COMMENTS":" ","Shape_Leng":635.924036486,"Shape_Length":635.9240250754852}},{"type":"Feature","id":549,"geometry":{"type":"LineString","coordinates":[[-122.9853449,48.5675821],[-122.9856439,48.567237],[-122.985835,48.5670691]]},"properties":{"OBJECTID_1":549,"OBJECTID":544,"ID":1,"SITECODE":"sjs0090","SITECODE1":" ","ISLAND":"Shaw","LENGTH":222.017,"SITE":" ","LINK1":" ","LINK2":" ","LINK3":" ","SAMP_SIZE":12,"MEAN":22.5300007,"ST_DEV":3.28999996,"MAX_":28.1000004,"MIN_":15.5,"COMMENTS":" ","Shape_Leng":222.017393912,"Shape_Length":222.01740502664717}},{"type":"Feature","id":550,"geometry":{"type":"LineString","coordinates":[[-122.9837546,48.566275],[-122.9838155,48.5661534]]},"properties":{"OBJECTID_1":550,"OBJECTID":545,"ID":1,"SITECODE":"sjs0091","SITECODE1":" ","ISLAND":"Shaw","LENGTH":46.765,"SITE":" ","LINK1":" ","LINK2":" ","LINK3":" ","SAMP_SIZE":14,"MEAN":17.2299995,"ST_DEV":2.94000006,"MAX_":23.2999992,"MIN_":10.3000002,"COMMENTS":" ","Shape_Leng":46.7646238423,"Shape_Length":46.76463603944885}},{"type":"Feature","id":551,"geometry":{"type":"LineString","coordinates":[[-122.9805016,48.5662477],[-122.9803911,48.5659758],[-122.9802518,48.5658031],[-122.9797683,48.5652972],[-122.9793376,48.5648669],[-122.9789513,48.5647097],[-122.9788487,48.564624],[-122.978758,48.5644285],[-122.9786351,48.5642554],[-122.978527,48.5640383],[-122.9783547,48.5638662],[-122.9775134,48.563093],[-122.9772706,48.5628126],[-122.977095,48.5621695],[-122.9767092,48.5620232]]},"properties":{"OBJECTID_1":551,"OBJECTID":546,"ID":1,"SITECODE":"sjs0091","SITECODE1":" ","ISLAND":"Shaw","LENGTH":1846.141,"SITE":" ","LINK1":" ","LINK2":" ","LINK3":" ","SAMP_SIZE":14,"MEAN":17.2299995,"ST_DEV":2.94000006,"MAX_":23.2999992,"MIN_":10.3000002,"COMMENTS":" ","Shape_Leng":1846.14087195,"Shape_Length":1846.1408367914855}},{"type":"Feature","id":552,"geometry":{"type":"LineString","coordinates":[[-122.9767257,48.5620229],[-122.976192,48.5614959]]},"properties":{"OBJECTID_1":552,"OBJECTID":547,"ID":1,"SITECODE":"sjs0091","SITECODE1":" ","ISLAND":"Shaw","LENGTH":231.662,"SITE":" ","LINK1":" ","LINK2":" ","LINK3":" ","SAMP_SIZE":14,"MEAN":17.2299995,"ST_DEV":2.94000006,"MAX_":23.2999992,"MIN_":10.3000002,"COMMENTS":" ","Shape_Leng":231.662347599,"Shape_Length":231.66232340026184}},{"type":"Feature","id":553,"geometry":{"type":"LineString","coordinates":[[-122.9758945,48.5607017],[-122.9755441,48.5606095]]},"properties":{"OBJECTID_1":553,"OBJECTID":548,"ID":1,"SITECODE":"sjs0092","SITECODE1":" ","ISLAND":"Shaw","LENGTH":91.283,"SITE":" ","LINK1":" ","LINK2":" ","LINK3":" ","SAMP_SIZE":17,"MEAN":13.1800003,"ST_DEV":2.71000004,"MAX_":16.5,"MIN_":5.9000001,"COMMENTS":" ","Shape_Leng":91.2834254624,"Shape_Length":91.28342059550883}},{"type":"Feature","id":554,"geometry":{"type":"LineString","coordinates":[[-122.9739713,48.5597074],[-122.9740514,48.5588623]]},"properties":{"OBJECTID_1":554,"OBJECTID":549,"ID":1,"SITECODE":"sjs0092","SITECODE1":" ","ISLAND":"Shaw","LENGTH":308.916,"SITE":" ","LINK1":" ","LINK2":" ","LINK3":" ","SAMP_SIZE":17,"MEAN":13.1800003,"ST_DEV":2.71000004,"MAX_":16.5,"MIN_":5.9000001,"COMMENTS":" ","Shape_Leng":308.916426095,"Shape_Length":308.91644535312224}},{"type":"Feature","id":555,"geometry":{"type":"LineString","coordinates":[[-122.9759983,48.5580594],[-122.9757486,48.5580092]]},"properties":{"OBJECTID_1":555,"OBJECTID":550,"ID":1,"SITECODE":"sjs0092","SITECODE1":" ","ISLAND":"Shaw","LENGTH":63.172,"SITE":" ","LINK1":" ","LINK2":" ","LINK3":" ","SAMP_SIZE":17,"MEAN":13.1800003,"ST_DEV":2.71000004,"MAX_":16.5,"MIN_":5.9000001,"COMMENTS":" ","Shape_Leng":63.1724515221,"Shape_Length":63.172491115474585}},{"type":"Feature","id":556,"geometry":{"type":"LineString","coordinates":[[-122.9780464,48.5580982],[-122.9772988,48.5579806]]},"properties":{"OBJECTID_1":556,"OBJECTID":551,"ID":1,"SITECODE":"sjs0092","SITECODE1":" ","ISLAND":"Shaw","LENGTH":186.074,"SITE":" ","LINK1":" ","LINK2":" ","LINK3":" ","SAMP_SIZE":17,"MEAN":13.1800003,"ST_DEV":2.71000004,"MAX_":16.5,"MIN_":5.9000001,"COMMENTS":" ","Shape_Leng":186.074434951,"Shape_Length":186.07445584239153}},{"type":"Feature","id":557,"geometry":{"type":"LineString","coordinates":[[-122.9789563,48.5589359],[-122.9790787,48.559098]]},"properties":{"OBJECTID_1":557,"OBJECTID":552,"ID":1,"SITECODE":"sjs0092","SITECODE1":" ","ISLAND":"Shaw","LENGTH":66.135,"SITE":" ","LINK1":" ","LINK2":" ","LINK3":" ","SAMP_SIZE":17,"MEAN":13.1800003,"ST_DEV":2.71000004,"MAX_":16.5,"MIN_":5.9000001,"COMMENTS":" ","Shape_Leng":66.1349332939,"Shape_Length":66.1348852330076}},{"type":"Feature","id":558,"geometry":{"type":"LineString","coordinates":[[-122.9792043,48.5597311],[-122.9795022,48.5601419],[-122.9798096,48.5603882],[-122.9799443,48.5604514],[-122.9805729,48.560878],[-122.9807076,48.5609413],[-122.9809729,48.5609692],[-122.9814269,48.561169],[-122.981661,48.5612413],[-122.9823492,48.5615134],[-122.9826777,48.5614745],[-122.9829796,48.5615894],[-122.9836316,48.5617854]]},"properties":{"OBJECTID_1":558,"OBJECTID":553,"ID":1,"SITECODE":"sjs0092","SITECODE1":" ","ISLAND":"Shaw","LENGTH":1372.533,"SITE":" ","LINK1":" ","LINK2":" ","LINK3":" ","SAMP_SIZE":17,"MEAN":13.1800003,"ST_DEV":2.71000004,"MAX_":16.5,"MIN_":5.9000001,"COMMENTS":" ","Shape_Leng":1372.53283594,"Shape_Length":1372.5328440035635}},{"type":"Feature","id":559,"geometry":{"type":"LineString","coordinates":[[-122.9886625,48.5609251],[-122.9885053,48.5607199]]},"properties":{"OBJECTID_1":559,"OBJECTID":554,"ID":1,"SITECODE":"sjs0093","SITECODE1":" ","ISLAND":"Shaw","LENGTH":83.998,"SITE":" ","LINK1":" ","LINK2":" ","LINK3":" ","SAMP_SIZE":3,"MEAN":16.7999992,"ST_DEV":3.03999996,"MAX_":20.1000004,"MIN_":14.1000004,"COMMENTS":" ","Shape_Leng":83.9977342886,"Shape_Length":83.99771672432313}},{"type":"Feature","id":560,"geometry":{"type":"LineString","coordinates":[[-122.9867709,48.5579474],[-122.986534,48.5578094]]},"properties":{"OBJECTID_1":560,"OBJECTID":555,"ID":1,"SITECODE":"sjs0093","SITECODE1":" ","ISLAND":"Shaw","LENGTH":76.331,"SITE":" ","LINK1":" ","LINK2":" ","LINK3":" ","SAMP_SIZE":3,"MEAN":16.7999992,"ST_DEV":3.03999996,"MAX_":20.1000004,"MIN_":14.1000004,"COMMENTS":" ","Shape_Leng":76.3314952622,"Shape_Length":76.33152386415352}},{"type":"Feature","id":561,"geometry":{"type":"LineString","coordinates":[[-122.9817661,48.5558929],[-122.9816305,48.5558078]]},"properties":{"OBJECTID_1":561,"OBJECTID":556,"ID":1,"SITECODE":"sjs0094","SITECODE1":" ","ISLAND":"Shaw","LENGTH":45.202,"SITE":" ","LINK1":" ","LINK2":" ","LINK3":" ","SAMP_SIZE":2,"MEAN":16,"ST_DEV":3.52999997,"MAX_":18.5,"MIN_":13.5,"COMMENTS":" ","Shape_Leng":45.2025194503,"Shape_Length":45.20254575226138}},{"type":"Feature","id":562,"geometry":{"type":"LineString","coordinates":[[-122.9717635,48.5534924],[-122.9716503,48.5535492],[-122.9713457,48.553763],[-122.971201,48.5538533]]},"properties":{"OBJECTID_1":562,"OBJECTID":557,"ID":1,"SITECODE":"sjs0093","SITECODE1":" ","ISLAND":"Shaw","LENGTH":189.836,"SITE":" ","LINK1":" ","LINK2":" ","LINK3":" ","SAMP_SIZE":3,"MEAN":16.7999992,"ST_DEV":3.03999996,"MAX_":20.1000004,"MIN_":14.1000004,"COMMENTS":" ","Shape_Leng":189.835885327,"Shape_Length":189.8359055703559}},{"type":"Feature","id":563,"geometry":{"type":"LineString","coordinates":[[-122.9692849,48.5546008],[-122.9686592,48.5546342]]},"properties":{"OBJECTID_1":563,"OBJECTID":558,"ID":1,"SITECODE":"sjs0093","SITECODE1":" ","ISLAND":"Shaw","LENGTH":152.034,"SITE":" ","LINK1":" ","LINK2":" ","LINK3":" ","SAMP_SIZE":3,"MEAN":16.7999992,"ST_DEV":3.03999996,"MAX_":20.1000004,"MIN_":14.1000004,"COMMENTS":" ","Shape_Leng":152.034011922,"Shape_Length":152.03398388335125}},{"type":"Feature","id":564,"geometry":{"type":"LineString","coordinates":[[-122.9627649,48.5506124],[-122.961907,48.5506172],[-122.9617898,48.5505755],[-122.9613528,48.5503863],[-122.9612026,48.5503452]]},"properties":{"OBJECTID_1":564,"OBJECTID":559,"ID":1,"SITECODE":"sjs0097","SITECODE1":" ","ISLAND":"Shaw","LENGTH":405.716,"SITE":" ","LINK1":" ","LINK2":" ","LINK3":" ","SAMP_SIZE":6,"MEAN":24.4599991,"ST_DEV":2.3599999,"MAX_":27.7999992,"MIN_":20.5,"COMMENTS":" ","Shape_Leng":405.716393625,"Shape_Length":405.71637708964886}},{"type":"Feature","id":565,"geometry":{"type":"LineString","coordinates":[[-122.9607136,48.5496969],[-122.9604415,48.5495047],[-122.960191,48.5494326]]},"properties":{"OBJECTID_1":565,"OBJECTID":560,"ID":1,"SITECODE":"sjs0097","SITECODE1":" ","ISLAND":"Shaw","LENGTH":162.356,"SITE":" ","LINK1":" ","LINK2":" ","LINK3":" ","SAMP_SIZE":6,"MEAN":24.4599991,"ST_DEV":2.3599999,"MAX_":27.7999992,"MIN_":20.5,"COMMENTS":" ","Shape_Leng":162.356223834,"Shape_Length":162.35620203362146}},{"type":"Feature","id":566,"geometry":{"type":"LineString","coordinates":[[-122.9589219,48.5490724],[-122.9580128,48.5490343],[-122.9575813,48.5489765],[-122.9571682,48.5489621],[-122.9566021,48.548841],[-122.9561867,48.548772],[-122.9559353,48.548678],[-122.9551824,48.5484288],[-122.954783,48.5483485],[-122.9542752,48.5480401],[-122.9535841,48.5480856],[-122.9527341,48.547882],[-122.9518369,48.5477341],[-122.9518364,48.5477231]]},"properties":{"OBJECTID_1":566,"OBJECTID":561,"ID":1,"SITECODE":"sjs0066","SITECODE1":" ","ISLAND":"Shaw","LENGTH":1831.721,"SITE":" ","LINK1":" ","LINK2":" ","LINK3":" ","SAMP_SIZE":12,"MEAN":26.1700001,"ST_DEV":2.70000005,"MAX_":29.3999996,"MIN_":21.1000004,"COMMENTS":" ","Shape_Leng":1831.72086673,"Shape_Length":1831.7208293198623}},{"type":"Feature","id":567,"geometry":{"type":"LineString","coordinates":[[-122.9480159,48.5463139],[-122.9471638,48.5468553],[-122.9469508,48.5468921],[-122.9466032,48.5468655],[-122.9461625,48.5469831],[-122.9458098,48.5472306],[-122.9456851,48.5474082]]},"properties":{"OBJECTID_1":567,"OBJECTID":562,"ID":1,"SITECODE":"sjs0067","SITECODE1":" ","ISLAND":"Shaw","LENGTH":734.563,"SITE":" ","LINK1":" ","LINK2":" ","LINK3":" ","SAMP_SIZE":11,"MEAN":18.5799999,"ST_DEV":5.51999998,"MAX_":28.1000004,"MIN_":10.1999998,"COMMENTS":" ","Shape_Leng":734.56320988,"Shape_Length":734.563212426471}},{"type":"Feature","id":568,"geometry":{"type":"LineString","coordinates":[[-122.9432304,48.5487018],[-122.942703,48.5491168],[-122.9426355,48.5494796]]},"properties":{"OBJECTID_1":568,"OBJECTID":563,"ID":1,"SITECODE":"sjs0067","SITECODE1":" ","ISLAND":"Shaw","LENGTH":331.435,"SITE":" ","LINK1":" ","LINK2":" ","LINK3":" ","SAMP_SIZE":11,"MEAN":18.5799999,"ST_DEV":5.51999998,"MAX_":28.1000004,"MIN_":10.1999998,"COMMENTS":" ","Shape_Leng":331.434977432,"Shape_Length":331.43492306203564}},{"type":"Feature","id":569,"geometry":{"type":"LineString","coordinates":[[-122.9412703,48.551586],[-122.9411942,48.5517407],[-122.9406146,48.5520909],[-122.9406679,48.552583],[-122.9407474,48.5529102],[-122.9410587,48.5532551],[-122.9411809,48.5534172]]},"properties":{"OBJECTID_1":569,"OBJECTID":564,"ID":1,"SITECODE":"sjs0068","SITECODE1":" ","ISLAND":"Shaw","LENGTH":762.923,"SITE":" ","LINK1":" ","LINK2":" ","LINK3":" ","SAMP_SIZE":5,"MEAN":11.1999998,"ST_DEV":4.86999989,"MAX_":18.3999996,"MIN_":6.19999981,"COMMENTS":" ","Shape_Leng":762.923175431,"Shape_Length":762.9231597737005}},{"type":"Feature","id":570,"geometry":{"type":"LineString","coordinates":[[-122.9444611,48.5577179],[-122.9443832,48.5578288],[-122.9437484,48.5576432],[-122.9432604,48.5578164]]},"properties":{"OBJECTID_1":570,"OBJECTID":565,"ID":1,"SITECODE":"sjs0068","SITECODE1":" ","ISLAND":"Shaw","LENGTH":346.674,"SITE":" ","LINK1":" ","LINK2":" ","LINK3":" ","SAMP_SIZE":5,"MEAN":11.1999998,"ST_DEV":4.86999989,"MAX_":18.3999996,"MIN_":6.19999981,"COMMENTS":" ","Shape_Leng":346.673800539,"Shape_Length":346.67378071376777}},{"type":"Feature","id":571,"geometry":{"type":"LineString","coordinates":[[-122.9374007,48.5579969],[-122.9372738,48.5584237],[-122.9375243,48.5589944],[-122.937411,48.5597496],[-122.9382093,48.5605979],[-122.9381025,48.5610106],[-122.9370894,48.5619603],[-122.934546,48.5623214],[-122.9325171,48.5621527],[-122.9313274,48.5618182],[-122.9295176,48.5619605],[-122.9291087,48.5620501],[-122.9282283,48.5622166],[-122.9279436,48.5623176],[-122.9276149,48.5623509]]},"properties":{"OBJECTID_1":571,"OBJECTID":566,"ID":1,"SITECODE":"sjs0069","SITECODE1":"sjs0650","ISLAND":"Shaw","LENGTH":3958.457,"SITE":" ","LINK1":" ","LINK2":" ","LINK3":" ","SAMP_SIZE":9,"MEAN":16.5100002,"ST_DEV":4.59000015,"MAX_":22,"MIN_":8.10000038,"COMMENTS":" ","Shape_Leng":3958.45695787,"Shape_Length":3958.4568090714065}},{"type":"Feature","id":572,"geometry":{"type":"LineString","coordinates":[[-122.9284511,48.5601036],[-122.9285921,48.5600189]]},"properties":{"OBJECTID_1":572,"OBJECTID":567,"ID":1,"SITECODE":"sjs0650","SITECODE1":" ","ISLAND":"Shaw","LENGTH":46.044,"SITE":" ","LINK1":" ","LINK2":" ","LINK3":" ","SAMP_SIZE":1,"MEAN":23.2000008,"ST_DEV":0,"MAX_":23.2000008,"MIN_":23.2000008,"COMMENTS":" ","Shape_Leng":46.0441248874,"Shape_Length":46.04435839466689}},{"type":"Feature","id":573,"geometry":{"type":"LineString","coordinates":[[-122.9286384,48.5566218],[-122.9285074,48.5564462],[-122.9284075,48.5560235]]},"properties":{"OBJECTID_1":573,"OBJECTID":568,"ID":1,"SITECODE":"sjs0650","SITECODE1":" ","ISLAND":"Shaw","LENGTH":227.61,"SITE":" ","LINK1":" ","LINK2":" ","LINK3":" ","SAMP_SIZE":1,"MEAN":23.2000008,"ST_DEV":0,"MAX_":23.2000008,"MIN_":23.2000008,"COMMENTS":" ","Shape_Leng":227.610272319,"Shape_Length":227.6102145715825}},{"type":"Feature","id":574,"geometry":{"type":"LineString","coordinates":[[-122.9263931,48.5546904],[-122.926139,48.5545307]]},"properties":{"OBJECTID_1":574,"OBJECTID":569,"ID":1,"SITECODE":"sjs0649","SITECODE1":" ","ISLAND":"Shaw","LENGTH":84.755,"SITE":" ","LINK1":" ","LINK2":" ","LINK3":" ","SAMP_SIZE":4,"MEAN":17.5200005,"ST_DEV":1.77999997,"MAX_":19.2000008,"MIN_":15.6999998,"COMMENTS":" ","Shape_Leng":84.7547013413,"Shape_Length":84.75474427417114}},{"type":"Feature","id":575,"geometry":{"type":"LineString","coordinates":[[-122.9260642,48.5622694],[-122.9257722,48.5621925],[-122.9252562,48.5621881],[-122.9247496,48.5619097],[-122.9239389,48.56176],[-122.9233215,48.5617985],[-122.9224283,48.5616503],[-122.9219586,48.5617683],[-122.9218182,48.5618667]]},"properties":{"OBJECTID_1":575,"OBJECTID":570,"ID":1,"SITECODE":"sjs0070","SITECODE1":" ","ISLAND":"Shaw","LENGTH":1108.251,"SITE":" ","LINK1":" ","LINK2":" ","LINK3":" ","SAMP_SIZE":8,"MEAN":15.25,"ST_DEV":2.71000004,"MAX_":19.2000008,"MIN_":11.3000002,"COMMENTS":" ","Shape_Leng":1108.25026813,"Shape_Length":1108.2503692542296}},{"type":"Feature","id":576,"geometry":{"type":"LineString","coordinates":[[-122.9217014,48.5630465],[-122.9220469,48.5634237],[-122.922213,48.5634481]]},"properties":{"OBJECTID_1":576,"OBJECTID":571,"ID":1,"SITECODE":"sjs0070","SITECODE1":" ","ISLAND":"Shaw","LENGTH":202.242,"SITE":" ","LINK1":" ","LINK2":" ","LINK3":" ","SAMP_SIZE":8,"MEAN":15.25,"ST_DEV":2.71000004,"MAX_":19.2000008,"MIN_":11.3000002,"COMMENTS":" ","Shape_Leng":202.241663322,"Shape_Length":202.24168403526016}},{"type":"Feature","id":577,"geometry":{"type":"LineString","coordinates":[[-122.9225819,48.5640137],[-122.9226729,48.564007],[-122.922982,48.5641276],[-122.9230104,48.5642634],[-122.9236338,48.5642572],[-122.9241678,48.564298],[-122.924347,48.5644008],[-122.9245142,48.5645846],[-122.9244767,48.5647821],[-122.9245201,48.5650994],[-122.9244852,48.5653625],[-122.9245333,48.565609],[-122.9243849,48.5658842],[-122.9239544,48.5661444],[-122.9234028,48.5664168],[-122.9233485,48.5663926],[-122.9230963,48.5663618],[-122.9225336,48.5661801],[-122.9224574,48.5661764],[-122.9218412,48.5657988],[-122.9217721,48.5657849],[-122.9217097,48.5657457],[-122.9217454,48.5656895],[-122.9216364,48.5650706],[-122.9218605,48.5649706],[-122.9217948,48.5648507],[-122.9216393,48.5647677],[-122.9214774,48.564715],[-122.9213944,48.5647317],[-122.921393,48.5646964],[-122.9213215,48.5646219],[-122.9212073,48.564619],[-122.9211533,48.5645997],[-122.9210697,48.5646012],[-122.9207913,48.5644901]]},"properties":{"OBJECTID_1":577,"OBJECTID":572,"ID":1,"SITECODE":"core002","SITECODE1":" ","ISLAND":"Shaw","LENGTH":2516.358,"SITE":" ","LINK1":" ","LINK2":" ","LINK3":" ","SAMP_SIZE":28,"MEAN":16.7299995,"ST_DEV":1.26999998,"MAX_":19.7000008,"MIN_":14.3999996,"COMMENTS":"Mean depth is 16.73. Data removed from column for","Shape_Leng":2516.35801418,"Shape_Length":2516.358127846853}},{"type":"Feature","id":578,"geometry":{"type":"LineString","coordinates":[[-122.9201448,48.5641513],[-122.9192754,48.563812],[-122.9189291,48.5637709],[-122.9185295,48.5638806],[-122.9181759,48.5642419],[-122.9176345,48.5646618],[-122.9172167,48.5649059],[-122.9165514,48.5654937],[-122.9163354,48.5657342]]},"properties":{"OBJECTID_1":578,"OBJECTID":573,"ID":1,"SITECODE":"sjs0071","SITECODE1":" ","ISLAND":"Shaw","LENGTH":1298.029,"SITE":" ","LINK1":" ","LINK2":" ","LINK3":" ","SAMP_SIZE":9,"MEAN":18.8999996,"ST_DEV":5.09000015,"MAX_":24.6000004,"MIN_":9.19999981,"COMMENTS":" ","Shape_Leng":1298.02891589,"Shape_Length":1298.0286437992809}},{"type":"Feature","id":579,"geometry":{"type":"LineString","coordinates":[[-122.9145466,48.5670361],[-122.9140549,48.5675103]]},"properties":{"OBJECTID_1":579,"OBJECTID":574,"ID":1,"SITECODE":"sjs0071","SITECODE1":" ","ISLAND":"Shaw","LENGTH":209.998,"SITE":" ","LINK1":" ","LINK2":" ","LINK3":" ","SAMP_SIZE":9,"MEAN":18.8999996,"ST_DEV":5.09000015,"MAX_":24.6000004,"MIN_":9.19999981,"COMMENTS":" ","Shape_Leng":209.998068751,"Shape_Length":209.99808846507582}},{"type":"Feature","id":580,"geometry":{"type":"LineString","coordinates":[[-122.9119064,48.5693235],[-122.9118396,48.5694351]]},"properties":{"OBJECTID_1":580,"OBJECTID":575,"ID":1,"SITECODE":"sjs0071","SITECODE1":" ","ISLAND":"Shaw","LENGTH":43.812,"SITE":" ","LINK1":" ","LINK2":" ","LINK3":" ","SAMP_SIZE":9,"MEAN":18.8999996,"ST_DEV":5.09000015,"MAX_":24.6000004,"MIN_":9.19999981,"COMMENTS":" ","Shape_Leng":43.812263269,"Shape_Length":43.81236290307577}},{"type":"Feature","id":581,"geometry":{"type":"LineString","coordinates":[[-122.9059123,48.5744866],[-122.9056118,48.5749888]]},"properties":{"OBJECTID_1":581,"OBJECTID":576,"ID":1,"SITECODE":"sjs0072","SITECODE1":" ","ISLAND":"Shaw","LENGTH":197.17,"SITE":" ","LINK1":" ","LINK2":" ","LINK3":" ","SAMP_SIZE":3,"MEAN":15.1599998,"ST_DEV":3.46000004,"MAX_":17.6000004,"MIN_":11.1999998,"COMMENTS":" ","Shape_Leng":197.170247627,"Shape_Length":197.17027031170687}},{"type":"Feature","id":582,"geometry":{"type":"LineString","coordinates":[[-122.9047988,48.5760445],[-122.9047436,48.576148]]},"properties":{"OBJECTID_1":582,"OBJECTID":577,"ID":1,"SITECODE":"sjs0072","SITECODE1":" ","ISLAND":"Shaw","LENGTH":40.064,"SITE":" ","LINK1":" ","LINK2":" ","LINK3":" ","SAMP_SIZE":3,"MEAN":15.1599998,"ST_DEV":3.46000004,"MAX_":17.6000004,"MIN_":11.1999998,"COMMENTS":" ","Shape_Leng":40.063838932,"Shape_Length":40.06365754161006}},{"type":"Feature","id":583,"geometry":{"type":"LineString","coordinates":[[-122.9047789,48.5761395],[-122.9047555,48.5761478]]},"properties":{"OBJECTID_1":583,"OBJECTID":578,"ID":1,"SITECODE":"sjs0072","SITECODE1":" ","ISLAND":"Shaw","LENGTH":6.432,"SITE":" ","LINK1":" ","LINK2":" ","LINK3":" ","SAMP_SIZE":3,"MEAN":15.1599998,"ST_DEV":3.46000004,"MAX_":17.6000004,"MIN_":11.1999998,"COMMENTS":" ","Shape_Leng":6.43186171346,"Shape_Length":6.431910491353927}},{"type":"Feature","id":584,"geometry":{"type":"LineString","coordinates":[[-122.9030464,48.5797276],[-122.9031086,48.5797974]]},"properties":{"OBJECTID_1":584,"OBJECTID":579,"ID":1,"SITECODE":"sjs0073","SITECODE1":" ","ISLAND":"Shaw","LENGTH":29.615,"SITE":" ","LINK1":" ","LINK2":" ","LINK3":" ","SAMP_SIZE":2,"MEAN":12.8500004,"ST_DEV":2.19000006,"MAX_":14.3999996,"MIN_":11.3000002,"COMMENTS":" ","Shape_Leng":29.6145152952,"Shape_Length":29.61456779415175}},{"type":"Feature","id":585,"geometry":{"type":"LineString","coordinates":[[-122.9034123,48.5802495],[-122.9034491,48.5805722]]},"properties":{"OBJECTID_1":585,"OBJECTID":580,"ID":1,"SITECODE":"sjs0073","SITECODE1":" ","ISLAND":"Shaw","LENGTH":118.073,"SITE":" ","LINK1":" ","LINK2":" ","LINK3":" ","SAMP_SIZE":2,"MEAN":12.8500004,"ST_DEV":2.19000006,"MAX_":14.3999996,"MIN_":11.3000002,"COMMENTS":" ","Shape_Leng":118.073541411,"Shape_Length":118.07370959678633}},{"type":"Feature","id":586,"geometry":{"type":"LineString","coordinates":[[-122.9171369,48.5853749],[-122.9174285,48.5855274],[-122.9176545,48.5855312]]},"properties":{"OBJECTID_1":586,"OBJECTID":581,"ID":1,"SITECODE":"sjs0074","SITECODE1":" ","ISLAND":"Shaw","LENGTH":144.602,"SITE":" ","LINK1":" ","LINK2":" ","LINK3":" ","SAMP_SIZE":8,"MEAN":14.7200003,"ST_DEV":2.06999993,"MAX_":17.2999992,"MIN_":11,"COMMENTS":" ","Shape_Leng":144.602135337,"Shape_Length":144.60189570624686}},{"type":"Feature","id":587,"geometry":{"type":"LineString","coordinates":[[-122.9223301,48.58678],[-122.9231035,48.586214],[-122.9248693,48.5857878],[-122.9258837,48.5853041]]},"properties":{"OBJECTID_1":587,"OBJECTID":582,"ID":1,"SITECODE":"sjs0075","SITECODE1":" ","ISLAND":"Shaw","LENGTH":1035.9,"SITE":" ","LINK1":" ","LINK2":" ","LINK3":" ","SAMP_SIZE":9,"MEAN":16.5400009,"ST_DEV":3.74000001,"MAX_":23.3999996,"MIN_":12.6000004,"COMMENTS":" ","Shape_Leng":1035.89996763,"Shape_Length":1035.8999560196291}},{"type":"Feature","id":588,"geometry":{"type":"LineString","coordinates":[[-122.9287341,48.584945],[-122.9290024,48.5848219]]},"properties":{"OBJECTID_1":588,"OBJECTID":583,"ID":1,"SITECODE":"sjs0075","SITECODE1":" ","ISLAND":"Shaw","LENGTH":78.984,"SITE":" ","LINK1":" ","LINK2":" ","LINK3":" ","SAMP_SIZE":9,"MEAN":16.5400009,"ST_DEV":3.74000001,"MAX_":23.3999996,"MIN_":12.6000004,"COMMENTS":" ","Shape_Leng":78.9836808551,"Shape_Length":78.9837708530834}},{"type":"Feature","id":589,"geometry":{"type":"LineString","coordinates":[[-122.9984125,48.6018349],[-122.9988109,48.6016554],[-122.9996292,48.6015354],[-122.9998559,48.6015611],[-123.0001035,48.601549]]},"properties":{"OBJECTID_1":589,"OBJECTID":584,"ID":1,"SITECODE":"sjs0557","SITECODE1":" ","ISLAND":"Crane","LENGTH":435.05,"SITE":" ","LINK1":" ","LINK2":" ","LINK3":" ","SAMP_SIZE":16,"MEAN":20.7600002,"ST_DEV":4.30000019,"MAX_":25,"MIN_":7.0999999,"COMMENTS":" ","Shape_Leng":435.050067799,"Shape_Length":435.0502831285098}},{"type":"Feature","id":590,"geometry":{"type":"LineString","coordinates":[[-123.0008167,48.6005482],[-123.0008477,48.6004803]]},"properties":{"OBJECTID_1":590,"OBJECTID":585,"ID":1,"SITECODE":"sjs0557","SITECODE1":" ","ISLAND":"Crane","LENGTH":25.881,"SITE":" ","LINK1":" ","LINK2":" ","LINK3":" ","SAMP_SIZE":16,"MEAN":20.7600002,"ST_DEV":4.30000019,"MAX_":25,"MIN_":7.0999999,"COMMENTS":" ","Shape_Leng":25.8810923239,"Shape_Length":25.880825407830848}},{"type":"Feature","id":591,"geometry":{"type":"LineString","coordinates":[[-123.0029706,48.6005379],[-123.0027375,48.6003627]]},"properties":{"OBJECTID_1":591,"OBJECTID":586,"ID":1,"SITECODE":"sjs0557","SITECODE1":" ","ISLAND":"Crane","LENGTH":85.229,"SITE":" ","LINK1":" ","LINK2":" ","LINK3":" ","SAMP_SIZE":16,"MEAN":20.7600002,"ST_DEV":4.30000019,"MAX_":25,"MIN_":7.0999999,"COMMENTS":" ","Shape_Leng":85.2290828389,"Shape_Length":85.2293345610035}},{"type":"Feature","id":592,"geometry":{"type":"LineString","coordinates":[[-123.0038974,48.6003185],[-123.0040178,48.600234],[-123.0043113,48.5999742],[-123.0048033,48.5993441],[-123.0050697,48.5992418],[-123.0054287,48.5991977]]},"properties":{"OBJECTID_1":592,"OBJECTID":587,"ID":1,"SITECODE":"sjs0557","SITECODE1":" ","ISLAND":"Crane","LENGTH":582.59,"SITE":" ","LINK1":" ","LINK2":" ","LINK3":" ","SAMP_SIZE":16,"MEAN":20.7600002,"ST_DEV":4.30000019,"MAX_":25,"MIN_":7.0999999,"COMMENTS":" ","Shape_Leng":582.590249178,"Shape_Length":582.5901551067644}},{"type":"Feature","id":593,"geometry":{"type":"LineString","coordinates":[[-123.0077441,48.5958328],[-123.0077725,48.5957051],[-123.007687,48.5952878]]},"properties":{"OBJECTID_1":593,"OBJECTID":588,"ID":1,"SITECODE":"sjs0556","SITECODE1":" ","ISLAND":"Crane","LENGTH":200.748,"SITE":" ","LINK1":" ","LINK2":" ","LINK3":" ","SAMP_SIZE":13,"MEAN":17.7900009,"ST_DEV":4.5,"MAX_":24.3999996,"MIN_":12.1000004,"COMMENTS":" ","Shape_Leng":200.747545336,"Shape_Length":200.74759493604546}},{"type":"Feature","id":594,"geometry":{"type":"LineString","coordinates":[[-122.9998073,48.5927122],[-122.998129,48.5927585],[-122.9977208,48.5927063],[-122.9972688,48.5926848]]},"properties":{"OBJECTID_1":594,"OBJECTID":589,"ID":1,"SITECODE":"sjs0555","SITECODE1":" ","ISLAND":"Crane","LENGTH":616.802,"SITE":" ","LINK1":" ","LINK2":" ","LINK3":" ","SAMP_SIZE":12,"MEAN":18.8999996,"ST_DEV":3.97000003,"MAX_":25.7000008,"MIN_":13.1999998,"COMMENTS":" ","Shape_Leng":616.802215759,"Shape_Length":616.8022295147774}},{"type":"Feature","id":595,"geometry":{"type":"LineString","coordinates":[[-122.9960601,48.5923707],[-122.9959268,48.5924181],[-122.9954651,48.5924342],[-122.9951511,48.5924774],[-122.9946926,48.5925683],[-122.9941121,48.5927063],[-122.9936805,48.5929013],[-122.9935021,48.5929495]]},"properties":{"OBJECTID_1":595,"OBJECTID":590,"ID":1,"SITECODE":"sjs0555","SITECODE1":" ","ISLAND":"Crane","LENGTH":664.14,"SITE":" ","LINK1":" ","LINK2":" ","LINK3":" ","SAMP_SIZE":12,"MEAN":18.8999996,"ST_DEV":3.97000003,"MAX_":25.7000008,"MIN_":13.1999998,"COMMENTS":" ","Shape_Leng":664.139711005,"Shape_Length":664.139674667277}},{"type":"Feature","id":596,"geometry":{"type":"LineString","coordinates":[[-122.9926925,48.5932713],[-122.9926027,48.5932805]]},"properties":{"OBJECTID_1":596,"OBJECTID":591,"ID":1,"SITECODE":"sjs0555","SITECODE1":" ","ISLAND":"Crane","LENGTH":21.995,"SITE":" ","LINK1":" ","LINK2":" ","LINK3":" ","SAMP_SIZE":12,"MEAN":18.8999996,"ST_DEV":3.97000003,"MAX_":25.7000008,"MIN_":13.1999998,"COMMENTS":" ","Shape_Leng":21.994879065,"Shape_Length":21.994960612632273}},{"type":"Feature","id":597,"geometry":{"type":"LineString","coordinates":[[-122.9906421,48.5975885],[-122.9903762,48.5974363],[-122.9903133,48.5972804],[-122.990295,48.5971162],[-122.9903132,48.5970111]]},"properties":{"OBJECTID_1":597,"OBJECTID":592,"ID":1,"SITECODE":"sjs0559","SITECODE1":" ","ISLAND":"Crane","LENGTH":242.52,"SITE":" ","LINK1":" ","LINK2":" ","LINK3":" ","SAMP_SIZE":3,"MEAN":13.6000004,"ST_DEV":4.46000004,"MAX_":17.2000008,"MIN_":8.60000038,"COMMENTS":" ","Shape_Leng":242.520274974,"Shape_Length":242.52005237334006}},{"type":"Feature","id":598,"geometry":{"type":"LineString","coordinates":[[-122.9909585,48.5981362],[-122.9909688,48.5981135],[-122.9914143,48.5982474]]},"properties":{"OBJECTID_1":598,"OBJECTID":593,"ID":1,"SITECODE":"sjs0558","SITECODE1":" ","ISLAND":"Crane","LENGTH":126.978,"SITE":" ","LINK1":" ","LINK2":" ","LINK3":" ","SAMP_SIZE":13,"MEAN":16.8799992,"ST_DEV":3.6400001,"MAX_":21.6000004,"MIN_":10.5,"COMMENTS":" ","Shape_Leng":126.978469056,"Shape_Length":126.97862358549371}},{"type":"Feature","id":599,"geometry":{"type":"LineString","coordinates":[[-122.9915458,48.5997561],[-122.991578,48.5997181]]},"properties":{"OBJECTID_1":599,"OBJECTID":594,"ID":1,"SITECODE":"sjs0558","SITECODE1":" ","ISLAND":"Crane","LENGTH":15.908,"SITE":" ","LINK1":" ","LINK2":" ","LINK3":" ","SAMP_SIZE":13,"MEAN":16.8799992,"ST_DEV":3.6400001,"MAX_":21.6000004,"MIN_":10.5,"COMMENTS":" ","Shape_Leng":15.9073855794,"Shape_Length":15.907362209800404}},{"type":"Feature","id":600,"geometry":{"type":"LineString","coordinates":[[-123.0178913,48.58923],[-123.0181023,48.5893622],[-123.0180501,48.5894767],[-123.018126,48.5896493],[-123.0181435,48.5897927],[-123.018023,48.5899085],[-123.01795,48.5900688],[-123.0177598,48.5901556]]},"properties":{"OBJECTID_1":600,"OBJECTID":595,"ID":1,"SITECODE":"sjs0562","SITECODE1":" ","ISLAND":"Cliff","LENGTH":400.274,"SITE":" ","LINK1":" ","LINK2":" ","LINK3":" ","SAMP_SIZE":13,"MEAN":21.5799999,"ST_DEV":4.01999998,"MAX_":28.2000008,"MIN_":14.1999998,"COMMENTS":" ","Shape_Leng":400.274143382,"Shape_Length":400.2741691545792}},{"type":"Feature","id":601,"geometry":{"type":"LineString","coordinates":[[-123.0186888,48.5945346],[-123.0189474,48.5944465]]},"properties":{"OBJECTID_1":601,"OBJECTID":596,"ID":1,"SITECODE":"sjs0553","SITECODE1":" ","ISLAND":"McConnell","LENGTH":70.356,"SITE":" ","LINK1":" ","LINK2":" ","LINK3":" ","SAMP_SIZE":5,"MEAN":22.1599998,"ST_DEV":4.07999992,"MAX_":26,"MIN_":16.5,"COMMENTS":" ","Shape_Leng":70.3557905942,"Shape_Length":70.35585360092851}},{"type":"Feature","id":602,"geometry":{"type":"LineString","coordinates":[[-123.0199169,48.5941785],[-123.0201768,48.5941207],[-123.0203364,48.5941177]]},"properties":{"OBJECTID_1":602,"OBJECTID":597,"ID":1,"SITECODE":"sjs0553","SITECODE1":" ","ISLAND":"McConnell","LENGTH":104.979,"SITE":" ","LINK1":" ","LINK2":" ","LINK3":" ","SAMP_SIZE":5,"MEAN":22.1599998,"ST_DEV":4.07999992,"MAX_":26,"MIN_":16.5,"COMMENTS":" ","Shape_Leng":104.979019334,"Shape_Length":104.97896338932507}},{"type":"Feature","id":603,"geometry":{"type":"LineString","coordinates":[[-123.0213168,48.5951661],[-123.0207264,48.5947005]]},"properties":{"OBJECTID_1":603,"OBJECTID":598,"ID":1,"SITECODE":"sjs0552","SITECODE1":" ","ISLAND":"McConnell","LENGTH":221.954,"SITE":" ","LINK1":" ","LINK2":" ","LINK3":" ","SAMP_SIZE":23,"MEAN":20.3099995,"ST_DEV":5.36999989,"MAX_":26.7000008,"MIN_":10,"COMMENTS":" ","Shape_Leng":221.95368591,"Shape_Length":221.95360644731892}},{"type":"Feature","id":604,"geometry":{"type":"LineString","coordinates":[[-123.0193589,48.5960657],[-123.0187794,48.5966517]]},"properties":{"OBJECTID_1":604,"OBJECTID":599,"ID":1,"SITECODE":"sjs0553","SITECODE1":" ","ISLAND":"McConnell","LENGTH":255.69,"SITE":" ","LINK1":" ","LINK2":" ","LINK3":" ","SAMP_SIZE":5,"MEAN":22.1599998,"ST_DEV":4.07999992,"MAX_":26,"MIN_":16.5,"COMMENTS":" ","Shape_Leng":255.689891567,"Shape_Length":255.68988461252843}},{"type":"Feature","id":605,"geometry":{"type":"LineString","coordinates":[[-123.0187794,48.5966517],[-123.0191845,48.5970527]]},"properties":{"OBJECTID_1":605,"OBJECTID":600,"ID":1,"SITECODE":"sjs0553","SITECODE1":" ","ISLAND":"McConnell","LENGTH":176.095,"SITE":" ","LINK1":" ","LINK2":" ","LINK3":" ","SAMP_SIZE":5,"MEAN":22.1599998,"ST_DEV":4.07999992,"MAX_":26,"MIN_":16.5,"COMMENTS":" ","Shape_Leng":176.094997416,"Shape_Length":176.0949578637001}},{"type":"Feature","id":606,"geometry":{"type":"LineString","coordinates":[[-123.0191179,48.5976291],[-123.0199344,48.5977802],[-123.0204655,48.5979291],[-123.0208485,48.5980808],[-123.0212298,48.5987243],[-123.0216759,48.5990186],[-123.0219013,48.5992187],[-123.0223429,48.5994071],[-123.0224223,48.5996629]]},"properties":{"OBJECTID_1":606,"OBJECTID":601,"ID":1,"SITECODE":"sjs0552","SITECODE1":" ","ISLAND":"McConnell","LENGTH":1170.575,"SITE":" ","LINK1":" ","LINK2":" ","LINK3":" ","SAMP_SIZE":23,"MEAN":20.3099995,"ST_DEV":5.36999989,"MAX_":26.7000008,"MIN_":10,"COMMENTS":" ","Shape_Leng":1170.57481779,"Shape_Length":1170.5746794501435}},{"type":"Feature","id":607,"geometry":{"type":"LineString","coordinates":[[-123.022423,48.599678],[-123.0229402,48.5997666],[-123.023301,48.6001987],[-123.0243547,48.6000274],[-123.0250895,48.5996049]]},"properties":{"OBJECTID_1":607,"OBJECTID":602,"ID":1,"SITECODE":"sjs0552","SITECODE1":" ","ISLAND":"McConnell","LENGTH":807.293,"SITE":" ","LINK1":" ","LINK2":" ","LINK3":" ","SAMP_SIZE":23,"MEAN":20.3099995,"ST_DEV":5.36999989,"MAX_":26.7000008,"MIN_":10,"COMMENTS":" ","Shape_Leng":807.293158523,"Shape_Length":807.2927744623628}},{"type":"Feature","id":608,"geometry":{"type":"LineString","coordinates":[[-123.0263801,48.5985741],[-123.0266139,48.5984411],[-123.0267087,48.5982576],[-123.0259597,48.5978178],[-123.0258008,48.5973062],[-123.0255748,48.597091],[-123.0252701,48.5961055],[-123.0253554,48.5959677],[-123.0254483,48.5957389],[-123.02556,48.5956838],[-123.0254489,48.5954892]]},"properties":{"OBJECTID_1":608,"OBJECTID":603,"ID":1,"SITECODE":"sjs0552","SITECODE1":" ","ISLAND":"McConnell","LENGTH":1291.062,"SITE":" ","LINK1":" ","LINK2":" ","LINK3":" ","SAMP_SIZE":23,"MEAN":20.3099995,"ST_DEV":5.36999989,"MAX_":26.7000008,"MIN_":10,"COMMENTS":" ","Shape_Leng":1291.0621107,"Shape_Length":1291.0619591214813}},{"type":"Feature","id":609,"geometry":{"type":"LineString","coordinates":[[-123.0364861,48.5910681],[-123.0363945,48.5909609],[-123.0357478,48.5905245],[-123.0355652,48.5903229],[-123.0350395,48.5900061]]},"properties":{"OBJECTID_1":609,"OBJECTID":604,"ID":1,"SITECODE":"sjs0560","SITECODE1":" ","ISLAND":"Yellow","LENGTH":525.911,"SITE":" ","LINK1":" ","LINK2":" ","LINK3":" ","SAMP_SIZE":12,"MEAN":19.2999992,"ST_DEV":4.21000004,"MAX_":27,"MIN_":12.3999996,"COMMENTS":" ","Shape_Leng":525.910877357,"Shape_Length":525.9109361516123}},{"type":"Feature","id":610,"geometry":{"type":"LineString","coordinates":[[-123.0341588,48.592434],[-123.0342988,48.5923192],[-123.0344884,48.5922355],[-123.0349293,48.592099],[-123.0353154,48.5918113],[-123.0357619,48.5918028],[-123.0359666,48.5917909]]},"properties":{"OBJECTID_1":610,"OBJECTID":605,"ID":1,"SITECODE":"sjs0560","SITECODE1":" ","ISLAND":"Yellow","LENGTH":525.12,"SITE":" ","LINK1":" ","LINK2":" ","LINK3":" ","SAMP_SIZE":12,"MEAN":19.2999992,"ST_DEV":4.21000004,"MAX_":27,"MIN_":12.3999996,"COMMENTS":" ","Shape_Leng":525.119928944,"Shape_Length":525.1198963572867}},{"type":"Feature","id":611,"geometry":{"type":"LineString","coordinates":[[-123.0180911,48.6056237],[-123.0181695,48.6055236],[-123.0184456,48.6050252],[-123.0183494,48.6047091],[-123.0179079,48.6044325],[-123.018127,48.6037598],[-123.0181233,48.6036722]]},"properties":{"OBJECTID_1":611,"OBJECTID":606,"ID":1,"SITECODE":"sjs0544","SITECODE1":" ","ISLAND":"Reef","LENGTH":782.521,"SITE":" ","LINK1":" ","LINK2":" ","LINK3":" ","SAMP_SIZE":11,"MEAN":18.3700008,"ST_DEV":4.44999981,"MAX_":25.7000008,"MIN_":12.3000002,"COMMENTS":" ","Shape_Leng":782.520699131,"Shape_Length":782.5206077059984}},{"type":"Feature","id":612,"geometry":{"type":"LineString","coordinates":[[-123.017996,48.6030169],[-123.0179121,48.6029857],[-123.0174278,48.602096],[-123.0168858,48.6017884],[-123.016516,48.6016419],[-123.016216,48.6015818],[-123.0157209,48.6019857],[-123.0155907,48.602032],[-123.0154538,48.6023085]]},"properties":{"OBJECTID_1":612,"OBJECTID":607,"ID":1,"SITECODE":"sjs0544","SITECODE1":" ","ISLAND":"Reef","LENGTH":1052.894,"SITE":" ","LINK1":" ","LINK2":" ","LINK3":" ","SAMP_SIZE":11,"MEAN":18.3700008,"ST_DEV":4.44999981,"MAX_":25.7000008,"MIN_":12.3000002,"COMMENTS":" ","Shape_Leng":1052.89387297,"Shape_Length":1052.8939916538384}},{"type":"Feature","id":613,"geometry":{"type":"LineString","coordinates":[[-123.014309,48.6060675],[-123.0143434,48.6060998],[-123.014424,48.606438],[-123.0146909,48.6068824],[-123.0150282,48.6070404],[-123.0151607,48.6070489],[-123.0154811,48.6071963],[-123.0159911,48.6071429],[-123.0163681,48.60707],[-123.0164819,48.607024],[-123.0172232,48.6065826],[-123.0172813,48.6063952],[-123.017262,48.6063298]]},"properties":{"OBJECTID_1":613,"OBJECTID":608,"ID":1,"SITECODE":"sjs0544","SITECODE1":" ","ISLAND":"Reef","LENGTH":1127.663,"SITE":" ","LINK1":" ","LINK2":" ","LINK3":" ","SAMP_SIZE":11,"MEAN":18.3700008,"ST_DEV":4.44999981,"MAX_":25.7000008,"MIN_":12.3000002,"COMMENTS":" ","Shape_Leng":1127.66276828,"Shape_Length":1127.6626734749682}},{"type":"Feature","id":614,"geometry":{"type":"LineString","coordinates":[[-123.0383446,48.6136097],[-123.0378441,48.6138613]]},"properties":{"OBJECTID_1":614,"OBJECTID":609,"ID":1,"SITECODE":"sjs0543","SITECODE1":" ","ISLAND":"Jones","LENGTH":151.942,"SITE":" ","LINK1":" ","LINK2":" ","LINK3":" ","SAMP_SIZE":5,"MEAN":16.5400009,"ST_DEV":3.93000007,"MAX_":20.2000008,"MIN_":12,"COMMENTS":" ","Shape_Leng":151.942664878,"Shape_Length":151.94279706727812}},{"type":"Feature","id":615,"geometry":{"type":"LineString","coordinates":[[-123.0389244,48.6143494],[-123.0387701,48.6145824]]},"properties":{"OBJECTID_1":615,"OBJECTID":610,"ID":1,"SITECODE":"sjs0543","SITECODE1":" ","ISLAND":"Jones","LENGTH":92.836,"SITE":" ","LINK1":" ","LINK2":" ","LINK3":" ","SAMP_SIZE":5,"MEAN":16.5400009,"ST_DEV":3.93000007,"MAX_":20.2000008,"MIN_":12,"COMMENTS":" ","Shape_Leng":92.8354699577,"Shape_Length":92.83539120872894}},{"type":"Feature","id":616,"geometry":{"type":"LineString","coordinates":[[-123.038203,48.6116023],[-123.0383766,48.6113932],[-123.0384089,48.6112957],[-123.0385324,48.6111965]]},"properties":{"OBJECTID_1":616,"OBJECTID":611,"ID":1,"SITECODE":"sjs0542","SITECODE1":" ","ISLAND":"Jones","LENGTH":170.445,"SITE":" ","LINK1":" ","LINK2":" ","LINK3":" ","SAMP_SIZE":11,"MEAN":22.9500008,"ST_DEV":2.6500001,"MAX_":26.7000008,"MIN_":17,"COMMENTS":" ","Shape_Leng":170.445115889,"Shape_Length":170.44523551137658}},{"type":"Feature","id":617,"geometry":{"type":"LineString","coordinates":[[-123.0414694,48.6111285],[-123.0417081,48.6111603],[-123.0419292,48.6112045],[-123.0423144,48.6112456],[-123.0427315,48.6111771]]},"properties":{"OBJECTID_1":617,"OBJECTID":612,"ID":1,"SITECODE":"sjs0542","SITECODE1":" ","ISLAND":"Jones","LENGTH":313.1,"SITE":" ","LINK1":" ","LINK2":" ","LINK3":" ","SAMP_SIZE":11,"MEAN":22.9500008,"ST_DEV":2.6500001,"MAX_":26.7000008,"MIN_":17,"COMMENTS":" ","Shape_Leng":313.100203016,"Shape_Length":313.1000999080616}},{"type":"Feature","id":618,"geometry":{"type":"LineString","coordinates":[[-123.0442422,48.6114874],[-123.0448641,48.6115119],[-123.0452457,48.6114683],[-123.0455142,48.6113421]]},"properties":{"OBJECTID_1":618,"OBJECTID":613,"ID":1,"SITECODE":"sjs0542","SITECODE1":" ","ISLAND":"Jones","LENGTH":323.996,"SITE":" ","LINK1":" ","LINK2":" ","LINK3":" ","SAMP_SIZE":11,"MEAN":22.9500008,"ST_DEV":2.6500001,"MAX_":26.7000008,"MIN_":17,"COMMENTS":" ","Shape_Leng":323.996379307,"Shape_Length":323.99631073284223}},{"type":"Feature","id":619,"geometry":{"type":"LineString","coordinates":[[-123.0452705,48.6183576],[-123.0455041,48.6182684],[-123.0460801,48.6180758],[-123.0465744,48.6181027],[-123.0470165,48.6181911],[-123.0473116,48.6182581],[-123.0475729,48.6183863],[-123.0478164,48.618527],[-123.0478592,48.6186715]]},"properties":{"OBJECTID_1":619,"OBJECTID":614,"ID":1,"SITECODE":"sjs0539","SITECODE1":" ","ISLAND":"Jones","LENGTH":738.842,"SITE":" ","LINK1":" ","LINK2":" ","LINK3":" ","SAMP_SIZE":8,"MEAN":24.8700008,"ST_DEV":1.10000002,"MAX_":26,"MIN_":22.8999996,"COMMENTS":" ","Shape_Leng":738.842180842,"Shape_Length":738.8421351353655}},{"type":"Feature","id":620,"geometry":{"type":"LineString","coordinates":[[-123.0530243,48.6165833],[-123.0530138,48.616252]]},"properties":{"OBJECTID_1":620,"OBJECTID":615,"ID":1,"SITECODE":"sjs0541","SITECODE1":" ","ISLAND":"Jones","LENGTH":120.92,"SITE":" ","LINK1":" ","LINK2":" ","LINK3":" ","SAMP_SIZE":9,"MEAN":24.3799992,"ST_DEV":3.6400001,"MAX_":27.2999992,"MIN_":17.6000004,"COMMENTS":" ","Shape_Leng":120.920368201,"Shape_Length":120.92038592315939}},{"type":"Feature","id":621,"geometry":{"type":"LineString","coordinates":[[-123.0528235,48.6156584],[-123.0528584,48.6156215],[-123.0527947,48.6154168],[-123.0525105,48.6151801],[-123.0525078,48.6151196],[-123.0524619,48.6149025],[-123.0522892,48.6147121],[-123.0522155,48.6142776],[-123.0520768,48.614026],[-123.0520892,48.6138925]]},"properties":{"OBJECTID_1":621,"OBJECTID":616,"ID":1,"SITECODE":"sjs0541","SITECODE1":" ","ISLAND":"Jones","LENGTH":691.693,"SITE":" ","LINK1":" ","LINK2":" ","LINK3":" ","SAMP_SIZE":9,"MEAN":24.3799992,"ST_DEV":3.6400001,"MAX_":27.2999992,"MIN_":17.6000004,"COMMENTS":" ","Shape_Leng":691.693001266,"Shape_Length":691.6929375359587}},{"type":"Feature","id":622,"geometry":{"type":"LineString","coordinates":[[-122.8218512,48.5874794],[-122.8217114,48.5875935],[-122.8212407,48.5878568],[-122.8208605,48.587975],[-122.8200786,48.5882756],[-122.8197249,48.5884572],[-122.8188253,48.5888236],[-122.8181636,48.5891221],[-122.8175184,48.5892288],[-122.8164739,48.5895817]]},"properties":{"OBJECTID_1":622,"OBJECTID":617,"ID":1,"SITECODE":"sjs0373","SITECODE1":" ","ISLAND":"Obstruction","LENGTH":1525.057,"SITE":" ","LINK1":" ","LINK2":" ","LINK3":" ","SAMP_SIZE":10,"MEAN":17.5200005,"ST_DEV":3.42000008,"MAX_":22.6000004,"MIN_":12.8000002,"COMMENTS":" ","Shape_Leng":1525.05670301,"Shape_Length":1525.0565824217688}},{"type":"Feature","id":623,"geometry":{"type":"LineString","coordinates":[[-122.8120864,48.5911723],[-122.811851,48.591304]]},"properties":{"OBJECTID_1":623,"OBJECTID":618,"ID":1,"SITECODE":"sjs0373","SITECODE1":" ","ISLAND":"Obstruction","LENGTH":74.515,"SITE":" ","LINK1":" ","LINK2":" ","LINK3":" ","SAMP_SIZE":10,"MEAN":17.5200005,"ST_DEV":3.42000008,"MAX_":22.6000004,"MIN_":12.8000002,"COMMENTS":" ","Shape_Leng":74.5147447952,"Shape_Length":74.51487197399051}},{"type":"Feature","id":624,"geometry":{"type":"LineString","coordinates":[[-122.8101379,48.5917799],[-122.8090101,48.5924692]]},"properties":{"OBJECTID_1":624,"OBJECTID":619,"ID":1,"SITECODE":"sjs0484","SITECODE1":" ","ISLAND":"Obstruction","LENGTH":371.118,"SITE":" ","LINK1":" ","LINK2":" ","LINK3":" ","SAMP_SIZE":8,"MEAN":17.5799999,"ST_DEV":4.88999987,"MAX_":22.7999992,"MIN_":8.89999962,"COMMENTS":" ","Shape_Leng":371.117290879,"Shape_Length":371.11737483527133}},{"type":"Feature","id":625,"geometry":{"type":"LineString","coordinates":[[-122.8080111,48.5927575],[-122.8078694,48.5928237],[-122.8074423,48.5929746],[-122.8072506,48.5929938],[-122.8066911,48.59345],[-122.8061703,48.5936663],[-122.8060335,48.5938601]]},"properties":{"OBJECTID_1":625,"OBJECTID":620,"ID":1,"SITECODE":"sjs0484","SITECODE1":" ","ISLAND":"Obstruction","LENGTH":647.302,"SITE":" ","LINK1":" ","LINK2":" ","LINK3":" ","SAMP_SIZE":8,"MEAN":17.5799999,"ST_DEV":4.88999987,"MAX_":22.7999992,"MIN_":8.89999962,"COMMENTS":" ","Shape_Leng":647.301946393,"Shape_Length":647.3017884447113}},{"type":"Feature","id":626,"geometry":{"type":"LineString","coordinates":[[-122.8096655,48.588278],[-122.809204,48.5881583],[-122.8087153,48.5879592],[-122.807701,48.5872266],[-122.8069196,48.5869208],[-122.8065745,48.5867033],[-122.8057476,48.5864621],[-122.8052158,48.5863914],[-122.8042508,48.5863121],[-122.8039618,48.586301],[-122.8037942,48.5863198]]},"properties":{"OBJECTID_1":626,"OBJECTID":621,"ID":1,"SITECODE":"sjs0486","SITECODE1":" ","ISLAND":"Blakely","LENGTH":1652.927,"SITE":" ","LINK1":" ","LINK2":" ","LINK3":" ","SAMP_SIZE":13,"MEAN":18.5699997,"ST_DEV":3.13000011,"MAX_":23.2999992,"MIN_":12,"COMMENTS":" ","Shape_Leng":1652.92752255,"Shape_Length":1652.9277022182819}},{"type":"Feature","id":627,"geometry":{"type":"LineString","coordinates":[[-122.8004003,48.5849894],[-122.8001304,48.5848504],[-122.7996917,48.5846983],[-122.799587,48.5844767],[-122.7992678,48.5843066],[-122.7990701,48.5841664]]},"properties":{"OBJECTID_1":627,"OBJECTID":622,"ID":1,"SITECODE":"sjs0487","SITECODE1":" ","ISLAND":"Blakely","LENGTH":456.385,"SITE":" ","LINK1":" ","LINK2":" ","LINK3":" ","SAMP_SIZE":5,"MEAN":21.7199993,"ST_DEV":1.98000002,"MAX_":25.2000008,"MIN_":20.2000008,"COMMENTS":" ","Shape_Leng":456.385395182,"Shape_Length":456.38512729964}},{"type":"Feature","id":628,"geometry":{"type":"LineString","coordinates":[[-122.7855215,48.5430257],[-122.786016,48.5427621]]},"properties":{"OBJECTID_1":628,"OBJECTID":623,"ID":1,"SITECODE":"sjs0493","SITECODE1":" ","ISLAND":"Blakely","LENGTH":153.616,"SITE":" ","LINK1":" ","LINK2":" ","LINK3":" ","SAMP_SIZE":3,"MEAN":17.3999996,"ST_DEV":2.5999999,"MAX_":19,"MIN_":14.3999996,"COMMENTS":" ","Shape_Leng":153.616285359,"Shape_Length":153.6162382840138}},{"type":"Feature","id":629,"geometry":{"type":"LineString","coordinates":[[-122.7868727,48.541918],[-122.7870538,48.5416278]]},"properties":{"OBJECTID_1":629,"OBJECTID":624,"ID":1,"SITECODE":"sjs0363","SITECODE1":" ","ISLAND":"Blakely","LENGTH":114.614,"SITE":" ","LINK1":" ","LINK2":" ","LINK3":" ","SAMP_SIZE":7,"MEAN":21.2700005,"ST_DEV":2.58999991,"MAX_":24.6000004,"MIN_":17.6000004,"COMMENTS":" ","Shape_Leng":114.61393877,"Shape_Length":114.61406459540405}},{"type":"Feature","id":630,"geometry":{"type":"LineString","coordinates":[[-122.7870538,48.5416278],[-122.7870532,48.5416118]]},"properties":{"OBJECTID_1":630,"OBJECTID":625,"ID":1,"SITECODE":"sjs0363","SITECODE1":" ","ISLAND":"Blakely","LENGTH":5.819,"SITE":" ","LINK1":" ","LINK2":" ","LINK3":" ","SAMP_SIZE":7,"MEAN":21.2700005,"ST_DEV":2.58999991,"MAX_":24.6000004,"MIN_":17.6000004,"COMMENTS":" ","Shape_Leng":5.81862400542,"Shape_Length":5.818557918071747}},{"type":"Feature","id":631,"geometry":{"type":"LineString","coordinates":[[-122.7893593,48.5403444],[-122.7895711,48.5402292],[-122.7900458,48.5400776],[-122.7906357,48.5397964],[-122.791039,48.5396619],[-122.7917711,48.5393305],[-122.7923154,48.5391138],[-122.7923148,48.5390979]]},"properties":{"OBJECTID_1":631,"OBJECTID":626,"ID":1,"SITECODE":"sjs0363","SITECODE1":" ","ISLAND":"Blakely","LENGTH":853.393,"SITE":" ","LINK1":" ","LINK2":" ","LINK3":" ","SAMP_SIZE":7,"MEAN":21.2700005,"ST_DEV":2.58999991,"MAX_":24.6000004,"MIN_":17.6000004,"COMMENTS":" ","Shape_Leng":853.393475669,"Shape_Length":853.3932560176594}},{"type":"Feature","id":632,"geometry":{"type":"LineString","coordinates":[[-122.7974085,48.5359803],[-122.7974528,48.5358838]]},"properties":{"OBJECTID_1":632,"OBJECTID":627,"ID":1,"SITECODE":"sjs0364","SITECODE1":" ","ISLAND":"Blakely","LENGTH":36.8,"SITE":" ","LINK1":" ","LINK2":" ","LINK3":" ","SAMP_SIZE":9,"MEAN":15.96,"ST_DEV":2.1500001,"MAX_":19.3999996,"MIN_":13.3000002,"COMMENTS":" ","Shape_Leng":36.8005332281,"Shape_Length":36.800517671102604}},{"type":"Feature","id":633,"geometry":{"type":"LineString","coordinates":[[-122.7977441,48.5353364],[-122.7979196,48.5349027]]},"properties":{"OBJECTID_1":633,"OBJECTID":628,"ID":1,"SITECODE":"sjs0364","SITECODE1":" ","ISLAND":"Blakely","LENGTH":163.854,"SITE":" ","LINK1":" ","LINK2":" ","LINK3":" ","SAMP_SIZE":9,"MEAN":15.96,"ST_DEV":2.1500001,"MAX_":19.3999996,"MIN_":13.3000002,"COMMENTS":" ","Shape_Leng":163.854185154,"Shape_Length":163.85415243653532}},{"type":"Feature","id":634,"geometry":{"type":"LineString","coordinates":[[-122.7970148,48.5376143],[-122.7973515,48.5376246],[-122.7978034,48.5375052],[-122.7982054,48.5373389],[-122.7987263,48.5371386],[-122.7991991,48.5369391],[-122.8000296,48.5366697],[-122.8001374,48.5363488]]},"properties":{"OBJECTID_1":634,"OBJECTID":629,"ID":1,"SITECODE":"sjs0364","SITECODE1":" ","ISLAND":"Blakely","LENGTH":939.652,"SITE":" ","LINK1":" ","LINK2":" ","LINK3":" ","SAMP_SIZE":9,"MEAN":15.96,"ST_DEV":2.1500001,"MAX_":19.3999996,"MIN_":13.3000002,"COMMENTS":" ","Shape_Leng":939.652163453,"Shape_Length":939.651956217775}},{"type":"Feature","id":635,"geometry":{"type":"LineString","coordinates":[[-122.8013767,48.534844],[-122.8016143,48.5347762],[-122.8020194,48.5346895],[-122.8022552,48.5345738],[-122.8023715,48.5344761],[-122.8026295,48.5343122],[-122.8029053,48.5339884],[-122.8027988,48.533719]]},"properties":{"OBJECTID_1":635,"OBJECTID":630,"ID":1,"SITECODE":"sjs0365","SITECODE1":" ","ISLAND":"Blakely","LENGTH":606.076,"SITE":" ","LINK1":" ","LINK2":" ","LINK3":" ","SAMP_SIZE":15,"MEAN":17.8299999,"ST_DEV":6.25,"MAX_":26.5,"MIN_":5.30000019,"COMMENTS":" ","Shape_Leng":606.076468367,"Shape_Length":606.0762434643169}},{"type":"Feature","id":636,"geometry":{"type":"LineString","coordinates":[[-122.8037376,48.5319001],[-122.8039537,48.5318965],[-122.8043846,48.5318572],[-122.8048604,48.5317374],[-122.8050254,48.5316549],[-122.8060964,48.5313973],[-122.8065267,48.5313421],[-122.8070302,48.5313176],[-122.8076285,48.5312595],[-122.8079369,48.5311585],[-122.8082231,48.5311058]]},"properties":{"OBJECTID_1":636,"OBJECTID":631,"ID":1,"SITECODE":"sjs0365","SITECODE1":" ","ISLAND":"Blakely","LENGTH":1137.4,"SITE":" ","LINK1":" ","LINK2":" ","LINK3":" ","SAMP_SIZE":15,"MEAN":17.8299999,"ST_DEV":6.25,"MAX_":26.5,"MIN_":5.30000019,"COMMENTS":" ","Shape_Leng":1137.40005181,"Shape_Length":1137.399916575239}},{"type":"Feature","id":637,"geometry":{"type":"LineString","coordinates":[[-122.8112086,48.5325227],[-122.8114438,48.5330133],[-122.8129128,48.5349666],[-122.8129978,48.5353001],[-122.8134097,48.5360111],[-122.8136332,48.5361987],[-122.8139879,48.5366713],[-122.8142643,48.5369856]]},"properties":{"OBJECTID_1":637,"OBJECTID":632,"ID":1,"SITECODE":"sjs0366","SITECODE1":" ","ISLAND":"Blakely","LENGTH":1798.414,"SITE":" ","LINK1":" ","LINK2":" ","LINK3":" ","SAMP_SIZE":11,"MEAN":15.8500004,"ST_DEV":3.25,"MAX_":21.1000004,"MIN_":11.3999996,"COMMENTS":" ","Shape_Leng":1798.41459637,"Shape_Length":1798.4148320680563}},{"type":"Feature","id":638,"geometry":{"type":"LineString","coordinates":[[-122.8142656,48.5370175],[-122.8155641,48.5382876],[-122.8158129,48.5385068]]},"properties":{"OBJECTID_1":638,"OBJECTID":633,"ID":1,"SITECODE":"sjs0366","SITECODE1":" ","ISLAND":"Blakely","LENGTH":660.183,"SITE":" ","LINK1":" ","LINK2":" ","LINK3":" ","SAMP_SIZE":11,"MEAN":15.8500004,"ST_DEV":3.25,"MAX_":21.1000004,"MIN_":11.3999996,"COMMENTS":" ","Shape_Leng":660.182713045,"Shape_Length":660.1828481285655}},{"type":"Feature","id":639,"geometry":{"type":"LineString","coordinates":[[-122.8190873,48.5430137],[-122.8191465,48.5432999]]},"properties":{"OBJECTID_1":639,"OBJECTID":634,"ID":1,"SITECODE":"sjs0367","SITECODE1":" ","ISLAND":"Blakely","LENGTH":105.38,"SITE":" ","LINK1":" ","LINK2":" ","LINK3":" ","SAMP_SIZE":1,"MEAN":20,"ST_DEV":0,"MAX_":20,"MIN_":20,"COMMENTS":" ","Shape_Leng":105.380045391,"Shape_Length":105.37990629798735}},{"type":"Feature","id":640,"geometry":{"type":"LineString","coordinates":[[-122.8210805,48.5479255],[-122.8206921,48.5484427],[-122.8204921,48.5488609],[-122.8207871,48.5490314],[-122.8215255,48.5494814],[-122.822046,48.5498873],[-122.8224962,48.5503422],[-122.822577,48.5505642],[-122.8222422,48.5512241],[-122.8216513,48.5520958],[-122.8223146,48.5524673],[-122.8225819,48.5525425],[-122.8228676,48.5524738],[-122.8238726,48.5523608],[-122.8244736,48.5523664],[-122.8254541,48.5528601],[-122.8260504,48.5533604],[-122.8263757,48.5536899],[-122.8261902,48.5532463],[-122.8250777,48.5524518],[-122.8245659,48.5522691],[-122.8239858,48.5521833],[-122.8233349,48.5521307],[-122.8229051,48.5522019],[-122.8226587,48.5520466],[-122.8223076,48.5516697],[-122.8225488,48.5510752],[-122.8227612,48.5509759],[-122.8227736,48.5512947],[-122.8230817,48.5518],[-122.8236297,48.5516789],[-122.8239603,48.5515296],[-122.8241899,48.5512545],[-122.8240334,48.5509381],[-122.8237624,48.5507672],[-122.8235591,48.5504835],[-122.8232395,48.5502976],[-122.8233016,48.5500412],[-122.8226598,48.5496055],[-122.8222613,48.5492454],[-122.8219071,48.5487888],[-122.8218578,48.5487577],[-122.8216336,48.5485542],[-122.8215276,48.5483007],[-122.8211796,48.5480035],[-122.8211267,48.5478768],[-122.8210799,48.5479095]]},"properties":{"OBJECTID_1":640,"OBJECTID":635,"ID":1,"SITECODE":"flats65","SITECODE1":" ","ISLAND":"Blakely","LENGTH":7024.559,"SITE":"Thatcher Bay","LINK1":" ","LINK2":" ","LINK3":" ","SAMP_SIZE":14,"MEAN":17,"ST_DEV":2,"MAX_":12,"MIN_":20,"COMMENTS":" ","Shape_Leng":7024.55924655,"Shape_Length":7024.559959051969}},{"type":"Feature","id":641,"geometry":{"type":"LineString","coordinates":[[-122.8271395,48.5541713],[-122.827219,48.5543614],[-122.8279048,48.5553069],[-122.8280146,48.555656],[-122.8284503,48.5563505],[-122.8286543,48.5566501],[-122.8290457,48.5574411],[-122.8297537,48.5583383],[-122.8305014,48.5596337],[-122.8306692,48.5602371],[-122.8307834,48.5606978],[-122.830736,48.5607146]]},"properties":{"OBJECTID_1":641,"OBJECTID":636,"ID":1,"SITECODE":"sjs0369","SITECODE1":" ","ISLAND":"Blakely","LENGTH":2565.893,"SITE":" ","LINK1":" ","LINK2":" ","LINK3":" ","SAMP_SIZE":14,"MEAN":18.1200008,"ST_DEV":2.72000003,"MAX_":22.6000004,"MIN_":13.1000004,"COMMENTS":" ","Shape_Leng":2565.89312873,"Shape_Length":2565.893330565507}},{"type":"Feature","id":642,"geometry":{"type":"LineString","coordinates":[[-122.8290908,48.5770485],[-122.8290849,48.5775113],[-122.8292181,48.577844],[-122.8292786,48.578162],[-122.829293,48.5785288]]},"properties":{"OBJECTID_1":642,"OBJECTID":637,"ID":1,"SITECODE":"sjs0371","SITECODE1":" ","ISLAND":"Blakely","LENGTH":545.229,"SITE":" ","LINK1":" ","LINK2":" ","LINK3":" ","SAMP_SIZE":17,"MEAN":17.5499992,"ST_DEV":3.81999993,"MAX_":22.7999992,"MIN_":6.19999981,"COMMENTS":" ","Shape_Leng":545.229538836,"Shape_Length":545.2295451297491}},{"type":"Feature","id":643,"geometry":{"type":"LineString","coordinates":[[-122.817016,48.5855839],[-122.8168823,48.5858574],[-122.8166476,48.586005],[-122.8164116,48.5861207]]},"properties":{"OBJECTID_1":643,"OBJECTID":638,"ID":1,"SITECODE":"sjs0485","SITECODE1":" ","ISLAND":"Blakely","LENGTH":254.204,"SITE":" ","LINK1":" ","LINK2":" ","LINK3":" ","SAMP_SIZE":10,"MEAN":15.5799999,"ST_DEV":5.44000006,"MAX_":21.1000004,"MIN_":5.9000001,"COMMENTS":" ","Shape_Leng":254.204105079,"Shape_Length":254.20402905379035}},{"type":"Feature","id":644,"geometry":{"type":"LineString","coordinates":[[-122.7888588,48.5128313],[-122.7880134,48.512702],[-122.7874363,48.5126798],[-122.7867452,48.5128191],[-122.7856104,48.513285],[-122.7851575,48.5133724]]},"properties":{"OBJECTID_1":644,"OBJECTID":639,"ID":1,"SITECODE":"sjs0113","SITECODE1":" ","ISLAND":"Decatur","LENGTH":963.11,"SITE":" ","LINK1":" ","LINK2":" ","LINK3":" ","SAMP_SIZE":15,"MEAN":14.8900003,"ST_DEV":2.27999997,"MAX_":18.2000008,"MIN_":10,"COMMENTS":" ","Shape_Leng":963.110034303,"Shape_Length":963.1100381593368}},{"type":"Feature","id":645,"geometry":{"type":"LineString","coordinates":[[-122.7770651,48.5127427],[-122.7768454,48.5126506],[-122.7767914,48.512492],[-122.7766881,48.5123023],[-122.7764661,48.5121464]]},"properties":{"OBJECTID_1":645,"OBJECTID":640,"ID":1,"SITECODE":"sjs0691","SITECODE1":" ","ISLAND":"James","LENGTH":274.159,"SITE":" ","LINK1":" ","LINK2":" ","LINK3":" ","SAMP_SIZE":5,"MEAN":15.4200001,"ST_DEV":4.4000001,"MAX_":20.3999996,"MIN_":10,"COMMENTS":" ","Shape_Leng":274.159098507,"Shape_Length":274.15921804297534}},{"type":"Feature","id":646,"geometry":{"type":"LineString","coordinates":[[-122.7890529,48.5028404],[-122.7904315,48.5012217],[-122.7906279,48.5007078],[-122.7908753,48.5002728],[-122.7915546,48.4998306],[-122.7920592,48.4992158],[-122.7920138,48.4986581],[-122.7924556,48.4982837],[-122.7926206,48.4975789],[-122.7934852,48.4963357],[-122.7934724,48.4960009],[-122.7937549,48.4952303]]},"properties":{"OBJECTID_1":646,"OBJECTID":641,"ID":1,"SITECODE":"sjs0115","SITECODE1":" ","ISLAND":"Decatur","LENGTH":3076.406,"SITE":" ","LINK1":" ","LINK2":" ","LINK3":" ","SAMP_SIZE":17,"MEAN":24.6100006,"ST_DEV":2.0999999,"MAX_":28.2999992,"MIN_":20.2999992,"COMMENTS":" ","Shape_Leng":3076.40632151,"Shape_Length":3076.4063391203167}},{"type":"Feature","id":647,"geometry":{"type":"LineString","coordinates":[[-122.8082421,48.4831137],[-122.8132762,48.4835861],[-122.8137251,48.4834029],[-122.8146795,48.4832589],[-122.8149513,48.4828394],[-122.8167708,48.4821062],[-122.8171748,48.4820036]]},"properties":{"OBJECTID_1":647,"OBJECTID":642,"ID":1,"SITECODE":"sjs0118","SITECODE1":" ","ISLAND":"Decatur","LENGTH":2385.67,"SITE":" ","LINK1":" ","LINK2":" ","LINK3":" ","SAMP_SIZE":19,"MEAN":25.4599991,"ST_DEV":1.11000001,"MAX_":27.1000004,"MIN_":22.3999996,"COMMENTS":" ","Shape_Leng":2385.66991331,"Shape_Length":2385.6701384329153}},{"type":"Feature","id":648,"geometry":{"type":"LineString","coordinates":[[-122.8190422,48.4812695],[-122.8193779,48.4812638],[-122.8200224,48.4811729],[-122.8203852,48.4812465],[-122.8212037,48.4813122],[-122.8217351,48.4813988]]},"properties":{"OBJECTID_1":648,"OBJECTID":643,"ID":1,"SITECODE":"sjs0119","SITECODE1":" ","ISLAND":"Decatur","LENGTH":665.882,"SITE":" ","LINK1":" ","LINK2":" ","LINK3":" ","SAMP_SIZE":4,"MEAN":16.7999992,"ST_DEV":1.35000002,"MAX_":18.3999996,"MIN_":15.1000004,"COMMENTS":" ","Shape_Leng":665.882285832,"Shape_Length":665.882380438194}},{"type":"Feature","id":649,"geometry":{"type":"LineString","coordinates":[[-122.8224965,48.4836992],[-122.822612,48.4835855]]},"properties":{"OBJECTID_1":649,"OBJECTID":644,"ID":1,"SITECODE":"sjs0099","SITECODE1":" ","ISLAND":"Decatur","LENGTH":50.054,"SITE":" ","LINK1":" ","LINK2":" ","LINK3":" ","SAMP_SIZE":30,"MEAN":12.8599997,"ST_DEV":2.99000001,"MAX_":18.7999992,"MIN_":7.0999999,"COMMENTS":" ","Shape_Leng":50.0536963012,"Shape_Length":50.053585457159585}},{"type":"Feature","id":650,"geometry":{"type":"LineString","coordinates":[[-122.8228823,48.4843627],[-122.8228029,48.4841726]]},"properties":{"OBJECTID_1":650,"OBJECTID":645,"ID":1,"SITECODE":"sjs0099","SITECODE1":" ","ISLAND":"Decatur","LENGTH":71.973,"SITE":" ","LINK1":" ","LINK2":" ","LINK3":" ","SAMP_SIZE":30,"MEAN":12.8599997,"ST_DEV":2.99000001,"MAX_":18.7999992,"MIN_":7.0999999,"COMMENTS":" ","Shape_Leng":71.9724661999,"Shape_Length":71.97238235020694}},{"type":"Feature","id":651,"geometry":{"type":"LineString","coordinates":[[-122.8218615,48.4846514],[-122.8213936,48.4849626],[-122.8212203,48.4854442],[-122.8215464,48.4858056],[-122.8215981,48.4859005]]},"properties":{"OBJECTID_1":651,"OBJECTID":646,"ID":1,"SITECODE":"sjs0099","SITECODE1":" ","ISLAND":"Decatur","LENGTH":531.7,"SITE":" ","LINK1":" ","LINK2":" ","LINK3":" ","SAMP_SIZE":30,"MEAN":12.8599997,"ST_DEV":2.99000001,"MAX_":18.7999992,"MIN_":7.0999999,"COMMENTS":" ","Shape_Leng":531.699924959,"Shape_Length":531.7003186234623}},{"type":"Feature","id":652,"geometry":{"type":"LineString","coordinates":[[-122.8258253,48.4853651],[-122.8256721,48.4851284],[-122.8255055,48.4851632],[-122.8252354,48.4850083],[-122.824928,48.4851252],[-122.8247897,48.4852712],[-122.8249127,48.4853489],[-122.8249675,48.4855234],[-122.8251403,48.4856481],[-122.8253107,48.485709],[-122.8254515,48.4856268],[-122.8256889,48.4855589],[-122.8258241,48.4853332]]},"properties":{"OBJECTID_1":652,"OBJECTID":647,"ID":1,"SITECODE":"sjs0099","SITECODE1":" ","ISLAND":"Decatur","LENGTH":783.415,"SITE":" ","LINK1":" ","LINK2":" ","LINK3":" ","SAMP_SIZE":30,"MEAN":12.8599997,"ST_DEV":2.99000001,"MAX_":18.7999992,"MIN_":7.0999999,"COMMENTS":" ","Shape_Leng":783.415447553,"Shape_Length":783.4155507511997}},{"type":"Feature","id":653,"geometry":{"type":"LineString","coordinates":[[-122.8192949,48.488397],[-122.8197059,48.489092],[-122.8200062,48.489406],[-122.8208876,48.4898535],[-122.8215746,48.4896183],[-122.8218014,48.4892794],[-122.8217965,48.4891518],[-122.8218868,48.4890067],[-122.8223049,48.4886485],[-122.8234292,48.4885494],[-122.8242341,48.4882643],[-122.8249148,48.4878697],[-122.8250329,48.4878198],[-122.8255463,48.487444],[-122.8262042,48.4870817],[-122.8264643,48.4869815],[-122.8274309,48.486534],[-122.8277175,48.4864972]]},"properties":{"OBJECTID_1":653,"OBJECTID":648,"ID":1,"SITECODE":"sjs0099","SITECODE1":" ","ISLAND":"Decatur","LENGTH":2839.974,"SITE":" ","LINK1":" ","LINK2":" ","LINK3":" ","SAMP_SIZE":30,"MEAN":12.8599997,"ST_DEV":2.99000001,"MAX_":18.7999992,"MIN_":7.0999999,"COMMENTS":" ","Shape_Leng":2839.97428424,"Shape_Length":2839.9744349563884}},{"type":"Feature","id":654,"geometry":{"type":"LineString","coordinates":[[-122.8335336,48.4842429],[-122.8337255,48.4842396]]},"properties":{"OBJECTID_1":654,"OBJECTID":649,"ID":1,"SITECODE":"sjs0100","SITECODE1":" ","ISLAND":"Decatur","LENGTH":46.549,"SITE":" ","LINK1":" ","LINK2":" ","LINK3":" ","SAMP_SIZE":12,"MEAN":13.9700003,"ST_DEV":3.38000011,"MAX_":19.6000004,"MIN_":8.69999981,"COMMENTS":" ","Shape_Leng":46.5489920434,"Shape_Length":46.54879140853882}},{"type":"Feature","id":655,"geometry":{"type":"LineString","coordinates":[[-122.83445,48.4843547],[-122.8350988,48.4843754]]},"properties":{"OBJECTID_1":655,"OBJECTID":650,"ID":1,"SITECODE":"sjs0100","SITECODE1":" ","ISLAND":"Decatur","LENGTH":157.534,"SITE":" ","LINK1":" ","LINK2":" ","LINK3":" ","SAMP_SIZE":12,"MEAN":13.9700003,"ST_DEV":3.38000011,"MAX_":19.6000004,"MIN_":8.69999981,"COMMENTS":" ","Shape_Leng":157.533523016,"Shape_Length":157.5334657837363}},{"type":"Feature","id":656,"geometry":{"type":"LineString","coordinates":[[-122.8350979,48.4849657],[-122.8351319,48.4852204]]},"properties":{"OBJECTID_1":656,"OBJECTID":651,"ID":1,"SITECODE":"sjs0100","SITECODE1":" ","ISLAND":"Decatur","LENGTH":93.28,"SITE":" ","LINK1":" ","LINK2":" ","LINK3":" ","SAMP_SIZE":12,"MEAN":13.9700003,"ST_DEV":3.38000011,"MAX_":19.6000004,"MIN_":8.69999981,"COMMENTS":" ","Shape_Leng":93.279894364,"Shape_Length":93.2798891616291}},{"type":"Feature","id":657,"geometry":{"type":"LineString","coordinates":[[-122.8359203,48.4863555],[-122.8359512,48.4865305],[-122.8357712,48.4868368],[-122.8361409,48.4870857],[-122.8362696,48.4873068],[-122.8362998,48.4874658],[-122.8363036,48.4875615]]},"properties":{"OBJECTID_1":657,"OBJECTID":652,"ID":1,"SITECODE":"sjs0100","SITECODE1":" ","ISLAND":"Decatur","LENGTH":491.724,"SITE":" ","LINK1":" ","LINK2":" ","LINK3":" ","SAMP_SIZE":12,"MEAN":13.9700003,"ST_DEV":3.38000011,"MAX_":19.6000004,"MIN_":8.69999981,"COMMENTS":" ","Shape_Leng":491.724135546,"Shape_Length":491.724299507067}},{"type":"Feature","id":658,"geometry":{"type":"LineString","coordinates":[[-122.8296416,48.4939788],[-122.8292338,48.4939858]]},"properties":{"OBJECTID_1":658,"OBJECTID":653,"ID":1,"SITECODE":"sjs0102","SITECODE1":" ","ISLAND":"Decatur","LENGTH":98.917,"SITE":" ","LINK1":" ","LINK2":" ","LINK3":" ","SAMP_SIZE":20,"MEAN":9.35999966,"ST_DEV":3.52999997,"MAX_":14.3000002,"MIN_":2.5999999,"COMMENTS":" ","Shape_Leng":98.9166080921,"Shape_Length":98.91646882891655}},{"type":"Feature","id":659,"geometry":{"type":"LineString","coordinates":[[-122.8282132,48.4936684],[-122.8279967,48.4936561]]},"properties":{"OBJECTID_1":659,"OBJECTID":654,"ID":1,"SITECODE":"sjs0102","SITECODE1":" ","ISLAND":"Decatur","LENGTH":52.69,"SITE":" ","LINK1":" ","LINK2":" ","LINK3":" ","SAMP_SIZE":20,"MEAN":9.35999966,"ST_DEV":3.52999997,"MAX_":14.3000002,"MIN_":2.5999999,"COMMENTS":" ","Shape_Leng":52.6898813431,"Shape_Length":52.68993504124573}},{"type":"Feature","id":660,"geometry":{"type":"LineString","coordinates":[[-122.8245535,48.4921518],[-122.8245031,48.4920889],[-122.8242632,48.492093],[-122.8238953,48.4918919],[-122.8236542,48.4918642],[-122.8228909,48.491989],[-122.8226252,48.4919457],[-122.8221018,48.4920663],[-122.821579,48.492203],[-122.8212002,48.4923371],[-122.8213917,48.4929401],[-122.8211906,48.4933265],[-122.8196651,48.4929857],[-122.8188582,48.4932229],[-122.818426,48.4938366],[-122.8188253,48.4942286],[-122.8187719,48.4947082],[-122.81893,48.4950724],[-122.8190138,48.4953741],[-122.819167,48.4956108]]},"properties":{"OBJECTID_1":660,"OBJECTID":655,"ID":1,"SITECODE":"sjs0102","SITECODE1":" ","ISLAND":"Decatur","LENGTH":2808.352,"SITE":" ","LINK1":" ","LINK2":" ","LINK3":" ","SAMP_SIZE":20,"MEAN":9.35999966,"ST_DEV":3.52999997,"MAX_":14.3000002,"MIN_":2.5999999,"COMMENTS":" ","Shape_Leng":2808.35201945,"Shape_Length":2808.352050426822}},{"type":"Feature","id":661,"geometry":{"type":"LineString","coordinates":[[-122.8327334,48.5135021],[-122.8331635,48.5134468]]},"properties":{"OBJECTID_1":661,"OBJECTID":656,"ID":1,"SITECODE":"sjs0106","SITECODE1":" ","ISLAND":"Decatur","LENGTH":106.18,"SITE":" ","LINK1":" ","LINK2":" ","LINK3":" ","SAMP_SIZE":1,"MEAN":12.6000004,"ST_DEV":0,"MAX_":12.6000004,"MIN_":12.6000004,"COMMENTS":" ","Shape_Leng":106.179924234,"Shape_Length":106.1800666344401}},{"type":"Feature","id":662,"geometry":{"type":"LineString","coordinates":[[-122.8302024,48.5224804],[-122.8301735,48.5223533],[-122.8304082,48.5215993],[-122.8305681,48.5213892],[-122.8306813,48.5212117]]},"properties":{"OBJECTID_1":662,"OBJECTID":657,"ID":1,"SITECODE":"sjs0107","SITECODE1":" ","ISLAND":"Decatur","LENGTH":483.995,"SITE":" ","LINK1":" ","LINK2":" ","LINK3":" ","SAMP_SIZE":3,"MEAN":19.9300003,"ST_DEV":2.27999997,"MAX_":21.3999996,"MIN_":17.2999992,"COMMENTS":" ","Shape_Leng":483.995097423,"Shape_Length":483.99495772086937}},{"type":"Feature","id":663,"geometry":{"type":"LineString","coordinates":[[-122.8287115,48.5230486],[-122.8284001,48.5230699],[-122.8277015,48.5230181]]},"properties":{"OBJECTID_1":663,"OBJECTID":658,"ID":1,"SITECODE":"sjs0108","SITECODE1":" ","ISLAND":"Decatur","LENGTH":246.209,"SITE":" ","LINK1":" ","LINK2":" ","LINK3":" ","SAMP_SIZE":2,"MEAN":14.4499998,"ST_DEV":4.59000015,"MAX_":17.7000008,"MIN_":11.1999998,"COMMENTS":" ","Shape_Leng":246.208729864,"Shape_Length":246.208982743859}},{"type":"Feature","id":664,"geometry":{"type":"LineString","coordinates":[[-122.8032764,48.5242976],[-122.8038032,48.5242568]]},"properties":{"OBJECTID_1":664,"OBJECTID":659,"ID":1,"SITECODE":"sjs0109","SITECODE1":" ","ISLAND":"Decatur","LENGTH":128.538,"SITE":" ","LINK1":" ","LINK2":" ","LINK3":" ","SAMP_SIZE":2,"MEAN":14.5500002,"ST_DEV":2.6099999,"MAX_":16.3999996,"MIN_":12.6999998,"COMMENTS":" ","Shape_Leng":128.537860475,"Shape_Length":128.53810599823848}},{"type":"Feature","id":665,"geometry":{"type":"LineString","coordinates":[[-122.8022676,48.5242988],[-122.8018559,48.5242101]]},"properties":{"OBJECTID_1":665,"OBJECTID":660,"ID":1,"SITECODE":"sjs0109","SITECODE1":" ","ISLAND":"Decatur","LENGTH":104.897,"SITE":" ","LINK1":" ","LINK2":" ","LINK3":" ","SAMP_SIZE":2,"MEAN":14.5500002,"ST_DEV":2.6099999,"MAX_":16.3999996,"MIN_":12.6999998,"COMMENTS":" ","Shape_Leng":104.896821223,"Shape_Length":104.8966911087674}},{"type":"Feature","id":666,"geometry":{"type":"LineString","coordinates":[[-122.8153891,48.4779964],[-122.8153646,48.4779057],[-122.8148884,48.4778578],[-122.8142969,48.4778259],[-122.8140555,48.4778511],[-122.8140061,48.477936],[-122.8142181,48.4779674],[-122.8148822,48.4779701],[-122.8153792,48.4780106]]},"properties":{"OBJECTID_1":666,"OBJECTID":661,"ID":1,"SITECODE":"sjs0629","SITECODE1":" ","ISLAND":"Lopez","LENGTH":722.107,"SITE":" ","LINK1":" ","LINK2":" ","LINK3":" ","SAMP_SIZE":13,"MEAN":20.6900005,"ST_DEV":6.01000023,"MAX_":27.2999992,"MIN_":11.6999998,"COMMENTS":" ","Shape_Leng":722.106245751,"Shape_Length":722.1061968543249}},{"type":"Feature","id":667,"geometry":{"type":"LineString","coordinates":[[-122.8132476,48.4765791],[-122.8124454,48.476437],[-122.8119097,48.4759164],[-122.8105718,48.4752537],[-122.8087151,48.4745064],[-122.8076943,48.4735578],[-122.8085265,48.4732632],[-122.8088904,48.4729765],[-122.8094644,48.4732783],[-122.8101646,48.4744193],[-122.8109392,48.4750605],[-122.8124213,48.4758142],[-122.8126663,48.4760905],[-122.8131455,48.4763627],[-122.8131527,48.4765496]]},"properties":{"OBJECTID_1":667,"OBJECTID":662,"ID":1,"SITECODE":"sjs0630","SITECODE1":" ","ISLAND":"Lopez","LENGTH":3871.518,"SITE":" ","LINK1":" ","LINK2":" ","LINK3":" ","SAMP_SIZE":16,"MEAN":20.4200001,"ST_DEV":4.28000021,"MAX_":27.1000004,"MIN_":13.8000002,"COMMENTS":" ","Shape_Leng":3871.51795062,"Shape_Length":3871.517642167929}},{"type":"Feature","id":668,"geometry":{"type":"LineString","coordinates":[[-122.8090897,48.4720694],[-122.808954,48.4721964],[-122.8085745,48.4720782],[-122.8086153,48.4719217],[-122.8089432,48.4719161],[-122.8091317,48.471944],[-122.8091377,48.4720997]]},"properties":{"OBJECTID_1":668,"OBJECTID":663,"ID":1,"SITECODE":"sjs0630","SITECODE1":" ","ISLAND":"Lopez","LENGTH":399.649,"SITE":" ","LINK1":" ","LINK2":" ","LINK3":" ","SAMP_SIZE":16,"MEAN":20.4200001,"ST_DEV":4.28000021,"MAX_":27.1000004,"MIN_":13.8000002,"COMMENTS":" ","Shape_Leng":399.649210406,"Shape_Length":399.6493590883568}},{"type":"Feature","id":669,"geometry":{"type":"LineString","coordinates":[[-122.8078247,48.4690962],[-122.8077853,48.4688966],[-122.8078681,48.468579],[-122.8079169,48.4681988],[-122.8077308,48.4678963],[-122.8073052,48.4675452],[-122.8072085,48.4670936],[-122.8069734,48.4663387],[-122.8069027,48.4657391],[-122.8072333,48.4656808],[-122.8073486,48.4657948],[-122.8075066,48.4661926],[-122.8077231,48.4664629],[-122.8079863,48.4671225],[-122.8082409,48.4675608],[-122.8084164,48.4680005],[-122.8086499,48.4683022],[-122.8085557,48.4687359],[-122.8080781,48.4690919],[-122.8078543,48.469043]]},"properties":{"OBJECTID_1":669,"OBJECTID":664,"ID":1,"SITECODE":"sjs0361","SITECODE1":" ","ISLAND":"Lopez","LENGTH":2777.18,"SITE":" ","LINK1":" ","LINK2":" ","LINK3":" ","SAMP_SIZE":0,"MEAN":0,"ST_DEV":0,"MAX_":0,"MIN_":0,"COMMENTS":" ","Shape_Leng":2777.18042676,"Shape_Length":2777.180633077886}},{"type":"Feature","id":670,"geometry":{"type":"LineString","coordinates":[[-122.8041341,48.4524064],[-122.802933,48.4514289],[-122.8025823,48.4510682],[-122.8017744,48.4499618],[-122.8015728,48.4494968],[-122.8012786,48.4490129],[-122.8010527,48.4487113],[-122.8010739,48.4484665]]},"properties":{"OBJECTID_1":670,"OBJECTID":665,"ID":1,"SITECODE":"sjs0633","SITECODE1":" ","ISLAND":"Lopez","LENGTH":1645.364,"SITE":" ","LINK1":" ","LINK2":" ","LINK3":" ","SAMP_SIZE":10,"MEAN":19.2399998,"ST_DEV":3.81999993,"MAX_":24.3999996,"MIN_":13.1000004,"COMMENTS":" ","Shape_Leng":1645.36370662,"Shape_Length":1645.3635398926192}},{"type":"Feature","id":671,"geometry":{"type":"LineString","coordinates":[[-123.2100837,48.6663496],[-123.2093952,48.6661338],[-123.2093898,48.6660189],[-123.2089737,48.6658916],[-123.2087592,48.6653525],[-123.2086464,48.6653026],[-123.208418,48.66514],[-123.2079167,48.6648785],[-123.2074971,48.6646781],[-123.207372,48.6647016]]},"properties":{"OBJECTID_1":671,"OBJECTID":666,"ID":1,"SITECODE":"sjs0323","SITECODE1":" ","ISLAND":"Stuart","LENGTH":964.662,"SITE":" ","LINK1":" ","LINK2":" ","LINK3":" ","SAMP_SIZE":7,"MEAN":24.4200001,"ST_DEV":5.57999992,"MAX_":29,"MIN_":15.5,"COMMENTS":" ","Shape_Leng":964.662471353,"Shape_Length":964.662184453291}},{"type":"Feature","id":672,"geometry":{"type":"LineString","coordinates":[[-123.190392,48.6775004],[-123.1892482,48.6769798],[-123.1882325,48.676539],[-123.1881374,48.6760961],[-123.1879979,48.6757693],[-123.1883766,48.6753497],[-123.1883525,48.6753667]]},"properties":{"OBJECTID_1":672,"OBJECTID":667,"ID":1,"SITECODE":"flats51","SITECODE1":" ","ISLAND":"Stuart","LENGTH":1102.696,"SITE":" ","LINK1":" ","LINK2":" ","LINK3":" ","SAMP_SIZE":7,"MEAN":16,"ST_DEV":3,"MAX_":13,"MIN_":21,"COMMENTS":" ","Shape_Leng":1102.69634721,"Shape_Length":1102.6966875704668}},{"type":"Feature","id":673,"geometry":{"type":"LineString","coordinates":[[-123.192437,48.6770634],[-123.1911555,48.6767928],[-123.1898633,48.6762918],[-123.1895077,48.6761342],[-123.1895257,48.6759855],[-123.1897426,48.6758328],[-123.1909147,48.6758914],[-123.1925958,48.6767306],[-123.193807,48.6765577],[-123.1944158,48.676809],[-123.1948506,48.6770638],[-123.1955708,48.6770327],[-123.1963468,48.6771323],[-123.1966519,48.6772744],[-123.1973285,48.677376],[-123.198267,48.677225]]},"properties":{"OBJECTID_1":673,"OBJECTID":668,"ID":1,"SITECODE":"flats51","SITECODE1":" ","ISLAND":"Stuart","LENGTH":3183.116,"SITE":" ","LINK1":"flats51bac.xls","LINK2":"flats51BSdep.xls","LINK3":"flats51dvl.xls","SAMP_SIZE":7,"MEAN":16,"ST_DEV":3,"MAX_":13,"MIN_":21,"COMMENTS":" ","Shape_Leng":3183.11547853,"Shape_Length":3183.115495377946}},{"type":"Feature","id":674,"geometry":{"type":"LineString","coordinates":[[-123.1907155,48.6796525],[-123.1909007,48.6793521],[-123.1908548,48.6794355],[-123.1911681,48.6792149],[-123.1912726,48.6788961],[-123.19091,48.6784786],[-123.1900961,48.6782151],[-123.1885119,48.6776134],[-123.187401,48.6768525],[-123.185339,48.6763835],[-123.1845796,48.6761022],[-123.1839627,48.6762136],[-123.1836819,48.6765983]]},"properties":{"OBJECTID_1":674,"OBJECTID":669,"ID":1,"SITECODE":"flats51","SITECODE1":" ","ISLAND":"Stuart","LENGTH":2649.563,"SITE":" ","LINK1":"flats51bac.xls","LINK2":"flats51BSdep.xls","LINK3":"flats51dvl.xls","SAMP_SIZE":7,"MEAN":16,"ST_DEV":3,"MAX_":13,"MIN_":21,"COMMENTS":" ","Shape_Leng":2649.56218746,"Shape_Length":2649.562008866173}},{"type":"Feature","id":675,"geometry":{"type":"LineString","coordinates":[[-123.188413,48.6753548],[-123.1878459,48.6750094],[-123.1875381,48.6749751],[-123.1875157,48.6747565],[-123.1865155,48.6751094],[-123.1857882,48.6747429],[-123.185417,48.6746612],[-123.1852305,48.6746],[-123.184906,48.6744687],[-123.184434,48.6745918],[-123.1840517,48.6745347],[-123.1836831,48.6745097],[-123.1832531,48.6747455],[-123.1829655,48.6751488],[-123.1830301,48.6752205],[-123.1827683,48.675388],[-123.1824799,48.6755074],[-123.1822905,48.6756491],[-123.182569,48.6758462],[-123.1825268,48.6759931],[-123.1826007,48.6762674],[-123.182577,48.6765517],[-123.1826408,48.6766072]]},"properties":{"OBJECTID_1":675,"OBJECTID":670,"ID":1,"SITECODE":"flats51","SITECODE1":" ","ISLAND":"Stuart","LENGTH":2330.87,"SITE":" ","LINK1":"flats51bac.xls","LINK2":"flats51BSdep.xls","LINK3":"flats51dvl.xls","SAMP_SIZE":7,"MEAN":16,"ST_DEV":3,"MAX_":13,"MIN_":21,"COMMENTS":" ","Shape_Leng":2330.86945338,"Shape_Length":2330.869962931836}},{"type":"Feature","id":676,"geometry":{"type":"LineString","coordinates":[[-123.1827996,48.6779261],[-123.1827473,48.6778542],[-123.1824113,48.6777393],[-123.1822214,48.6776053],[-123.1819396,48.6776029],[-123.1816585,48.6776167],[-123.1811343,48.6779355],[-123.1809686,48.6780605],[-123.1799338,48.6787303],[-123.1794809,48.6792667],[-123.1786073,48.6797142],[-123.1783529,48.6797761]]},"properties":{"OBJECTID_1":676,"OBJECTID":671,"ID":1,"SITECODE":"sjs0336","SITECODE1":" ","ISLAND":"Stuart","LENGTH":1462.512,"SITE":" ","LINK1":" ","LINK2":" ","LINK3":" ","SAMP_SIZE":11,"MEAN":21.6000004,"ST_DEV":3.83999991,"MAX_":27,"MIN_":14.5,"COMMENTS":" ","Shape_Leng":1462.51212921,"Shape_Length":1462.511759479685}},{"type":"Feature","id":677,"geometry":{"type":"LineString","coordinates":[[-123.1774924,48.6802396],[-123.1773607,48.6803071]]},"properties":{"OBJECTID_1":677,"OBJECTID":672,"ID":1,"SITECODE":"sjs0336","SITECODE1":" ","ISLAND":"Stuart","LENGTH":40.231,"SITE":" ","LINK1":" ","LINK2":" ","LINK3":" ","SAMP_SIZE":11,"MEAN":21.6000004,"ST_DEV":3.83999991,"MAX_":27,"MIN_":14.5,"COMMENTS":" ","Shape_Leng":40.2314711605,"Shape_Length":40.23150045287397}},{"type":"Feature","id":678,"geometry":{"type":"LineString","coordinates":[[-123.1848333,48.6823061],[-123.185045,48.6823079],[-123.1852718,48.6822363],[-123.185549,48.6820601],[-123.1865497,48.6818082],[-123.1871804,48.6817162],[-123.1871445,48.681138],[-123.1864037,48.6806411]]},"properties":{"OBJECTID_1":678,"OBJECTID":673,"ID":1,"SITECODE":"sjs0335","SITECODE1":" ","ISLAND":"Satellite","LENGTH":1085.231,"SITE":" ","LINK1":" ","LINK2":" ","LINK3":" ","SAMP_SIZE":12,"MEAN":18.5699997,"ST_DEV":3.9000001,"MAX_":23.2999992,"MIN_":9.19999981,"COMMENTS":" ","Shape_Leng":1085.23078022,"Shape_Length":1085.230697724598}},{"type":"Feature","id":679,"geometry":{"type":"LineString","coordinates":[[-123.1861473,48.6796713],[-123.1865729,48.6793214],[-123.1865241,48.6792614],[-123.1861813,48.6790124],[-123.1852603,48.6791956],[-123.1849737,48.6787687],[-123.1846436,48.6787937],[-123.1845721,48.6790389]]},"properties":{"OBJECTID_1":679,"OBJECTID":674,"ID":1,"SITECODE":"sjs0335","SITECODE1":" ","ISLAND":"Satellite","LENGTH":885.852,"SITE":" ","LINK1":" ","LINK2":" ","LINK3":" ","SAMP_SIZE":12,"MEAN":18.5699997,"ST_DEV":3.9000001,"MAX_":23.2999992,"MIN_":9.19999981,"COMMENTS":" ","Shape_Leng":885.852019526,"Shape_Length":885.8520485559056}},{"type":"Feature","id":680,"geometry":{"type":"LineString","coordinates":[[-123.1720407,48.5988744],[-123.1716006,48.5991764],[-123.170209,48.5999676]]},"properties":{"OBJECTID_1":680,"OBJECTID":675,"ID":1,"SITECODE":"sjs1311","SITECODE1":" ","ISLAND":"Henry Island","LENGTH":596.79,"SITE":" ","LINK1":" ","LINK2":" ","LINK3":" ","SAMP_SIZE":15,"MEAN":17.2199993,"ST_DEV":5.4000001,"MAX_":27.6000004,"MIN_":10.8000002,"COMMENTS":" ","Shape_Leng":596.78983092,"Shape_Length":596.7900556009422}},{"type":"Feature","id":681,"geometry":{"type":"LineString","coordinates":[[-123.1693432,48.6035738],[-123.1689781,48.6031395],[-123.168551,48.603508],[-123.1685926,48.6039085]]},"properties":{"OBJECTID_1":681,"OBJECTID":676,"ID":1,"SITECODE":"sjs1311","SITECODE1":" ","ISLAND":"Henry Island","LENGTH":497.437,"SITE":" ","LINK1":" ","LINK2":" ","LINK3":" ","SAMP_SIZE":15,"MEAN":17.2199993,"ST_DEV":5.4000001,"MAX_":27.6000004,"MIN_":10.8000002,"COMMENTS":" ","Shape_Leng":497.436955166,"Shape_Length":497.43707073868575}},{"type":"Feature","id":682,"geometry":{"type":"LineString","coordinates":[[-123.1685926,48.6039085],[-123.1689312,48.6048089],[-123.1695286,48.6054675],[-123.1703531,48.6067757],[-123.1707833,48.6075522],[-123.1711626,48.6077572],[-123.1719049,48.6078077],[-123.1727964,48.6068083],[-123.1735826,48.6067434],[-123.1746296,48.6069839],[-123.1749858,48.6072221],[-123.1759126,48.6075305],[-123.1762576,48.6075236],[-123.176772,48.6074477],[-123.1769513,48.6075913],[-123.1771529,48.6076854]]},"properties":{"OBJECTID_1":682,"OBJECTID":677,"ID":1,"SITECODE":"flats52","SITECODE1":" ","ISLAND":"Henry","LENGTH":3332.415,"SITE":"Nelson Bay","LINK1":"flats52bac.xls","LINK2":"flats52BSdep.xls","LINK3":"flats52dvl.xls","SAMP_SIZE":10,"MEAN":23,"ST_DEV":6,"MAX_":13,"MIN_":30,"COMMENTS":" ","Shape_Leng":3332.41533396,"Shape_Length":3332.415536982503}},{"type":"Feature","id":683,"geometry":{"type":"LineString","coordinates":[[-123.1771907,48.6076977],[-123.1778512,48.6081901],[-123.1783798,48.6085288],[-123.1785612,48.6087637]]},"properties":{"OBJECTID_1":683,"OBJECTID":678,"ID":1,"SITECODE":"flats52","SITECODE1":" ","ISLAND":"Henry","LENGTH":514.544,"SITE":"Nelson Bay","LINK1":"flats52bac.xls","LINK2":"flats52BSdep.xls","LINK3":"flats52dvl.xls","SAMP_SIZE":10,"MEAN":23,"ST_DEV":6,"MAX_":13,"MIN_":30,"COMMENTS":" ","Shape_Leng":514.544242449,"Shape_Length":514.5441701034276}},{"type":"Feature","id":684,"geometry":{"type":"LineString","coordinates":[[-123.1785612,48.6087637],[-123.1789253,48.609235],[-123.1790652,48.6098666],[-123.1788361,48.6103126],[-123.1780777,48.6110084]]},"properties":{"OBJECTID_1":684,"OBJECTID":679,"ID":1,"SITECODE":"sjs1309","SITECODE1":" ","ISLAND":"Henry Island","LENGTH":911.18,"SITE":" ","LINK1":" ","LINK2":" ","LINK3":" ","SAMP_SIZE":13,"MEAN":15.1000004,"ST_DEV":4.23999977,"MAX_":21.5,"MIN_":8.69999981,"COMMENTS":" ","Shape_Leng":911.180017614,"Shape_Length":911.1803298586706}},{"type":"Feature","id":685,"geometry":{"type":"LineString","coordinates":[[-123.174523,48.6139214],[-123.174463,48.6141249],[-123.1741633,48.6145447],[-123.1743615,48.6149361],[-123.1742449,48.6151132],[-123.1742126,48.6156196],[-123.1743819,48.615984],[-123.1743773,48.6160221]]},"properties":{"OBJECTID_1":685,"OBJECTID":680,"ID":1,"SITECODE":"sjs1309","SITECODE1":" ","ISLAND":"Henry Island","LENGTH":804.194,"SITE":" ","LINK1":" ","LINK2":" ","LINK3":" ","SAMP_SIZE":13,"MEAN":15.1000004,"ST_DEV":4.23999977,"MAX_":21.5,"MIN_":8.69999981,"COMMENTS":" ","Shape_Leng":804.193653945,"Shape_Length":804.1934775541683}},{"type":"Feature","id":686,"geometry":{"type":"LineString","coordinates":[[-123.1743773,48.6160221],[-123.1743718,48.6160669],[-123.1744181,48.6164706],[-123.1744392,48.6169299],[-123.1744296,48.6173255],[-123.1740997,48.6179942],[-123.1741136,48.6179939]]},"properties":{"OBJECTID_1":686,"OBJECTID":681,"ID":1,"SITECODE":"sjs1308","SITECODE1":" ","ISLAND":"Henry Island","LENGTH":736.101,"SITE":" ","LINK1":" ","LINK2":" ","LINK3":" ","SAMP_SIZE":14,"MEAN":21.5,"ST_DEV":3.75999999,"MAX_":25.7000008,"MIN_":13.6000004,"COMMENTS":" ","Shape_Leng":736.101149051,"Shape_Length":736.1012245306799}},{"type":"Feature","id":687,"geometry":{"type":"LineString","coordinates":[[-123.1895772,48.6104996],[-123.189934,48.6104187],[-123.1900911,48.6103509]]},"properties":{"OBJECTID_1":687,"OBJECTID":682,"ID":1,"SITECODE":"sjs1306","SITECODE1":" ","ISLAND":"Henry Island","LENGTH":136.558,"SITE":" ","LINK1":" ","LINK2":" ","LINK3":" ","SAMP_SIZE":8,"MEAN":17.5,"ST_DEV":3.8599999,"MAX_":24.2999992,"MIN_":13.1999998,"COMMENTS":" ","Shape_Leng":136.558364432,"Shape_Length":136.5584047143515}},{"type":"Feature","id":688,"geometry":{"type":"LineString","coordinates":[[-123.1760407,48.5953352],[-123.1756367,48.5961985],[-123.1755034,48.596615],[-123.1752109,48.5968876],[-123.1747275,48.5972284],[-123.1746322,48.5972671],[-123.1743914,48.5974558],[-123.1742588,48.5975872],[-123.1740279,48.597693],[-123.173383,48.5981382],[-123.1730728,48.5983284],[-123.1725864,48.5986048],[-123.1721114,48.5988259],[-123.1720547,48.5988648]]},"properties":{"OBJECTID_1":688,"OBJECTID":683,"ID":1,"SITECODE":"sjs1312","SITECODE1":" ","ISLAND":"Henry Island","LENGTH":1663.333,"SITE":" ","LINK1":" ","LINK2":" ","LINK3":" ","SAMP_SIZE":21,"MEAN":14.3900003,"ST_DEV":6.36000013,"MAX_":25.2999992,"MIN_":6,"COMMENTS":" ","Shape_Leng":1663.3325754,"Shape_Length":1663.3328156287416}},{"type":"Feature","id":689,"geometry":{"type":"LineString","coordinates":[[-123.1923967,48.6770378],[-123.1936786,48.6773991],[-123.1955172,48.6774428],[-123.196423,48.6776136],[-123.1979814,48.6780684],[-123.1983781,48.6782929]]},"properties":{"OBJECTID_1":689,"OBJECTID":684,"ID":1,"SITECODE":"flats51","SITECODE1":" ","ISLAND":"Stuart","LENGTH":1546.202,"SITE":" ","LINK1":"flats51bac.xls","LINK2":"flats51BSdep.xls","LINK3":"flats51dvl.xls","SAMP_SIZE":7,"MEAN":16,"ST_DEV":3,"MAX_":13,"MIN_":21,"COMMENTS":" ","Shape_Leng":1546.20195284,"Shape_Length":1546.201771151141}},{"type":"Feature","id":690,"geometry":{"type":"LineString","coordinates":[[-123.1983781,48.6782929],[-123.1987499,48.6785032],[-123.1992369,48.6787365],[-123.1994499,48.6789304],[-123.1997866,48.6791488]]},"properties":{"OBJECTID_1":690,"OBJECTID":685,"ID":1,"SITECODE":"sjs0331","SITECODE1":" ","ISLAND":"Stuart","LENGTH":464.693,"SITE":" ","LINK1":" ","LINK2":" ","LINK3":" ","SAMP_SIZE":24,"MEAN":18.7800007,"ST_DEV":3.47000003,"MAX_":24.3999996,"MIN_":12.8999996,"COMMENTS":" ","Shape_Leng":464.692575892,"Shape_Length":464.69284151984414}},{"type":"Feature","id":691,"geometry":{"type":"LineString","coordinates":[[-123.1952616,48.6804391],[-123.1952443,48.6803584],[-123.1951548,48.680189],[-123.1947391,48.6800263],[-123.1941496,48.6799302],[-123.1940752,48.6798787]]},"properties":{"OBJECTID_1":691,"OBJECTID":686,"ID":1,"SITECODE":"sjs0333","SITECODE1":" ","ISLAND":"Stuart","LENGTH":384.539,"SITE":" ","LINK1":" ","LINK2":" ","LINK3":" ","SAMP_SIZE":22,"MEAN":15.5600004,"ST_DEV":2.48000002,"MAX_":19.8999996,"MIN_":12.8999996,"COMMENTS":" ","Shape_Leng":384.539406883,"Shape_Length":384.53937123207885}},{"type":"Feature","id":692,"geometry":{"type":"LineString","coordinates":[[-123.1940752,48.6798787],[-123.1940231,48.6798426],[-123.1928074,48.6794439]]},"properties":{"OBJECTID_1":692,"OBJECTID":687,"ID":1,"SITECODE":"flats51","SITECODE1":" ","ISLAND":"Stuart","LENGTH":345.969,"SITE":" ","LINK1":"flats51bac.xls","LINK2":"flats51BSdep.xls","LINK3":"flats51dvl.xls","SAMP_SIZE":7,"MEAN":16,"ST_DEV":3,"MAX_":13,"MIN_":21,"COMMENTS":" ","Shape_Leng":345.968650997,"Shape_Length":345.96854619278525}},{"type":"Feature","id":693,"geometry":{"type":"LineString","coordinates":[[-123.1941263,48.6802259],[-123.1939114,48.6800188]]},"properties":{"OBJECTID_1":693,"OBJECTID":688,"ID":1,"SITECODE":"sjs0333","SITECODE1":" ","ISLAND":"Stuart","LENGTH":91.677,"SITE":" ","LINK1":" ","LINK2":" ","LINK3":" ","SAMP_SIZE":22,"MEAN":15.5600004,"ST_DEV":2.48000002,"MAX_":19.8999996,"MIN_":12.8999996,"COMMENTS":" ","Shape_Leng":91.6772484429,"Shape_Length":91.67693568582996}},{"type":"Feature","id":694,"geometry":{"type":"LineString","coordinates":[[-123.1939114,48.6800188],[-123.1938918,48.68],[-123.1926118,48.6797623],[-123.192336,48.6797185],[-123.1924978,48.6794515]]},"properties":{"OBJECTID_1":694,"OBJECTID":689,"ID":1,"SITECODE":"flats51","SITECODE1":" ","ISLAND":"Stuart","LENGTH":502.977,"SITE":" ","LINK1":"flats51bac.xls","LINK2":"flats51BSdep.xls","LINK3":"flats51dvl.xls","SAMP_SIZE":7,"MEAN":16,"ST_DEV":3,"MAX_":13,"MIN_":21,"COMMENTS":" ","Shape_Leng":502.976202731,"Shape_Length":502.97618415773144}},{"type":"Feature","id":695,"geometry":{"type":"LineString","coordinates":[[-123.2069788,48.6825517],[-123.2071219,48.682702],[-123.2070784,48.6829371],[-123.20711,48.6833238],[-123.2070746,48.6834776]]},"properties":{"OBJECTID_1":695,"OBJECTID":690,"ID":1,"SITECODE":"sjs0331","SITECODE1":" ","ISLAND":"Stuart","LENGTH":349.277,"SITE":" ","LINK1":" ","LINK2":" ","LINK3":" ","SAMP_SIZE":24,"MEAN":18.7800007,"ST_DEV":3.47000003,"MAX_":24.3999996,"MIN_":12.8999996,"COMMENTS":" ","Shape_Leng":349.277245837,"Shape_Length":349.2772839044941}},{"type":"Feature","id":696,"geometry":{"type":"LineString","coordinates":[[-123.2070746,48.6834776],[-123.2070308,48.6836678],[-123.2069817,48.6840742],[-123.2067917,48.6843754],[-123.2066125,48.684325],[-123.2061158,48.6844703],[-123.2059152,48.6845465]]},"properties":{"OBJECTID_1":696,"OBJECTID":691,"ID":1,"SITECODE":"sjs0330","SITECODE1":" ","ISLAND":"Stuart","LENGTH":572.099,"SITE":" ","LINK1":" ","LINK2":" ","LINK3":" ","SAMP_SIZE":3,"MEAN":22.2000008,"ST_DEV":1.52999997,"MAX_":23.8999996,"MIN_":20.8999996,"COMMENTS":" ","Shape_Leng":572.099166249,"Shape_Length":572.0992717935993}},{"type":"Feature","id":697,"geometry":{"type":"LineString","coordinates":[[-123.1619834,48.6675142],[-123.1619031,48.6674222],[-123.1615878,48.6671906],[-123.161343,48.667073],[-123.1610505,48.6668627],[-123.1606928,48.6666536],[-123.1602929,48.6664742],[-123.1598979,48.666165],[-123.1595959,48.6659837],[-123.1591933,48.6657467],[-123.1589255,48.6656007],[-123.1583135,48.6653353]]},"properties":{"OBJECTID_1":697,"OBJECTID":692,"ID":1,"SITECODE":"sjs0499","SITECODE1":" ","ISLAND":"Johns","LENGTH":1199.017,"SITE":" ","LINK1":" ","LINK2":" ","LINK3":" ","SAMP_SIZE":15,"MEAN":22.1399994,"ST_DEV":2.99000001,"MAX_":27.2999992,"MIN_":15.3000002,"COMMENTS":" ","Shape_Leng":1199.01667528,"Shape_Length":1199.016872276107}},{"type":"Feature","id":698,"geometry":{"type":"LineString","coordinates":[[-123.1583135,48.6653353],[-123.1582595,48.6653113],[-123.1580576,48.6651784],[-123.1579798,48.6651426]]},"properties":{"OBJECTID_1":698,"OBJECTID":693,"ID":1,"SITECODE":"sjs0499","SITECODE1":"sjs0498","ISLAND":"Johns","LENGTH":107.419,"SITE":" ","LINK1":" ","LINK2":" ","LINK3":" ","SAMP_SIZE":15,"MEAN":22.1399994,"ST_DEV":2.99000001,"MAX_":27.2999992,"MIN_":15.3000002,"COMMENTS":" ","Shape_Leng":107.418753702,"Shape_Length":107.41862861521047}},{"type":"Feature","id":699,"geometry":{"type":"LineString","coordinates":[[-123.1579798,48.6651426],[-123.157713,48.6650196],[-123.1570509,48.6648166],[-123.1564238,48.6644255],[-123.1557611,48.6642081],[-123.1550839,48.6639118],[-123.1546336,48.663582]]},"properties":{"OBJECTID_1":699,"OBJECTID":694,"ID":1,"SITECODE":"sjs0498","SITECODE1":" ","ISLAND":"Johns","LENGTH":1000.094,"SITE":" ","LINK1":" ","LINK2":" ","LINK3":" ","SAMP_SIZE":25,"MEAN":24.2800007,"ST_DEV":2.74000001,"MAX_":28.3999996,"MIN_":20,"COMMENTS":" ","Shape_Leng":1000.09427374,"Shape_Length":1000.0941829200391}},{"type":"Feature","id":700,"geometry":{"type":"LineString","coordinates":[[-123.1467337,48.6602081],[-123.1463412,48.6599492],[-123.1462975,48.6599356]]},"properties":{"OBJECTID_1":700,"OBJECTID":695,"ID":1,"SITECODE":"sjs0498","SITECODE1":" ","ISLAND":"Johns","LENGTH":145.526,"SITE":" ","LINK1":" ","LINK2":" ","LINK3":" ","SAMP_SIZE":25,"MEAN":24.2800007,"ST_DEV":2.74000001,"MAX_":28.3999996,"MIN_":20,"COMMENTS":" ","Shape_Leng":145.525837826,"Shape_Length":145.52580764077788}},{"type":"Feature","id":701,"geometry":{"type":"LineString","coordinates":[[-123.1462975,48.6599356],[-123.1445094,48.6593803],[-123.1439281,48.6592765],[-123.1435072,48.6591119],[-123.1430964,48.6591705],[-123.1429545,48.6591589],[-123.142587,48.6589716],[-123.1409164,48.6588391],[-123.140292,48.6587434],[-123.1392317,48.6581518]]},"properties":{"OBJECTID_1":701,"OBJECTID":696,"ID":1,"SITECODE":"sjs0497","SITECODE1":" ","ISLAND":"Johns","LENGTH":1885.744,"SITE":" ","LINK1":" ","LINK2":" ","LINK3":" ","SAMP_SIZE":10,"MEAN":22.3600006,"ST_DEV":1.87,"MAX_":25.7000008,"MIN_":20.2000008,"COMMENTS":" ","Shape_Leng":1885.74421598,"Shape_Length":1885.7447070442604}},{"type":"Feature","id":702,"geometry":{"type":"LineString","coordinates":[[-123.0381784,48.6844482],[-123.0382469,48.6847115],[-123.0384051,48.6857291],[-123.0387165,48.686328],[-123.0389072,48.686778],[-123.0393815,48.6871848],[-123.0399129,48.6875905],[-123.0403286,48.6879606],[-123.0409757,48.6884019],[-123.0412691,48.6885853],[-123.0417989,48.6889532],[-123.042327,48.6892834],[-123.0430345,48.6897991],[-123.0434991,48.6899793],[-123.0439685,48.6902727],[-123.044557,48.6906773],[-123.0453232,48.6912297],[-123.0457895,48.6914477],[-123.0464268,48.6916623],[-123.0468311,48.691768],[-123.047356,48.6920226],[-123.0481662,48.6922718],[-123.0493137,48.6924011],[-123.0497767,48.6925435],[-123.0503164,48.6926513]]},"properties":{"OBJECTID_1":702,"OBJECTID":697,"ID":1,"SITECODE":"sjs0347","SITECODE1":" ","ISLAND":"Waldron","LENGTH":4454.623,"SITE":" ","LINK1":" ","LINK2":" ","LINK3":" ","SAMP_SIZE":19,"MEAN":24.8700008,"ST_DEV":1.09000003,"MAX_":27.3999996,"MIN_":23.5,"COMMENTS":" ","Shape_Leng":4454.62296763,"Shape_Length":4454.623073454412}},{"type":"Feature","id":703,"geometry":{"type":"LineString","coordinates":[[-123.0503164,48.6926513],[-123.0508134,48.6927505],[-123.0517997,48.6931097],[-123.0528984,48.6934289],[-123.0536615,48.6939057],[-123.0549802,48.6940317],[-123.0559599,48.6942398],[-123.0574399,48.6941358],[-123.0583692,48.6944961],[-123.059564,48.6943976],[-123.0604214,48.6944189],[-123.0617269,48.6942427],[-123.0619126,48.6942262]]},"properties":{"OBJECTID_1":703,"OBJECTID":698,"ID":1,"SITECODE":"sjs0348","SITECODE1":" ","ISLAND":"Waldron","LENGTH":2995.49,"SITE":" ","LINK1":" ","LINK2":" ","LINK3":" ","SAMP_SIZE":13,"MEAN":26.8500004,"ST_DEV":0.839999974,"MAX_":28.2000008,"MIN_":25.3999996,"COMMENTS":" ","Shape_Leng":2995.48928628,"Shape_Length":2995.4895384015645}},{"type":"Feature","id":704,"geometry":{"type":"LineString","coordinates":[[-123.0619126,48.6942262],[-123.0628076,48.6941464],[-123.0640056,48.6941234],[-123.0649771,48.6941426],[-123.0658312,48.6940883],[-123.0671334,48.6938365],[-123.0687292,48.693768],[-123.0698718,48.6937839],[-123.0711236,48.6936842],[-123.0714171,48.6938675],[-123.0722911,48.6942665],[-123.0725847,48.6944498],[-123.0727065,48.6959217],[-123.0735035,48.6958685],[-123.0742662,48.6963461]]},"properties":{"OBJECTID_1":704,"OBJECTID":699,"ID":1,"SITECODE":"sjs0349","SITECODE1":" ","ISLAND":"Waldron","LENGTH":3680.502,"SITE":" ","LINK1":" ","LINK2":" ","LINK3":" ","SAMP_SIZE":13,"MEAN":27.1800003,"ST_DEV":2.5999999,"MAX_":29.6000004,"MIN_":21.7000008,"COMMENTS":" ","Shape_Leng":3680.50212342,"Shape_Length":3680.501649367676}},{"type":"Feature","id":705,"geometry":{"type":"LineString","coordinates":[[-123.0742662,48.6963461],[-123.0733601,48.6977991],[-123.0734013,48.6979379]]},"properties":{"OBJECTID_1":705,"OBJECTID":700,"ID":1,"SITECODE":"sjs0349","SITECODE1":"sjs0350","ISLAND":"Waldron","LENGTH":625.114,"SITE":" ","LINK1":" ","LINK2":" ","LINK3":" ","SAMP_SIZE":13,"MEAN":27.1800003,"ST_DEV":2.5999999,"MAX_":29.6000004,"MIN_":21.7000008,"COMMENTS":" ","Shape_Leng":625.114008461,"Shape_Length":625.1140839486989}},{"type":"Feature","id":706,"geometry":{"type":"LineString","coordinates":[[-123.0734013,48.6979379],[-123.0735611,48.6984756],[-123.0733479,48.6988199],[-123.0731833,48.6989743],[-123.0729767,48.6994696],[-123.0727551,48.6996251],[-123.0725369,48.6998561],[-123.0721979,48.6999382],[-123.0718705,48.7002847],[-123.0714206,48.7004446],[-123.0706922,48.700761],[-123.0698496,48.7010796],[-123.0687316,48.7016303],[-123.0681743,48.7019435],[-123.067335,48.7023376],[-123.0665528,48.7027306],[-123.0659904,48.7029304]]},"properties":{"OBJECTID_1":706,"OBJECTID":701,"ID":1,"SITECODE":"sjs0350","SITECODE1":" ","ISLAND":"Waldron","LENGTH":2726.714,"SITE":" ","LINK1":" ","LINK2":" ","LINK3":" ","SAMP_SIZE":18,"MEAN":20.0799999,"ST_DEV":3.54999995,"MAX_":25.6000004,"MIN_":14.5,"COMMENTS":" ","Shape_Leng":2726.7137632,"Shape_Length":2726.7136446278014}},{"type":"Feature","id":707,"geometry":{"type":"LineString","coordinates":[[-123.0659367,48.703007],[-123.0643754,48.7038686],[-123.0625172,48.7044713],[-123.0617299,48.704751],[-123.0613338,48.7048342],[-123.0608252,48.7049573],[-123.0599221,48.7052014],[-123.0593647,48.7055145],[-123.0579025,48.7060339],[-123.0568935,48.706469],[-123.0563882,48.7066676],[-123.0537563,48.7073788]]},"properties":{"OBJECTID_1":707,"OBJECTID":702,"ID":1,"SITECODE":"sjs0351","SITECODE1":" ","ISLAND":"Waldron","LENGTH":3369.454,"SITE":" ","LINK1":" ","LINK2":" ","LINK3":" ","SAMP_SIZE":11,"MEAN":27.2099991,"ST_DEV":2.0999999,"MAX_":31.6000004,"MIN_":23.8999996,"COMMENTS":" ","Shape_Leng":3369.45361957,"Shape_Length":3369.453989180782}},{"type":"Feature","id":708,"geometry":{"type":"LineString","coordinates":[[-123.0537563,48.7073788],[-123.0523827,48.7078025],[-123.0520601,48.7082623],[-123.0521144,48.7095086],[-123.0513873,48.7098627],[-123.0506097,48.7103689],[-123.0490886,48.7108515],[-123.0484855,48.71143],[-123.0477079,48.7119362],[-123.0474895,48.7121672],[-123.0464885,48.712791],[-123.0461592,48.7130997],[-123.0451228,48.7138246],[-123.0448761,48.7140935]]},"properties":{"OBJECTID_1":708,"OBJECTID":703,"ID":1,"SITECODE":"sjs0352","SITECODE1":" ","ISLAND":"Waldron","LENGTH":3462.307,"SITE":" ","LINK1":" ","LINK2":" ","LINK3":" ","SAMP_SIZE":15,"MEAN":24.5599995,"ST_DEV":1.30999994,"MAX_":27.1000004,"MIN_":23.1000004,"COMMENTS":" ","Shape_Leng":3462.30741427,"Shape_Length":3462.30755406203}},{"type":"Feature","id":709,"geometry":{"type":"LineString","coordinates":[[-123.0448761,48.7140935],[-123.0447875,48.7141901],[-123.0445519,48.7146452],[-123.0439838,48.7155291]]},"properties":{"OBJECTID_1":709,"OBJECTID":704,"ID":1,"SITECODE":"sjs0353","SITECODE1":" ","ISLAND":"Waldron","LENGTH":567.154,"SITE":" ","LINK1":" ","LINK2":" ","LINK3":" ","SAMP_SIZE":13,"MEAN":15.1599998,"ST_DEV":4.9000001,"MAX_":23.8999996,"MIN_":10.1999998,"COMMENTS":" ","Shape_Leng":567.154164322,"Shape_Length":567.1540598294414}},{"type":"Feature","id":710,"geometry":{"type":"LineString","coordinates":[[-123.0387875,48.7177119],[-123.0379438,48.7175783],[-123.0365593,48.7175517],[-123.0359419,48.7174226],[-123.0356627,48.7174068]]},"properties":{"OBJECTID_1":710,"OBJECTID":705,"ID":1,"SITECODE":"sjs0353","SITECODE1":" ","ISLAND":"Waldron","LENGTH":767.806,"SITE":" ","LINK1":" ","LINK2":" ","LINK3":" ","SAMP_SIZE":13,"MEAN":15.1599998,"ST_DEV":4.9000001,"MAX_":23.8999996,"MIN_":10.1999998,"COMMENTS":" ","Shape_Leng":767.805897866,"Shape_Length":767.8058456751494}},{"type":"Feature","id":711,"geometry":{"type":"LineString","coordinates":[[-123.0356627,48.7174068],[-123.0348358,48.7173731],[-123.0342336,48.7172877],[-123.0332623,48.7172797],[-123.0321566,48.717239],[-123.0307239,48.7173277],[-123.0284965,48.717493]]},"properties":{"OBJECTID_1":711,"OBJECTID":706,"ID":1,"SITECODE":"sjs0354","SITECODE1":" ","ISLAND":"Waldron","LENGTH":1739.073,"SITE":" ","LINK1":" ","LINK2":" ","LINK3":" ","SAMP_SIZE":20,"MEAN":15.5500002,"ST_DEV":4.23000002,"MAX_":22.2999992,"MIN_":4.5999999,"COMMENTS":" ","Shape_Leng":1739.07286085,"Shape_Length":1739.0729183383755}},{"type":"Feature","id":712,"geometry":{"type":"LineString","coordinates":[[-123.0067231,48.7181133],[-123.006784,48.7179801],[-123.0065724,48.7173856],[-123.0065613,48.7168137],[-123.0064577,48.7159443],[-123.0068405,48.715168]]},"properties":{"OBJECTID_1":712,"OBJECTID":707,"ID":1,"SITECODE":"sjs0356","SITECODE1":" ","ISLAND":"Waldron","LENGTH":1098.362,"SITE":" ","LINK1":" ","LINK2":" ","LINK3":" ","SAMP_SIZE":6,"MEAN":15.3500004,"ST_DEV":1.16999996,"MAX_":16.7999992,"MIN_":13.8999996,"COMMENTS":" ","Shape_Leng":1098.36216036,"Shape_Length":1098.3620798264174}},{"type":"Feature","id":713,"geometry":{"type":"LineString","coordinates":[[-123.0068405,48.715168],[-123.0073512,48.7141322],[-123.0076553,48.7134664]]},"properties":{"OBJECTID_1":713,"OBJECTID":708,"ID":1,"SITECODE":"sjs0357","SITECODE1":" ","ISLAND":"Waldron","LENGTH":651.257,"SITE":" ","LINK1":" ","LINK2":" ","LINK3":" ","SAMP_SIZE":15,"MEAN":18.7999992,"ST_DEV":5.21000004,"MAX_":23.5,"MIN_":7.9000001,"COMMENTS":" ","Shape_Leng":651.257399503,"Shape_Length":651.2574588686455}},{"type":"Feature","id":714,"geometry":{"type":"LineString","coordinates":[[-123.0068577,48.709116],[-123.0063611,48.7083859],[-123.0062994,48.7081847],[-123.0060717,48.7078369],[-123.0059192,48.7076901],[-123.0056496,48.7069822],[-123.0055807,48.7069178]]},"properties":{"OBJECTID_1":714,"OBJECTID":709,"ID":1,"SITECODE":"sjs0357","SITECODE1":" ","ISLAND":"Waldron","LENGTH":865.442,"SITE":" ","LINK1":" ","LINK2":" ","LINK3":" ","SAMP_SIZE":15,"MEAN":18.7999992,"ST_DEV":5.21000004,"MAX_":23.5,"MIN_":7.9000001,"COMMENTS":" ","Shape_Leng":865.442153235,"Shape_Length":865.441832572513}},{"type":"Feature","id":715,"geometry":{"type":"LineString","coordinates":[[-123.0055807,48.7069178],[-123.0055388,48.7068787],[-123.0054539,48.7067571],[-123.0053891,48.7064854],[-123.0054211,48.7063]]},"properties":{"OBJECTID_1":715,"OBJECTID":710,"ID":1,"SITECODE":"sjs0358","SITECODE1":" ","ISLAND":"Waldron","LENGTH":234.778,"SITE":" ","LINK1":" ","LINK2":" ","LINK3":" ","SAMP_SIZE":11,"MEAN":17.0699997,"ST_DEV":3.03999996,"MAX_":21.6000004,"MIN_":11.8000002,"COMMENTS":" ","Shape_Leng":234.778086482,"Shape_Length":234.77833037512852}},{"type":"Feature","id":716,"geometry":{"type":"LineString","coordinates":[[-122.9227144,48.7535909],[-122.921863,48.7534749],[-122.9207854,48.7529413],[-122.9191744,48.752908],[-122.9184993,48.7524957]]},"properties":{"OBJECTID_1":716,"OBJECTID":711,"ID":1,"SITECODE":"sjs0293","SITECODE1":" ","ISLAND":"Sucia","LENGTH":1145.088,"SITE":" ","LINK1":" ","LINK2":" ","LINK3":" ","SAMP_SIZE":20,"MEAN":11.4099998,"ST_DEV":5.59000015,"MAX_":21.7000008,"MIN_":5.0999999,"COMMENTS":" ","Shape_Leng":1145.08776121,"Shape_Length":1145.0878430241628}},{"type":"Feature","id":717,"geometry":{"type":"LineString","coordinates":[[-122.9184993,48.7524957],[-122.9182735,48.7523505],[-122.9181857,48.7522484],[-122.9177408,48.7521043],[-122.9177484,48.7520581]]},"properties":{"OBJECTID_1":717,"OBJECTID":712,"ID":1,"SITECODE":"sjs0293","SITECODE1":"sjs0294","ISLAND":"Sucia","LENGTH":255.399,"SITE":" ","LINK1":" ","LINK2":" ","LINK3":" ","SAMP_SIZE":20,"MEAN":11.4099998,"ST_DEV":5.59000015,"MAX_":21.7000008,"MIN_":5.0999999,"COMMENTS":" ","Shape_Leng":255.398921345,"Shape_Length":255.39888803866478}},{"type":"Feature","id":718,"geometry":{"type":"LineString","coordinates":[[-122.9177484,48.7520581],[-122.9177343,48.7519455],[-122.9174879,48.7518073]]},"properties":{"OBJECTID_1":718,"OBJECTID":713,"ID":1,"SITECODE":"sjs0294","SITECODE1":" ","ISLAND":"Sucia","LENGTH":119.175,"SITE":" ","LINK1":" ","LINK2":" ","LINK3":" ","SAMP_SIZE":10,"MEAN":14.3900003,"ST_DEV":5.98999977,"MAX_":22.3999996,"MIN_":7.9000001,"COMMENTS":" ","Shape_Leng":119.175285616,"Shape_Length":119.17530447246259}},{"type":"Feature","id":719,"geometry":{"type":"LineString","coordinates":[[-122.9123053,48.7540141],[-122.9122231,48.7539205],[-122.9120625,48.7538284],[-122.9118678,48.7535381],[-122.9117574,48.7534016]]},"properties":{"OBJECTID_1":719,"OBJECTID":714,"ID":1,"SITECODE":"sjs0278","SITECODE1":" ","ISLAND":"Sucia","LENGTH":263.107,"SITE":" ","LINK1":" ","LINK2":" ","LINK3":" ","SAMP_SIZE":2,"MEAN":11.6999998,"ST_DEV":0.699999988,"MAX_":12.1999998,"MIN_":11.1999998,"COMMENTS":" ","Shape_Leng":263.106915786,"Shape_Length":263.10715117799896}},{"type":"Feature","id":720,"geometry":{"type":"LineString","coordinates":[[-122.9117574,48.7534016],[-122.9117164,48.7533508],[-122.9117259,48.7532642],[-122.9121621,48.7530663],[-122.9122958,48.7525024],[-122.9123575,48.7524149],[-122.912974,48.7521533],[-122.9138565,48.752008],[-122.9141056,48.7520294],[-122.9147908,48.751853],[-122.9148593,48.7516099]]},"properties":{"OBJECTID_1":720,"OBJECTID":715,"ID":1,"SITECODE":"sjs0277","SITECODE1":" ","ISLAND":"Sucia","LENGTH":1148.15,"SITE":" ","LINK1":" ","LINK2":" ","LINK3":" ","SAMP_SIZE":19,"MEAN":19.7999992,"ST_DEV":4.69999981,"MAX_":27.1000004,"MIN_":12.3999996,"COMMENTS":" ","Shape_Leng":1148.15032647,"Shape_Length":1148.1501383408158}},{"type":"Feature","id":721,"geometry":{"type":"LineString","coordinates":[[-122.9116452,48.7496889],[-122.9114606,48.749649],[-122.9109589,48.7495197],[-122.9102511,48.7494633],[-122.9091072,48.749285],[-122.908531,48.7492521],[-122.9076821,48.7492586],[-122.9073145,48.7492133],[-122.9065114,48.7490634],[-122.9063815,48.7489696]]},"properties":{"OBJECTID_1":721,"OBJECTID":716,"ID":1,"SITECODE":"sjs0277","SITECODE1":" ","ISLAND":"Sucia","LENGTH":1314.65,"SITE":" ","LINK1":" ","LINK2":" ","LINK3":" ","SAMP_SIZE":19,"MEAN":19.7999992,"ST_DEV":4.69999981,"MAX_":27.1000004,"MIN_":12.3999996,"COMMENTS":" ","Shape_Leng":1314.65043851,"Shape_Length":1314.6505908242766}},{"type":"Feature","id":722,"geometry":{"type":"LineString","coordinates":[[-122.9063815,48.7489696],[-122.9063364,48.748937],[-122.9062045,48.7489048],[-122.9054216,48.7486077],[-122.9052328,48.7484642]]},"properties":{"OBJECTID_1":722,"OBJECTID":717,"ID":1,"SITECODE":"sjs0276","SITECODE1":" ","ISLAND":"Sucia","LENGTH":337.232,"SITE":" ","LINK1":" ","LINK2":" ","LINK3":" ","SAMP_SIZE":17,"MEAN":19.2800007,"ST_DEV":3.21000004,"MAX_":24.6000004,"MIN_":12.3999996,"COMMENTS":" ","Shape_Leng":337.232340224,"Shape_Length":337.23227194249455}},{"type":"Feature","id":723,"geometry":{"type":"LineString","coordinates":[[-122.9017233,48.7583841],[-122.9018058,48.7584043],[-122.901853,48.7583602],[-122.9019086,48.7585212],[-122.9019072,48.7588884],[-122.9020307,48.759113],[-122.9019645,48.7590926],[-122.9019495,48.7591253],[-122.901797,48.7589984]]},"properties":{"OBJECTID_1":723,"OBJECTID":718,"ID":1,"SITECODE":"sjs0287","SITECODE1":" ","ISLAND":"Sucia","LENGTH":411.53,"SITE":" ","LINK1":" ","LINK2":" ","LINK3":" ","SAMP_SIZE":16,"MEAN":16.5300007,"ST_DEV":2.80999994,"MAX_":22,"MIN_":13.8000002,"COMMENTS":" ","Shape_Leng":411.529806228,"Shape_Length":411.52950588534486}},{"type":"Feature","id":724,"geometry":{"type":"LineString","coordinates":[[-122.901797,48.7589984],[-122.9014718,48.7590258],[-122.9014324,48.7590183]]},"properties":{"OBJECTID_1":724,"OBJECTID":719,"ID":1,"SITECODE":"sjs0287","SITECODE1":"sjs0288","ISLAND":"Sucia","LENGTH":88.971,"SITE":" ","LINK1":" ","LINK2":" ","LINK3":" ","SAMP_SIZE":16,"MEAN":16.5300007,"ST_DEV":2.80999994,"MAX_":22,"MIN_":13.8000002,"COMMENTS":" ","Shape_Leng":88.9707892475,"Shape_Length":88.97095528920518}},{"type":"Feature","id":725,"geometry":{"type":"LineString","coordinates":[[-122.9014324,48.7590183],[-122.901159,48.7589665],[-122.9008057,48.7587136],[-122.899721,48.7585493],[-122.8994071,48.7580581],[-122.8988319,48.7579711],[-122.8984327,48.7577946],[-122.898217,48.7577121],[-122.8981443,48.7575298],[-122.8977001,48.7574513],[-122.8967995,48.7569921]]},"properties":{"OBJECTID_1":725,"OBJECTID":720,"ID":1,"SITECODE":"sjs0288","SITECODE1":" ","ISLAND":"Sucia","LENGTH":1429.538,"SITE":" ","LINK1":" ","LINK2":" ","LINK3":" ","SAMP_SIZE":12,"MEAN":20.0300007,"ST_DEV":1.58000004,"MAX_":23,"MIN_":16.8999996,"COMMENTS":" ","Shape_Leng":1429.53766702,"Shape_Length":1429.5373922233334}},{"type":"Feature","id":726,"geometry":{"type":"LineString","coordinates":[[-122.9094228,48.7639613],[-122.9092979,48.7640268],[-122.9091694,48.7647885],[-122.909315,48.7652288],[-122.9093322,48.7656503],[-122.9089384,48.7661636],[-122.9083739,48.7664056],[-122.9073323,48.7664437],[-122.9065975,48.7665856],[-122.9061301,48.7663163],[-122.9056407,48.7660584]]},"properties":{"OBJECTID_1":726,"OBJECTID":721,"ID":1,"SITECODE":"sjs0286","SITECODE1":" ","ISLAND":"Sucia","LENGTH":1745.33,"SITE":" ","LINK1":" ","LINK2":" ","LINK3":" ","SAMP_SIZE":17,"MEAN":15.2399998,"ST_DEV":1.41999996,"MAX_":18.6000004,"MIN_":13.1000004,"COMMENTS":" ","Shape_Leng":1745.32963354,"Shape_Length":1745.3297692813164}},{"type":"Feature","id":727,"geometry":{"type":"LineString","coordinates":[[-122.9056407,48.7660584],[-122.9056179,48.7660464],[-122.9050881,48.7658896],[-122.9047385,48.7656689],[-122.9041663,48.7657213],[-122.9036425,48.7653931],[-122.9031995,48.7654854]]},"properties":{"OBJECTID_1":727,"OBJECTID":722,"ID":1,"SITECODE":"sjs0285","SITECODE1":" ","ISLAND":"Sucia","LENGTH":689.008,"SITE":" ","LINK1":" ","LINK2":" ","LINK3":" ","SAMP_SIZE":23,"MEAN":16.7399998,"ST_DEV":2.22000003,"MAX_":21.3999996,"MIN_":13.3000002,"COMMENTS":" ","Shape_Leng":689.008253177,"Shape_Length":689.0081125887975}},{"type":"Feature","id":728,"geometry":{"type":"LineString","coordinates":[[-122.7597246,48.6946397],[-122.759858,48.6945992],[-122.7603787,48.6940928],[-122.7606007,48.6938466],[-122.7608237,48.6936259],[-122.7611619,48.6933906],[-122.7617456,48.6930235],[-122.7619311,48.6933395],[-122.7627297,48.6930454],[-122.7633978,48.6928684],[-122.7639936,48.6928202],[-122.7645404,48.6930026],[-122.7646394,48.6935411]]},"properties":{"OBJECTID_1":728,"OBJECTID":723,"ID":1,"SITECODE":"sjs0310","SITECODE1":" ","ISLAND":"Clark","LENGTH":1782.406,"SITE":" ","LINK1":" ","LINK2":" ","LINK3":" ","SAMP_SIZE":21,"MEAN":17.6900005,"ST_DEV":2.79999995,"MAX_":23.1000004,"MIN_":11.8000002,"COMMENTS":" ","Shape_Leng":1782.40658866,"Shape_Length":1782.406799088202}},{"type":"Feature","id":729,"geometry":{"type":"LineString","coordinates":[[-122.7646394,48.6935411],[-122.7647347,48.6940588],[-122.7648557,48.6952182],[-122.7648784,48.6953072],[-122.7648655,48.6959839],[-122.7648853,48.6965069],[-122.7649104,48.6966596],[-122.7648769,48.6978089],[-122.7649588,48.6979352],[-122.7649665,48.6981393],[-122.7649516,48.6982544],[-122.7650711,48.6983545],[-122.765113,48.6984432],[-122.7651578,48.6986083],[-122.7655944,48.6994435]]},"properties":{"OBJECTID_1":729,"OBJECTID":724,"ID":1,"SITECODE":"sjs0311","SITECODE1":" ","ISLAND":"Clark","LENGTH":2191.284,"SITE":" ","LINK1":" ","LINK2":" ","LINK3":" ","SAMP_SIZE":17,"MEAN":13.0200005,"ST_DEV":4.21000004,"MAX_":20,"MIN_":6.9000001,"COMMENTS":" ","Shape_Leng":2191.28421219,"Shape_Length":2191.2840934953174}},{"type":"Feature","id":730,"geometry":{"type":"LineString","coordinates":[[-122.7627547,48.7003203],[-122.7626106,48.7000802],[-122.7624809,48.6997122],[-122.7620252,48.6993879],[-122.7617697,48.6991414]]},"properties":{"OBJECTID_1":730,"OBJECTID":725,"ID":1,"SITECODE":"sjs0313","SITECODE1":" ","ISLAND":"Clark","LENGTH":502.763,"SITE":" ","LINK1":" ","LINK2":" ","LINK3":" ","SAMP_SIZE":6,"MEAN":17.3099995,"ST_DEV":4.80000019,"MAX_":21.7999992,"MIN_":10.8000002,"COMMENTS":" ","Shape_Leng":502.762994418,"Shape_Length":502.76312570522396}},{"type":"Feature","id":731,"geometry":{"type":"LineString","coordinates":[[-122.7617697,48.6991414],[-122.7611532,48.6987642],[-122.7610265,48.6984727],[-122.7606883,48.6981975],[-122.760511,48.6980984],[-122.7601578,48.6979383],[-122.7600923,48.6977352],[-122.7598124,48.6974718],[-122.7597507,48.6973707],[-122.7596462,48.6971554]]},"properties":{"OBJECTID_1":731,"OBJECTID":726,"ID":1,"SITECODE":"sjs0310","SITECODE1":" ","ISLAND":"Clark","LENGTH":917.854,"SITE":" ","LINK1":" ","LINK2":" ","LINK3":" ","SAMP_SIZE":21,"MEAN":17.6900005,"ST_DEV":2.79999995,"MAX_":23.1000004,"MIN_":11.8000002,"COMMENTS":" ","Shape_Leng":917.854131386,"Shape_Length":917.8539994397746}},{"type":"Feature","id":732,"geometry":{"type":"LineString","coordinates":[[-123.1529289,48.6221314],[-123.1535994,48.6215687],[-123.1539507,48.6212308],[-123.1538464,48.6208029],[-123.1542842,48.6202764],[-123.1547991,48.6198767],[-123.1553854,48.61948],[-123.1573303,48.6190201],[-123.1582943,48.6188657],[-123.159036,48.6186753],[-123.1602997,48.6185419],[-123.1611724,48.6184704],[-123.161891,48.6183341],[-123.161961,48.6183286]]},"properties":{"OBJECTID_1":732,"OBJECTID":727,"ID":1,"SITECODE":"sjs0169","SITECODE1":" ","ISLAND":"San  Juan","LENGTH":2835.036,"SITE":" ","LINK1":" ","LINK2":" ","LINK3":" ","SAMP_SIZE":15,"MEAN":15.8900003,"ST_DEV":4.86000013,"MAX_":23.3999996,"MIN_":8.19999981,"COMMENTS":" ","Shape_Leng":2835.03647322,"Shape_Length":2835.036414669014}},{"type":"Feature","id":733,"geometry":{"type":"LineString","coordinates":[[-123.161961,48.6183286],[-123.1625148,48.6182746],[-123.1630429,48.6182415],[-123.1637107,48.6182168],[-123.1649657,48.6183402],[-123.1657805,48.6186345],[-123.1662173,48.6188179]]},"properties":{"OBJECTID_1":733,"OBJECTID":728,"ID":1,"SITECODE":"sjs0170","SITECODE1":" ","ISLAND":"Pearl","LENGTH":1081.874,"SITE":" ","LINK1":" ","LINK2":" ","LINK3":" ","SAMP_SIZE":12,"MEAN":21.0100002,"ST_DEV":2.73000002,"MAX_":24.7000008,"MIN_":14.1000004,"COMMENTS":" ","Shape_Leng":1081.87440033,"Shape_Length":1081.8746570095427}},{"type":"Feature","id":734,"geometry":{"type":"LineString","coordinates":[[-123.1610035,48.6133483],[-123.1604901,48.6134157],[-123.1597682,48.6139439],[-123.1597236,48.6142077]]},"properties":{"OBJECTID_1":734,"OBJECTID":729,"ID":1,"SITECODE":"sjs0171","SITECODE1":" ","ISLAND":"Pearl","LENGTH":483.511,"SITE":" ","LINK1":" ","LINK2":" ","LINK3":" ","SAMP_SIZE":15,"MEAN":18.4300003,"ST_DEV":4.0999999,"MAX_":25.5,"MIN_":12.6000004,"COMMENTS":" ","Shape_Leng":483.511099033,"Shape_Length":483.51095032364157}},{"type":"Feature","id":735,"geometry":{"type":"LineString","coordinates":[[-123.1597236,48.6142077],[-123.1595371,48.6145383],[-123.1594372,48.6148637]]},"properties":{"OBJECTID_1":735,"OBJECTID":730,"ID":1,"SITECODE":"sjs0172","SITECODE1":" ","ISLAND":"Pearl","LENGTH":249.957,"SITE":" ","LINK1":" ","LINK2":" ","LINK3":" ","SAMP_SIZE":7,"MEAN":12.9099998,"ST_DEV":1.52999997,"MAX_":15.3000002,"MIN_":11,"COMMENTS":" ","Shape_Leng":249.957430239,"Shape_Length":249.95745660224912}},{"type":"Feature","id":736,"geometry":{"type":"LineString","coordinates":[[-123.1688391,48.6190506],[-123.1697765,48.6188414],[-123.1699094,48.6186105],[-123.1701126,48.6180356],[-123.1701169,48.6175028],[-123.170394,48.617288],[-123.1709864,48.6170668],[-123.1714259,48.6166394],[-123.1715846,48.6160313]]},"properties":{"OBJECTID_1":736,"OBJECTID":731,"ID":1,"SITECODE":"sjs0170","SITECODE1":" ","ISLAND":"Pearl","LENGTH":1420.67,"SITE":" ","LINK1":" ","LINK2":" ","LINK3":" ","SAMP_SIZE":12,"MEAN":21.0100002,"ST_DEV":2.73000002,"MAX_":24.7000008,"MIN_":14.1000004,"COMMENTS":" ","Shape_Leng":1420.66988768,"Shape_Length":1420.6699160294936}},{"type":"Feature","id":737,"geometry":{"type":"LineString","coordinates":[[-123.1715846,48.6160313],[-123.1716456,48.6157978],[-123.1710652,48.6150295],[-123.1701739,48.6149904],[-123.1693634,48.6148355],[-123.1685495,48.6146045],[-123.1679605,48.6142739],[-123.1678111,48.6141438],[-123.1669954,48.6138748],[-123.1655543,48.6137326],[-123.164736,48.6134066],[-123.1639551,48.6132701],[-123.1631039,48.6134774]]},"properties":{"OBJECTID_1":737,"OBJECTID":732,"ID":1,"SITECODE":"sjs0171","SITECODE1":" ","ISLAND":"Pearl","LENGTH":2499.087,"SITE":" ","LINK1":" ","LINK2":" ","LINK3":" ","SAMP_SIZE":15,"MEAN":18.4300003,"ST_DEV":4.0999999,"MAX_":25.5,"MIN_":12.6000004,"COMMENTS":" ","Shape_Leng":2499.08677975,"Shape_Length":2499.086937609342}},{"type":"Feature","id":738,"geometry":{"type":"LineString","coordinates":[[-123.1571447,48.6092592],[-123.1581808,48.6099614],[-123.1587524,48.6099119],[-123.1594611,48.6097265],[-123.1604565,48.6095353],[-123.1609899,48.6092773],[-123.1619175,48.6088591],[-123.1630684,48.6083033],[-123.1637164,48.608043],[-123.1641906,48.6077481],[-123.16504,48.6075027],[-123.1657149,48.6072038],[-123.1658709,48.6071462]]},"properties":{"OBJECTID_1":738,"OBJECTID":733,"ID":1,"SITECODE":"sjs0173","SITECODE1":" ","ISLAND":"San Juan","LENGTH":2512.721,"SITE":" ","LINK1":" ","LINK2":" ","LINK3":" ","SAMP_SIZE":12,"MEAN":18.6100006,"ST_DEV":2.83999991,"MAX_":22.2000008,"MIN_":14.8000002,"COMMENTS":" ","Shape_Leng":2512.72071868,"Shape_Length":2512.7206501877054}},{"type":"Feature","id":739,"geometry":{"type":"LineString","coordinates":[[-123.1658709,48.6071462],[-123.166533,48.6069019],[-123.1667858,48.6067827],[-123.1674189,48.6061992],[-123.1672564,48.6051561],[-123.1671913,48.6049862]]},"properties":{"OBJECTID_1":739,"OBJECTID":734,"ID":1,"SITECODE":"sjs0174","SITECODE1":" ","ISLAND":"San Juan","LENGTH":967.171,"SITE":" ","LINK1":" ","LINK2":" ","LINK3":" ","SAMP_SIZE":12,"MEAN":17.4300003,"ST_DEV":4.28999996,"MAX_":24,"MIN_":12.3000002,"COMMENTS":" ","Shape_Leng":967.170622324,"Shape_Length":967.1706629489984}},{"type":"Feature","id":740,"geometry":{"type":"LineString","coordinates":[[-123.1654098,48.6009143],[-123.1652614,48.6007476],[-123.1651948,48.6004094],[-123.1652467,48.6001453],[-123.1654388,48.5995898],[-123.1655734,48.599265]]},"properties":{"OBJECTID_1":740,"OBJECTID":735,"ID":1,"SITECODE":"sjs0174","SITECODE1":" ","ISLAND":"San Juan","LENGTH":623.026,"SITE":" ","LINK1":" ","LINK2":" ","LINK3":" ","SAMP_SIZE":12,"MEAN":17.4300003,"ST_DEV":4.28999996,"MAX_":24,"MIN_":12.3000002,"COMMENTS":" ","Shape_Leng":623.025671231,"Shape_Length":623.0256915425771}},{"type":"Feature","id":741,"geometry":{"type":"LineString","coordinates":[[-123.1655734,48.599265],[-123.1657081,48.5990412],[-123.1672575,48.5979492],[-123.16756,48.5978498],[-123.1677897,48.5978367]]},"properties":{"OBJECTID_1":741,"OBJECTID":736,"ID":1,"SITECODE":"sjs0175","SITECODE1":" ","ISLAND":"San Juan","LENGTH":772.499,"SITE":" ","LINK1":" ","LINK2":" ","LINK3":" ","SAMP_SIZE":11,"MEAN":12.3999996,"ST_DEV":2.68000007,"MAX_":15.6000004,"MIN_":9.19999981,"COMMENTS":" ","Shape_Leng":772.49921626,"Shape_Length":772.4992689653415}},{"type":"Feature","id":742,"geometry":{"type":"LineString","coordinates":[[-123.1712404,48.5966342],[-123.1718568,48.5964733],[-123.1720412,48.5963104],[-123.1727819,48.5953726],[-123.1730554,48.5950594],[-123.1731193,48.594708],[-123.1737481,48.5941225],[-123.1741267,48.5940088],[-123.1741907,48.5937745]]},"properties":{"OBJECTID_1":742,"OBJECTID":737,"ID":1,"SITECODE":"sjs0175","SITECODE1":" ","ISLAND":"San Juan","LENGTH":1331.747,"SITE":" ","LINK1":" ","LINK2":" ","LINK3":" ","SAMP_SIZE":11,"MEAN":12.3999996,"ST_DEV":2.68000007,"MAX_":15.6000004,"MIN_":9.19999981,"COMMENTS":" ","Shape_Leng":1331.74736717,"Shape_Length":1331.7474734388757}},{"type":"Feature","id":743,"geometry":{"type":"LineString","coordinates":[[-123.1741907,48.5937745],[-123.1742636,48.5935074],[-123.1744372,48.5924113],[-123.1745268,48.5922715],[-123.1747993,48.5919372],[-123.1746332,48.5918026],[-123.1748607,48.5915328],[-123.1748815,48.5912884],[-123.1750049,48.5911904],[-123.1751123,48.5907427],[-123.1747676,48.5908982],[-123.173885,48.5908311]]},"properties":{"OBJECTID_1":743,"OBJECTID":738,"ID":1,"SITECODE":"sjs0176","SITECODE1":" ","ISLAND":"San Juan","LENGTH":1488.585,"SITE":" ","LINK1":" ","LINK2":" ","LINK3":" ","SAMP_SIZE":6,"MEAN":19.25,"ST_DEV":2.27999997,"MAX_":22.6000004,"MIN_":15.5,"COMMENTS":" ","Shape_Leng":1488.58510091,"Shape_Length":1488.5850668962755}},{"type":"Feature","id":744,"geometry":{"type":"LineString","coordinates":[[-123.1623076,48.5939921],[-123.1615654,48.594198],[-123.1610652,48.594452],[-123.1608356,48.595332]]},"properties":{"OBJECTID_1":744,"OBJECTID":739,"ID":1,"SITECODE":"sjs0177","SITECODE1":" ","ISLAND":"San Juan","LENGTH":672.978,"SITE":" ","LINK1":" ","LINK2":" ","LINK3":" ","SAMP_SIZE":15,"MEAN":6.8499999,"ST_DEV":2.70000005,"MAX_":11.1999998,"MIN_":3.0999999,"COMMENTS":" ","Shape_Leng":672.978359283,"Shape_Length":672.9784637348256}},{"type":"Feature","id":745,"geometry":{"type":"LineString","coordinates":[[-123.1608356,48.595332],[-123.1605615,48.5963822],[-123.1605465,48.5964037]]},"properties":{"OBJECTID_1":745,"OBJECTID":740,"ID":1,"SITECODE":"flats53","SITECODE1":" ","ISLAND":"San Juan","LENGTH":397.477,"SITE":" ","LINK1":" ","LINK2":" ","LINK3":" ","SAMP_SIZE":0,"MEAN":5.80000019,"ST_DEV":0,"MAX_":0,"MIN_":0,"COMMENTS":" ","Shape_Leng":397.477300196,"Shape_Length":397.47742486243095}},{"type":"Feature","id":746,"geometry":{"type":"LineString","coordinates":[[-123.1653114,48.5900809],[-123.1654934,48.5898651],[-123.1662879,48.5897537],[-123.166817,48.5897854],[-123.1674618,48.5891996],[-123.1682269,48.589337]]},"properties":{"OBJECTID_1":746,"OBJECTID":741,"ID":1,"SITECODE":"sjs0178","SITECODE1":" ","ISLAND":"San Juan","LENGTH":871.822,"SITE":" ","LINK1":" ","LINK2":" ","LINK3":" ","SAMP_SIZE":7,"MEAN":9.93999958,"ST_DEV":1.45000005,"MAX_":11.6999998,"MIN_":8.19999981,"COMMENTS":" ","Shape_Leng":871.821643198,"Shape_Length":871.8216643805047}},{"type":"Feature","id":747,"geometry":{"type":"LineString","coordinates":[[-123.1682269,48.589337],[-123.1683647,48.5893618],[-123.1691026,48.5894106],[-123.1699822,48.5894141],[-123.1705254,48.5894031],[-123.1709379,48.5893312],[-123.171452,48.5893844],[-123.1721312,48.589201],[-123.1723036,48.5891233],[-123.1723287,48.5889743],[-123.1717946,48.5881364],[-123.1725972,48.587855],[-123.1726713,48.5877262],[-123.1724069,48.5875405],[-123.1716352,48.5870999],[-123.1714609,48.5867852],[-123.1715194,48.5863173],[-123.1713682,48.585461],[-123.1712321,48.5849334]]},"properties":{"OBJECTID_1":747,"OBJECTID":742,"ID":1,"SITECODE":"sjs0179","SITECODE1":" ","ISLAND":"San Juan","LENGTH":2815.199,"SITE":" ","LINK1":" ","LINK2":" ","LINK3":" ","SAMP_SIZE":16,"MEAN":18.7999992,"ST_DEV":4.05999994,"MAX_":23.6000004,"MIN_":12.1999998,"COMMENTS":" ","Shape_Leng":2815.19923921,"Shape_Length":2815.1991135354237}},{"type":"Feature","id":748,"geometry":{"type":"LineString","coordinates":[[-123.1712162,48.5849337],[-123.1712655,48.5846144],[-123.1713552,48.5844249]]},"properties":{"OBJECTID_1":748,"OBJECTID":743,"ID":1,"SITECODE":"sjs0179","SITECODE1":" ","ISLAND":"San Juan","LENGTH":189.559,"SITE":" ","LINK1":" ","LINK2":" ","LINK3":" ","SAMP_SIZE":16,"MEAN":18.7999992,"ST_DEV":4.05999994,"MAX_":23.6000004,"MIN_":12.1999998,"COMMENTS":" ","Shape_Leng":189.558765259,"Shape_Length":189.55893140817327}},{"type":"Feature","id":749,"geometry":{"type":"LineString","coordinates":[[-123.1713552,48.5844249],[-123.1713821,48.5843681],[-123.1713884,48.5841558],[-123.1714426,48.5839425],[-123.1714643,48.5837193],[-123.1716574,48.5833972],[-123.1718075,48.583182],[-123.1719522,48.5828502]]},"properties":{"OBJECTID_1":749,"OBJECTID":744,"ID":1,"SITECODE":"sjs0180","SITECODE1":" ","ISLAND":"San Juan","LENGTH":598.681,"SITE":" ","LINK1":" ","LINK2":" ","LINK3":" ","SAMP_SIZE":20,"MEAN":19.7600002,"ST_DEV":3.73000002,"MAX_":23.5,"MIN_":11.1000004,"COMMENTS":" ","Shape_Leng":598.680607232,"Shape_Length":598.6803948490272}},{"type":"Feature","id":750,"geometry":{"type":"LineString","coordinates":[[-123.1736071,48.5795388],[-123.1744293,48.5786417],[-123.1753687,48.578209],[-123.1744814,48.5776859],[-123.1744212,48.5770718],[-123.1737803,48.5766922],[-123.173259,48.5764246]]},"properties":{"OBJECTID_1":750,"OBJECTID":745,"ID":1,"SITECODE":"sjs0180","SITECODE1":" ","ISLAND":"San Juan","LENGTH":1539.235,"SITE":" ","LINK1":" ","LINK2":" ","LINK3":" ","SAMP_SIZE":20,"MEAN":19.7600002,"ST_DEV":3.73000002,"MAX_":23.5,"MIN_":11.1000004,"COMMENTS":" ","Shape_Leng":1539.23495896,"Shape_Length":1539.2347323582642}},{"type":"Feature","id":751,"geometry":{"type":"LineString","coordinates":[[-123.173259,48.5764246],[-123.1732282,48.5764088],[-123.1722685,48.5750997]]},"properties":{"OBJECTID_1":751,"OBJECTID":746,"ID":1,"SITECODE":"flats55","SITECODE1":" ","ISLAND":"San Juan","LENGTH":540.548,"SITE":"Mitchell Bay","LINK1":"flats55bac.xls","LINK2":"flats55BSdep.xls","LINK3":"flats55dvl.xls","SAMP_SIZE":9,"MEAN":13,"ST_DEV":5,"MAX_":7,"MIN_":19,"COMMENTS":" ","Shape_Leng":540.547726818,"Shape_Length":540.5476055428483}},{"type":"Feature","id":752,"geometry":{"type":"LineString","coordinates":[[-123.1658618,48.5496117],[-123.1657369,48.5495733],[-123.1652427,48.5493879],[-123.1645577,48.5490701],[-123.1641986,48.5488457],[-123.1632466,48.5482244],[-123.1630405,48.547906],[-123.1627955,48.5476119]]},"properties":{"OBJECTID_1":752,"OBJECTID":747,"ID":1,"SITECODE":"sjs0184","SITECODE1":" ","ISLAND":"San Juan","LENGTH":1065.089,"SITE":" ","LINK1":" ","LINK2":" ","LINK3":" ","SAMP_SIZE":11,"MEAN":25.5,"ST_DEV":3.11999989,"MAX_":28.7999992,"MIN_":18.6000004,"COMMENTS":" ","Shape_Leng":1065.08946619,"Shape_Length":1065.0892572649427}},{"type":"Feature","id":753,"geometry":{"type":"LineString","coordinates":[[-123.1627955,48.5476119],[-123.1626199,48.547383],[-123.1625074,48.5471673]]},"properties":{"OBJECTID_1":753,"OBJECTID":748,"ID":1,"SITECODE":"sjs0184","SITECODE1":"sjs0185","ISLAND":"San Juan","LENGTH":176.989,"SITE":" ","LINK1":" ","LINK2":" ","LINK3":" ","SAMP_SIZE":11,"MEAN":25.5,"ST_DEV":3.11999989,"MAX_":28.7999992,"MIN_":18.6000004,"COMMENTS":" ","Shape_Leng":176.98870901,"Shape_Length":176.98872331214898}},{"type":"Feature","id":754,"geometry":{"type":"LineString","coordinates":[[-123.1624786,48.547157],[-123.1622871,48.5468356],[-123.162338,48.5467528]]},"properties":{"OBJECTID_1":754,"OBJECTID":749,"ID":1,"SITECODE":"sjs0185","SITECODE1":" ","ISLAND":"San Juan","LENGTH":158.732,"SITE":" ","LINK1":" ","LINK2":" ","LINK3":" ","SAMP_SIZE":10,"MEAN":23.7600002,"ST_DEV":4.21999979,"MAX_":29.2999992,"MIN_":15.3999996,"COMMENTS":" ","Shape_Leng":158.732414821,"Shape_Length":158.73226681798343}},{"type":"Feature","id":755,"geometry":{"type":"LineString","coordinates":[[-123.0181375,48.4557365],[-123.0174688,48.4553839],[-123.0160245,48.4552373],[-123.0151446,48.4548365],[-123.0145334,48.4546045],[-123.0134758,48.4543288],[-123.0125264,48.454138],[-123.0119973,48.4539914],[-123.0111024,48.4538518],[-123.0108345,48.4537003],[-123.010422,48.4536047]]},"properties":{"OBJECTID_1":755,"OBJECTID":750,"ID":1,"SITECODE":"sjs0204","SITECODE1":" ","ISLAND":"San Juan","LENGTH":2060.939,"SITE":" ","LINK1":" ","LINK2":" ","LINK3":" ","SAMP_SIZE":12,"MEAN":23.8700008,"ST_DEV":3.24000001,"MAX_":27.2999992,"MIN_":15.6999998,"COMMENTS":" ","Shape_Leng":2060.93874786,"Shape_Length":2060.938615197453}},{"type":"Feature","id":756,"geometry":{"type":"LineString","coordinates":[[-123.010422,48.4536047],[-123.0089597,48.453266],[-123.0089955,48.4534914],[-123.0087776,48.4532868],[-123.0080999,48.4533344],[-123.007812,48.4527137],[-123.0058126,48.4524208],[-123.0032419,48.4528343],[-123.002762,48.4526172],[-123.0016479,48.4522381],[-123.0001515,48.4520922]]},"properties":{"OBJECTID_1":756,"OBJECTID":751,"ID":1,"SITECODE":"sjs0205","SITECODE1":" ","ISLAND":"San Juan","LENGTH":2902.44,"SITE":" ","LINK1":" ","LINK2":" ","LINK3":" ","SAMP_SIZE":2,"MEAN":99,"ST_DEV":0,"MAX_":99,"MIN_":99,"COMMENTS":" ","Shape_Leng":2902.43959763,"Shape_Length":2902.4400793474665}},{"type":"Feature","id":757,"geometry":{"type":"LineString","coordinates":[[-122.9702599,48.4641535],[-122.9706752,48.4639623],[-122.9711927,48.4640139],[-122.971561,48.4640193],[-122.9721244,48.4642904],[-122.9730388,48.4641511],[-122.9737984,48.4642717],[-122.9744823,48.4634635],[-122.9747837,48.4631886],[-122.9753461,48.4629946],[-122.9757333,48.4630119],[-122.9769638,48.4629524],[-122.9778966,48.4632534],[-122.9782164,48.4634188],[-122.9789944,48.463539],[-122.9793489,48.4636548],[-122.9796641,48.4637102],[-122.9800549,48.4638131],[-122.9807588,48.4639224],[-122.9811501,48.4640375],[-122.9814153,48.4640881]]},"properties":{"OBJECTID_1":757,"OBJECTID":752,"ID":1,"SITECODE":"sjs0126","SITECODE1":" ","ISLAND":"San Juan","LENGTH":3100.988,"SITE":" ","LINK1":" ","LINK2":" ","LINK3":" ","SAMP_SIZE":19,"MEAN":23.4400005,"ST_DEV":3,"MAX_":27.7000008,"MIN_":16.5,"COMMENTS":" ","Shape_Leng":3100.98815305,"Shape_Length":3100.988355706891}},{"type":"Feature","id":758,"geometry":{"type":"LineString","coordinates":[[-122.9814153,48.4640881],[-122.9819108,48.4641825],[-122.9834934,48.4646182],[-122.9847872,48.4660629]]},"properties":{"OBJECTID_1":758,"OBJECTID":753,"ID":1,"SITECODE":"sjs0127","SITECODE1":" ","ISLAND":"San Juan","LENGTH":1154.062,"SITE":" ","LINK1":" ","LINK2":" ","LINK3":" ","SAMP_SIZE":8,"MEAN":24.6499996,"ST_DEV":1.76999998,"MAX_":27.2000008,"MIN_":22.2999992,"COMMENTS":" ","Shape_Leng":1154.06225933,"Shape_Length":1154.0622229405856}},{"type":"Feature","id":759,"geometry":{"type":"LineString","coordinates":[[-122.984751,48.4660758],[-122.9863877,48.4677956],[-122.987196,48.4681967],[-122.9882149,48.4687897],[-122.9887511,48.4689653]]},"properties":{"OBJECTID_1":759,"OBJECTID":754,"ID":1,"SITECODE":"sjs0127","SITECODE1":" ","ISLAND":"San Juan","LENGTH":1460.667,"SITE":" ","LINK1":" ","LINK2":" ","LINK3":" ","SAMP_SIZE":8,"MEAN":24.6499996,"ST_DEV":1.76999998,"MAX_":27.2000008,"MIN_":22.2999992,"COMMENTS":" ","Shape_Leng":1460.66663756,"Shape_Length":1460.6666959613046}},{"type":"Feature","id":760,"geometry":{"type":"LineString","coordinates":[[-122.9887511,48.4689653],[-122.9895586,48.4692298],[-122.9896527,48.469277],[-122.9901448,48.4695983],[-122.9905973,48.4698227]]},"properties":{"OBJECTID_1":760,"OBJECTID":755,"ID":1,"SITECODE":"sjs0127","SITECODE1":"sjs0128","ISLAND":"San Juan","LENGTH":551.201,"SITE":" ","LINK1":" ","LINK2":" ","LINK3":" ","SAMP_SIZE":8,"MEAN":24.6499996,"ST_DEV":1.76999998,"MAX_":27.2000008,"MIN_":22.2999992,"COMMENTS":" ","Shape_Leng":551.200556636,"Shape_Length":551.2007271815668}},{"type":"Feature","id":761,"geometry":{"type":"LineString","coordinates":[[-122.9905973,48.4698227],[-122.9916675,48.4703532],[-122.9921586,48.4706501],[-122.992643,48.4707879],[-122.9931131,48.4710239],[-122.9938448,48.471353],[-122.994109,48.4715072],[-122.9950079,48.4718698]]},"properties":{"OBJECTID_1":761,"OBJECTID":756,"ID":1,"SITECODE":"sjs0128","SITECODE1":" ","ISLAND":"San Juan","LENGTH":1310.134,"SITE":" ","LINK1":" ","LINK2":" ","LINK3":" ","SAMP_SIZE":12,"MEAN":27.2000008,"ST_DEV":2.25999999,"MAX_":29.2999992,"MIN_":21.7999992,"COMMENTS":" ","Shape_Leng":1310.13422885,"Shape_Length":1310.1339686540696}},{"type":"Feature","id":762,"geometry":{"type":"LineString","coordinates":[[-122.9949537,48.4718953],[-122.995871,48.4722576],[-122.9964131,48.4724555],[-122.9975296,48.4727406],[-122.9983457,48.472881]]},"properties":{"OBJECTID_1":762,"OBJECTID":757,"ID":1,"SITECODE":"sjs0128","SITECODE1":" ","ISLAND":"San Juan","LENGTH":903.451,"SITE":" ","LINK1":" ","LINK2":" ","LINK3":" ","SAMP_SIZE":12,"MEAN":27.2000008,"ST_DEV":2.25999999,"MAX_":29.2999992,"MIN_":21.7999992,"COMMENTS":" ","Shape_Leng":903.450744815,"Shape_Length":903.4508356880193}},{"type":"Feature","id":763,"geometry":{"type":"LineString","coordinates":[[-122.9983457,48.472881],[-122.998364,48.4728841],[-122.9987288,48.4728039],[-123.0004416,48.4732614]]},"properties":{"OBJECTID_1":763,"OBJECTID":758,"ID":1,"SITECODE":"sjs0129","SITECODE1":" ","ISLAND":"San Juan","LENGTH":545.541,"SITE":" ","LINK1":" ","LINK2":" ","LINK3":" ","SAMP_SIZE":10,"MEAN":21.8600006,"ST_DEV":3.47000003,"MAX_":29.7999992,"MIN_":17.2999992,"COMMENTS":" ","Shape_Leng":545.541037886,"Shape_Length":545.5411960765229}},{"type":"Feature","id":764,"geometry":{"type":"LineString","coordinates":[[-123.0006841,48.479854],[-123.0009893,48.4801053],[-123.001237,48.4807371],[-123.0026146,48.4815314],[-123.0029375,48.4821985],[-123.0043628,48.4823798],[-123.0047688,48.4828373],[-123.0053715,48.4831565],[-123.005784,48.4833323],[-123.0058629,48.4835194]]},"properties":{"OBJECTID_1":764,"OBJECTID":759,"ID":1,"SITECODE":"sjs0130","SITECODE1":" ","ISLAND":"San Juan","LENGTH":1976.317,"SITE":" ","LINK1":" ","LINK2":" ","LINK3":" ","SAMP_SIZE":9,"MEAN":26.2600002,"ST_DEV":1.44000006,"MAX_":29,"MIN_":24,"COMMENTS":" ","Shape_Leng":1976.31723725,"Shape_Length":1976.3172187243772}},{"type":"Feature","id":765,"geometry":{"type":"LineString","coordinates":[[-123.0058629,48.4835194],[-123.0060092,48.4838666],[-123.0059474,48.4845777],[-123.0060949,48.4850155],[-123.0067002,48.4853959]]},"properties":{"OBJECTID_1":765,"OBJECTID":760,"ID":1,"SITECODE":"sjs0131","SITECODE1":" ","ISLAND":"San Juan","LENGTH":757.062,"SITE":" ","LINK1":" ","LINK2":" ","LINK3":" ","SAMP_SIZE":11,"MEAN":25.5400009,"ST_DEV":1.30999994,"MAX_":27,"MIN_":23.2000008,"COMMENTS":" ","Shape_Leng":757.062429221,"Shape_Length":757.0623299836659}},{"type":"Feature","id":766,"geometry":{"type":"LineString","coordinates":[[-123.0066818,48.4853962],[-123.006793,48.485847],[-123.0065264,48.4860723],[-123.0065739,48.4867568],[-123.0067639,48.4873285],[-123.0062624,48.4885252],[-123.0072668,48.4887633],[-123.0079087,48.4887023],[-123.0083554,48.4888163],[-123.0086216,48.4894478],[-123.0092119,48.4896834]]},"properties":{"OBJECTID_1":766,"OBJECTID":761,"ID":1,"SITECODE":"sjs0131","SITECODE1":" ","ISLAND":"San Juan","LENGTH":2126.095,"SITE":" ","LINK1":" ","LINK2":" ","LINK3":" ","SAMP_SIZE":11,"MEAN":25.5400009,"ST_DEV":1.30999994,"MAX_":27,"MIN_":23.2000008,"COMMENTS":" ","Shape_Leng":2126.09461403,"Shape_Length":2126.0945264752204}},{"type":"Feature","id":767,"geometry":{"type":"LineString","coordinates":[[-123.0092119,48.4896834],[-123.0094084,48.4897635],[-123.0099203,48.4901088],[-123.0103323,48.4902724],[-123.0108768,48.4905192],[-123.0113851,48.4907789],[-123.0121807,48.4913025],[-123.0125602,48.4915646],[-123.0126999,48.491819],[-123.0131204,48.4921783]]},"properties":{"OBJECTID_1":767,"OBJECTID":762,"ID":1,"SITECODE":"sjs0132","SITECODE1":" ","ISLAND":"San Juan","LENGTH":1333.458,"SITE":" ","LINK1":" ","LINK2":" ","LINK3":" ","SAMP_SIZE":17,"MEAN":20.75,"ST_DEV":4.92000008,"MAX_":25,"MIN_":5.80000019,"COMMENTS":" ","Shape_Leng":1333.4578047,"Shape_Length":1333.457955223843}},{"type":"Feature","id":768,"geometry":{"type":"LineString","coordinates":[[-123.0131214,48.4922027],[-123.0132632,48.492506],[-123.0136457,48.4932699],[-123.0137828,48.4934632],[-123.01433,48.4937711],[-123.0173662,48.4928571],[-123.0177425,48.4930458],[-123.0204281,48.494268],[-123.0203311,48.4943757]]},"properties":{"OBJECTID_1":768,"OBJECTID":763,"ID":1,"SITECODE":"sjs0132","SITECODE1":" ","ISLAND":"San Juan","LENGTH":2418.898,"SITE":" ","LINK1":" ","LINK2":" ","LINK3":" ","SAMP_SIZE":17,"MEAN":20.75,"ST_DEV":4.92000008,"MAX_":25,"MIN_":5.80000019,"COMMENTS":" ","Shape_Leng":2418.89760353,"Shape_Length":2418.8974732146207}},{"type":"Feature","id":769,"geometry":{"type":"LineString","coordinates":[[-123.0203311,48.4943757],[-123.0197776,48.4949902],[-123.0197671,48.495174],[-123.0192665,48.4955262],[-123.0191072,48.495676],[-123.0190929,48.4957742],[-123.0186539,48.4958437]]},"properties":{"OBJECTID_1":769,"OBJECTID":764,"ID":1,"SITECODE":"sjs0133","SITECODE1":" ","ISLAND":"San Juan","LENGTH":717.497,"SITE":" ","LINK1":" ","LINK2":" ","LINK3":" ","SAMP_SIZE":9,"MEAN":12.4499998,"ST_DEV":3.50999999,"MAX_":17.2000008,"MIN_":4.69999981,"COMMENTS":" ","Shape_Leng":717.497427062,"Shape_Length":717.4974839923568}},{"type":"Feature","id":770,"geometry":{"type":"LineString","coordinates":[[-123.0164269,48.5066566],[-123.0158641,48.5072792],[-123.0157767,48.507391],[-123.0156995,48.5073067],[-123.0156159,48.5070758],[-123.0145946,48.5060179],[-123.0146004,48.5057241],[-123.0142844,48.5056566],[-123.0140938,48.5050727],[-123.0145629,48.5048435],[-123.0145939,48.5047083],[-123.014188,48.5046915],[-123.0140387,48.5046453],[-123.0139793,48.5045485],[-123.0134324,48.5046812],[-123.0130617,48.504627],[-123.0126182,48.5045335]]},"properties":{"OBJECTID_1":770,"OBJECTID":765,"ID":1,"SITECODE":"sjs0134","SITECODE1":" ","ISLAND":"San Juan","LENGTH":2011.407,"SITE":" ","LINK1":" ","LINK2":" ","LINK3":" ","SAMP_SIZE":20,"MEAN":24.7900009,"ST_DEV":1.87,"MAX_":27.3999996,"MIN_":20.6000004,"COMMENTS":" ","Shape_Leng":2011.40688638,"Shape_Length":2011.406987495985}},{"type":"Feature","id":771,"geometry":{"type":"LineString","coordinates":[[-123.0126182,48.5045335],[-123.0122625,48.5044585],[-123.0119875,48.5044881]]},"properties":{"OBJECTID_1":771,"OBJECTID":766,"ID":1,"SITECODE":"sjs0134","SITECODE1":"sjs0135","ISLAND":"San Juan","LENGTH":158.011,"SITE":" ","LINK1":" ","LINK2":" ","LINK3":" ","SAMP_SIZE":20,"MEAN":24.7900009,"ST_DEV":1.87,"MAX_":27.3999996,"MIN_":20.6000004,"COMMENTS":" ","Shape_Leng":158.010711175,"Shape_Length":158.01070264685995}},{"type":"Feature","id":772,"geometry":{"type":"LineString","coordinates":[[-122.9724718,48.5289448],[-122.9726697,48.528831],[-122.9731254,48.5287124],[-122.9738404,48.5286258],[-122.9740956,48.5285599],[-122.9749841,48.5286536],[-122.9751518,48.5286994],[-122.975406,48.5286091],[-122.9765732,48.5287588],[-122.9770453,48.5290316],[-122.9770505,48.5291539],[-122.9772801,48.5293577],[-122.9776761,48.5295707],[-122.9778822,48.5296525],[-122.9777595,48.5298017],[-122.9779334,48.5299943],[-122.9788854,48.5307233],[-122.9787862,48.5309944],[-122.9787892,48.5310151]]},"properties":{"OBJECTID_1":772,"OBJECTID":767,"ID":1,"SITECODE":"sjs0143","SITECODE1":" ","ISLAND":"San Juan","LENGTH":2120.493,"SITE":" ","LINK1":" ","LINK2":" ","LINK3":" ","SAMP_SIZE":18,"MEAN":18.0100002,"ST_DEV":3.79999995,"MAX_":24.7999992,"MIN_":9.39999962,"COMMENTS":" ","Shape_Leng":2120.49245674,"Shape_Length":2120.49239906422}},{"type":"Feature","id":773,"geometry":{"type":"LineString","coordinates":[[-122.9787892,48.5310151],[-122.978864,48.5315315],[-122.978817,48.5317282],[-122.9787516,48.5319252]]},"properties":{"OBJECTID_1":773,"OBJECTID":768,"ID":1,"SITECODE":"sjs0144","SITECODE1":" ","ISLAND":"San Juan","LENGTH":335.537,"SITE":" ","LINK1":" ","LINK2":" ","LINK3":" ","SAMP_SIZE":11,"MEAN":16.1599998,"ST_DEV":5.01000023,"MAX_":25.3999996,"MIN_":9.39999962,"COMMENTS":" ","Shape_Leng":335.536693897,"Shape_Length":335.53656176994883}},{"type":"Feature","id":774,"geometry":{"type":"LineString","coordinates":[[-123.0009802,48.5343863],[-123.0010148,48.5342519],[-123.0012615,48.5341336],[-123.0015548,48.5341616],[-123.0020757,48.5340983],[-123.0022254,48.5342798]]},"properties":{"OBJECTID_1":774,"OBJECTID":769,"ID":1,"SITECODE":"sjs0684","SITECODE1":" ","ISLAND":"San Juan","LENGTH":399.049,"SITE":" ","LINK1":" ","LINK2":" ","LINK3":" ","SAMP_SIZE":15,"MEAN":17.3999996,"ST_DEV":5.48999977,"MAX_":25.5,"MIN_":5.4000001,"COMMENTS":" ","Shape_Leng":399.048649915,"Shape_Length":399.04851828081337}},{"type":"Feature","id":775,"geometry":{"type":"LineString","coordinates":[[-123.0022254,48.5342798],[-123.0023093,48.5343815],[-123.002593,48.534423],[-123.0026479,48.534529]]},"properties":{"OBJECTID_1":775,"OBJECTID":770,"ID":1,"SITECODE":"sjs0682","SITECODE1":" ","ISLAND":"San Juan","LENGTH":153.598,"SITE":" ","LINK1":" ","LINK2":" ","LINK3":" ","SAMP_SIZE":15,"MEAN":14.0600004,"ST_DEV":5.26999998,"MAX_":23.7999992,"MIN_":8.80000019,"COMMENTS":" ","Shape_Leng":153.598279145,"Shape_Length":153.59812189245156}},{"type":"Feature","id":776,"geometry":{"type":"LineString","coordinates":[[-123.0992555,48.6068947],[-123.0991518,48.6071991],[-123.0992253,48.6073878],[-123.0992211,48.6075866],[-123.0991556,48.6076601]]},"properties":{"OBJECTID_1":776,"OBJECTID":771,"ID":1,"SITECODE":"sjs0161","SITECODE1":" ","ISLAND":"San Juan","LENGTH":288.629,"SITE":" ","LINK1":" ","LINK2":" ","LINK3":" ","SAMP_SIZE":11,"MEAN":23.6000004,"ST_DEV":2.07999992,"MAX_":27.6000004,"MIN_":20.7999992,"COMMENTS":" ","Shape_Leng":288.629190478,"Shape_Length":288.628951617912}},{"type":"Feature","id":777,"geometry":{"type":"LineString","coordinates":[[-123.0991556,48.6076601],[-123.0987985,48.6080441],[-123.0984562,48.6082581],[-123.098109,48.6086537],[-123.0978287,48.6087974],[-123.097676,48.6091719],[-123.0975665,48.6093468]]},"properties":{"OBJECTID_1":777,"OBJECTID":772,"ID":1,"SITECODE":"sjs0162","SITECODE1":" ","ISLAND":"San Juan","LENGTH":741.724,"SITE":" ","LINK1":" ","LINK2":" ","LINK3":" ","SAMP_SIZE":7,"MEAN":25.1399994,"ST_DEV":2.61999989,"MAX_":28.2000008,"MIN_":21.1000004,"COMMENTS":" ","Shape_Leng":741.724116263,"Shape_Length":741.7243715367057}},{"type":"Feature","id":778,"geometry":{"type":"LineString","coordinates":[[-123.1368341,48.620315],[-123.1371194,48.6202835],[-123.1376165,48.6203254],[-123.1380607,48.6203512],[-123.1381081,48.6203983]]},"properties":{"OBJECTID_1":778,"OBJECTID":773,"ID":1,"SITECODE":"sjs0166","SITECODE1":" ","ISLAND":"San Juan","LENGTH":319.677,"SITE":" ","LINK1":" ","LINK2":" ","LINK3":" ","SAMP_SIZE":12,"MEAN":20.25,"ST_DEV":4.19000006,"MAX_":25.1000004,"MIN_":14.8000002,"COMMENTS":" ","Shape_Leng":319.677333846,"Shape_Length":319.67721633419455}},{"type":"Feature","id":779,"geometry":{"type":"LineString","coordinates":[[-123.1381081,48.6203983],[-123.1381289,48.6204189],[-123.1389132,48.6204725],[-123.1396544,48.6207256],[-123.1400567,48.6209767],[-123.1402381,48.621241],[-123.1400852,48.6216069],[-123.1402827,48.6219399],[-123.1402332,48.6222865],[-123.1401728,48.6223913]]},"properties":{"OBJECTID_1":779,"OBJECTID":774,"ID":1,"SITECODE":"sjs0617","SITECODE1":" ","ISLAND":"San Juan","LENGTH":1078.037,"SITE":" ","LINK1":" ","LINK2":" ","LINK3":" ","SAMP_SIZE":14,"MEAN":13.5200005,"ST_DEV":8.22999954,"MAX_":25.2999992,"MIN_":3,"COMMENTS":" ","Shape_Leng":1078.03722622,"Shape_Length":1078.0371252529142}},{"type":"Feature","id":780,"geometry":{"type":"LineString","coordinates":[[-122.9129038,48.7153472],[-122.9131759,48.7153152],[-122.9137152,48.7153942],[-122.9148468,48.7157582],[-122.915994,48.7154125],[-122.9166069,48.7151059],[-122.9177577,48.7148488],[-122.9189991,48.7146197],[-122.919794,48.7143985],[-122.9210281,48.7139921],[-122.9220149,48.7140926],[-122.9244179,48.713872]]},"properties":{"OBJECTID_1":780,"OBJECTID":775,"ID":1,"SITECODE":"sjs0457","SITECODE1":" ","ISLAND":"Orcas","LENGTH":2965.857,"SITE":" ","LINK1":" ","LINK2":" ","LINK3":" ","SAMP_SIZE":12,"MEAN":21.7399998,"ST_DEV":1.83000004,"MAX_":23.3999996,"MIN_":18.2000008,"COMMENTS":" ","Shape_Leng":2965.85703897,"Shape_Length":2965.8568867681643}},{"type":"Feature","id":781,"geometry":{"type":"LineString","coordinates":[[-122.9016158,48.7177383],[-122.9035799,48.7177033],[-122.9048576,48.7172668],[-122.9051664,48.7171726],[-122.9061859,48.7169771],[-122.9068096,48.7169364],[-122.9082574,48.7162898],[-122.9098499,48.7159067],[-122.9105568,48.7157167],[-122.9114472,48.7156476]]},"properties":{"OBJECTID_1":781,"OBJECTID":776,"ID":1,"SITECODE":"sjs0456","SITECODE1":" ","ISLAND":"Orcas","LENGTH":2542.571,"SITE":" ","LINK1":" ","LINK2":" ","LINK3":" ","SAMP_SIZE":13,"MEAN":22.7000008,"ST_DEV":2.18000007,"MAX_":26.2000008,"MIN_":19.1000004,"COMMENTS":" ","Shape_Leng":2542.5709519,"Shape_Length":2542.57083544675}},{"type":"Feature","id":782,"geometry":{"type":"LineString","coordinates":[[-122.9114472,48.7156476],[-122.9115364,48.7156401],[-122.9122868,48.7154197],[-122.9129038,48.7153472]]},"properties":{"OBJECTID_1":782,"OBJECTID":777,"ID":1,"SITECODE":"sjs0456","SITECODE1":"sjs0457","ISLAND":"Orcas","LENGTH":371.224,"SITE":" ","LINK1":" ","LINK2":" ","LINK3":" ","SAMP_SIZE":13,"MEAN":22.7000008,"ST_DEV":2.18000007,"MAX_":26.2000008,"MIN_":19.1000004,"COMMENTS":" ","Shape_Leng":371.224291783,"Shape_Length":371.22437579471284}},{"type":"Feature","id":783,"geometry":{"type":"LineString","coordinates":[[-122.9245506,48.7138401],[-122.9248696,48.7137449]]},"properties":{"OBJECTID_1":783,"OBJECTID":778,"ID":1,"SITECODE":"sjs0455","SITECODE1":" ","ISLAND":" ","LENGTH":84.481,"SITE":" ","LINK1":" ","LINK2":" ","LINK3":" ","SAMP_SIZE":0,"MEAN":0,"ST_DEV":0,"MAX_":0,"MIN_":0,"COMMENTS":" ","Shape_Leng":84.4807257164,"Shape_Length":84.4806145899458}},{"type":"Feature","id":784,"geometry":{"type":"LineString","coordinates":[[-122.9248696,48.7137449],[-122.926448,48.7132739],[-122.927331,48.7130215],[-122.9288847,48.7127866],[-122.9296337,48.7125366],[-122.9307025,48.7124582],[-122.9315433,48.7122657],[-122.9324408,48.7123677],[-122.9334105,48.7120546],[-122.9348749,48.7118212],[-122.9359315,48.7114474],[-122.9373987,48.7109718]]},"properties":{"OBJECTID_1":784,"OBJECTID":779,"ID":1,"SITECODE":"sjs0455","SITECODE1":" ","ISLAND":"Orcas","LENGTH":3239.889,"SITE":" ","LINK1":" ","LINK2":" ","LINK3":" ","SAMP_SIZE":13,"MEAN":22.3799992,"ST_DEV":2.3900001,"MAX_":24.2999992,"MIN_":15.8000002,"COMMENTS":" ","Shape_Leng":3239.88973509,"Shape_Length":3239.8898099661037}},{"type":"Feature","id":785,"geometry":{"type":"LineString","coordinates":[[-122.9373987,48.7109718],[-122.9376489,48.7108547],[-122.9384921,48.7107212],[-122.9391964,48.710472],[-122.9399093,48.7104295],[-122.9406197,48.710328],[-122.9411168,48.7104667],[-122.942106,48.7106262],[-122.9429204,48.7108774],[-122.9433233,48.7108997]]},"properties":{"OBJECTID_1":785,"OBJECTID":780,"ID":1,"SITECODE":"sjs0454","SITECODE1":" ","ISLAND":"Orcas","LENGTH":1515.147,"SITE":" ","LINK1":" ","LINK2":" ","LINK3":" ","SAMP_SIZE":9,"MEAN":21.1100006,"ST_DEV":2.86999989,"MAX_":24.7999992,"MIN_":15.8999996,"COMMENTS":" ","Shape_Leng":1515.14671334,"Shape_Length":1515.1467167965932}},{"type":"Feature","id":786,"geometry":{"type":"LineString","coordinates":[[-122.950163,48.7110414],[-122.9499288,48.7107796],[-122.9497814,48.7104571],[-122.9491828,48.7100246],[-122.9489052,48.7097932],[-122.9487492,48.709264],[-122.9473313,48.7084621],[-122.9468752,48.7082339],[-122.9460162,48.7079835],[-122.9456519,48.7078128],[-122.9453223,48.7074049],[-122.9449035,48.7069987],[-122.944802,48.7067049],[-122.9446118,48.7062957]]},"properties":{"OBJECTID_1":786,"OBJECTID":781,"ID":1,"SITECODE":"sjs0453","SITECODE1":" ","ISLAND":"Orcas","LENGTH":2289.58,"SITE":" ","LINK1":" ","LINK2":" ","LINK3":" ","SAMP_SIZE":14,"MEAN":17.25,"ST_DEV":3.63000011,"MAX_":24,"MIN_":11.6999998,"COMMENTS":" ","Shape_Leng":2289.57947825,"Shape_Length":2289.579122086646}},{"type":"Feature","id":787,"geometry":{"type":"LineString","coordinates":[[-122.9446118,48.7062957],[-122.9445568,48.7061773],[-122.9443251,48.7059746],[-122.9441716,48.7055044],[-122.9438421,48.7050966],[-122.9440083,48.704798],[-122.9439331,48.7040604],[-122.9440523,48.7037035],[-122.9438903,48.7030265],[-122.9448066,48.7025074],[-122.9451043,48.7021473],[-122.9452717,48.7018782],[-122.9456464,48.7012211],[-122.9463432,48.7007946],[-122.9466781,48.7002564],[-122.9471567,48.6999521],[-122.947639,48.6997364],[-122.9480766,48.6995215],[-122.9484696,48.6993075],[-122.9499237,48.6988376],[-122.9499652,48.6987915]]},"properties":{"OBJECTID_1":787,"OBJECTID":782,"ID":1,"SITECODE":"sjs0452","SITECODE1":" ","ISLAND":"Orcas","LENGTH":3462.078,"SITE":" ","LINK1":" ","LINK2":" ","LINK3":" ","SAMP_SIZE":19,"MEAN":21.7099991,"ST_DEV":2.04999995,"MAX_":25.6000004,"MIN_":18.7000008,"COMMENTS":" ","Shape_Leng":3462.07816707,"Shape_Length":3462.078141584313}},{"type":"Feature","id":788,"geometry":{"type":"LineString","coordinates":[[-122.9499652,48.6987915],[-122.9510335,48.6976054],[-122.9506049,48.6969629],[-122.9498753,48.6965979]]},"properties":{"OBJECTID_1":788,"OBJECTID":783,"ID":1,"SITECODE":"sjs0451","SITECODE1":" ","ISLAND":"Orcas","LENGTH":980.931,"SITE":" ","LINK1":" ","LINK2":" ","LINK3":" ","SAMP_SIZE":3,"MEAN":23.1000004,"ST_DEV":1.67999995,"MAX_":25,"MIN_":21.7999992,"COMMENTS":" ","Shape_Leng":980.930951543,"Shape_Length":980.9306932856211}},{"type":"Feature","id":789,"geometry":{"type":"LineString","coordinates":[[-122.9498753,48.6965979],[-122.9492369,48.6962784],[-122.9496982,48.6955606]]},"properties":{"OBJECTID_1":789,"OBJECTID":784,"ID":1,"SITECODE":"sjs0450","SITECODE1":" ","ISLAND":"Orcas","LENGTH":477.903,"SITE":" ","LINK1":" ","LINK2":" ","LINK3":" ","SAMP_SIZE":0,"MEAN":0,"ST_DEV":0,"MAX_":0,"MIN_":0,"COMMENTS":" ","Shape_Leng":477.903604043,"Shape_Length":477.9036388501355}},{"type":"Feature","id":790,"geometry":{"type":"LineString","coordinates":[[-122.9496995,48.6955901],[-122.9499799,48.6948165],[-122.9508391,48.6940027],[-122.9526438,48.6933786],[-122.9531399,48.6924237],[-122.953798,48.6921456],[-122.954331,48.6920768],[-122.9547648,48.6917733],[-122.955335,48.6915264],[-122.9557713,48.6912819],[-122.9566586,48.6911475],[-122.9570735,48.6912188]]},"properties":{"OBJECTID_1":790,"OBJECTID":785,"ID":1,"SITECODE":"sjs0450","SITECODE1":" ","ISLAND":"Orcas","LENGTH":2610.939,"SITE":" ","LINK1":" ","LINK2":" ","LINK3":" ","SAMP_SIZE":14,"MEAN":18.2099991,"ST_DEV":2.56999993,"MAX_":21.2000008,"MIN_":13.1999998,"COMMENTS":" ","Shape_Leng":2610.93906349,"Shape_Length":2610.939029803384}},{"type":"Feature","id":791,"geometry":{"type":"LineString","coordinates":[[-122.9570735,48.6912188],[-122.9583805,48.6914422]]},"properties":{"OBJECTID_1":791,"OBJECTID":786,"ID":1,"SITECODE":"sjs0449","SITECODE1":"sjs0450","ISLAND":"Orcas","LENGTH":326.072,"SITE":" ","LINK1":" ","LINK2":" ","LINK3":" ","SAMP_SIZE":15,"MEAN":20.5400009,"ST_DEV":3.80999994,"MAX_":24.5,"MIN_":13.5,"COMMENTS":" ","Shape_Leng":326.071515344,"Shape_Length":326.07161511802974}},{"type":"Feature","id":792,"geometry":{"type":"LineString","coordinates":[[-122.9583805,48.6914422],[-122.9590838,48.6914874],[-122.9607296,48.6913391]]},"properties":{"OBJECTID_1":792,"OBJECTID":787,"ID":1,"SITECODE":"sjs0449","SITECODE1":" ","ISLAND":"Orcas","LENGTH":571.891,"SITE":" ","LINK1":" ","LINK2":" ","LINK3":" ","SAMP_SIZE":15,"MEAN":20.5400009,"ST_DEV":3.80999994,"MAX_":24.5,"MIN_":13.5,"COMMENTS":" ","Shape_Leng":571.890901089,"Shape_Length":571.8907155579215}},{"type":"Feature","id":793,"geometry":{"type":"LineString","coordinates":[[-122.9625627,48.69033],[-122.9622232,48.6896859],[-122.9631776,48.6890181],[-122.9633486,48.6888376],[-122.963335,48.6885127],[-122.9636275,48.6880344],[-122.9637788,48.6873813],[-122.9640391,48.6871992],[-122.964023,48.6868152],[-122.9638322,48.6865231],[-122.9639648,48.6864911],[-122.9642511,48.6858651],[-122.9643144,48.685795]]},"properties":{"OBJECTID_1":793,"OBJECTID":788,"ID":1,"SITECODE":"sjs0449","SITECODE1":" ","ISLAND":"Orcas","LENGTH":1860.203,"SITE":" ","LINK1":" ","LINK2":" ","LINK3":" ","SAMP_SIZE":15,"MEAN":20.5400009,"ST_DEV":3.80999994,"MAX_":24.5,"MIN_":13.5,"COMMENTS":" ","Shape_Leng":1860.20343105,"Shape_Length":1860.203293633191}},{"type":"Feature","id":794,"geometry":{"type":"LineString","coordinates":[[-122.9643144,48.685795],[-122.9645498,48.6855344],[-122.9648014,48.6851455],[-122.9652314,48.6847534],[-122.9653095,48.6844859],[-122.9663169,48.684024],[-122.966965,48.6835096],[-122.9674855,48.6831453],[-122.9677408,48.682845],[-122.9679093,48.6826055],[-122.9681645,48.6823052]]},"properties":{"OBJECTID_1":794,"OBJECTID":789,"ID":1,"SITECODE":"sjs0448","SITECODE1":" ","ISLAND":"Orcas","LENGTH":1612.559,"SITE":" ","LINK1":" ","LINK2":" ","LINK3":" ","SAMP_SIZE":10,"MEAN":23.25,"ST_DEV":1.35000002,"MAX_":25.1000004,"MIN_":21.5,"COMMENTS":" ","Shape_Leng":1612.55841159,"Shape_Length":1612.5586389155205}},{"type":"Feature","id":795,"geometry":{"type":"LineString","coordinates":[[-123.0144205,48.612411],[-123.0143119,48.6125391],[-123.0139136,48.6127664]]},"properties":{"OBJECTID_1":795,"OBJECTID":790,"ID":1,"SITECODE":"sjs0437","SITECODE1":" ","ISLAND":"Orcas","LENGTH":180.743,"SITE":" ","LINK1":" ","LINK2":" ","LINK3":" ","SAMP_SIZE":10,"MEAN":19.2099991,"ST_DEV":4.48000002,"MAX_":25.5,"MIN_":12.8000002,"COMMENTS":" ","Shape_Leng":180.743245247,"Shape_Length":180.74311412966853}},{"type":"Feature","id":796,"geometry":{"type":"LineString","coordinates":[[-123.0139136,48.6127664],[-123.013718,48.6128781],[-123.0135385,48.6131251],[-123.0130359,48.613227],[-123.0128401,48.6133904],[-123.0126555,48.6135199],[-123.0119335,48.6138276]]},"properties":{"OBJECTID_1":796,"OBJECTID":791,"ID":1,"SITECODE":"sjs0436","SITECODE1":" ","ISLAND":"Orcas","LENGTH":638.396,"SITE":" ","LINK1":" ","LINK2":" ","LINK3":" ","SAMP_SIZE":7,"MEAN":13.6999998,"ST_DEV":3.8499999,"MAX_":18,"MIN_":8.5,"COMMENTS":" ","Shape_Leng":638.395941647,"Shape_Length":638.395914389863}},{"type":"Feature","id":797,"geometry":{"type":"LineString","coordinates":[[-123.0003124,48.614457],[-122.9999487,48.6139512],[-122.9995139,48.6132618],[-122.999152,48.6127979],[-122.9987018,48.6123441],[-122.9986242,48.6120093],[-122.9983035,48.6116203],[-122.9982009,48.6115094]]},"properties":{"OBJECTID_1":797,"OBJECTID":792,"ID":1,"SITECODE":"sjs0434","SITECODE1":" ","ISLAND":"Orcas","LENGTH":1198.563,"SITE":" ","LINK1":" ","LINK2":" ","LINK3":" ","SAMP_SIZE":18,"MEAN":15.0799999,"ST_DEV":2.71000004,"MAX_":20.6000004,"MIN_":10.6999998,"COMMENTS":" ","Shape_Leng":1198.5626665,"Shape_Length":1198.5627765108231}},{"type":"Feature","id":798,"geometry":{"type":"LineString","coordinates":[[-122.9982009,48.6115094],[-122.9980512,48.6113477],[-122.99758,48.6109951],[-122.9960766,48.6099138]]},"properties":{"OBJECTID_1":798,"OBJECTID":793,"ID":1,"SITECODE":"sjs0433","SITECODE1":" ","ISLAND":"Orcas","LENGTH":777.679,"SITE":" ","LINK1":" ","LINK2":" ","LINK3":" ","SAMP_SIZE":12,"MEAN":17.8400002,"ST_DEV":3.0999999,"MAX_":21.7000008,"MIN_":13.1999998,"COMMENTS":" ","Shape_Leng":777.679037529,"Shape_Length":777.6787802695469}},{"type":"Feature","id":799,"geometry":{"type":"LineString","coordinates":[[-122.992618,48.605751],[-122.9924569,48.6055355],[-122.9923294,48.6052185],[-122.9921657,48.6049442],[-122.9921341,48.6049074]]},"properties":{"OBJECTID_1":799,"OBJECTID":794,"ID":1,"SITECODE":"sjs0433","SITECODE1":" ","ISLAND":"Orcas","LENGTH":330.502,"SITE":" ","LINK1":" ","LINK2":" ","LINK3":" ","SAMP_SIZE":12,"MEAN":17.8400002,"ST_DEV":3.0999999,"MAX_":21.7000008,"MIN_":13.1999998,"COMMENTS":" ","Shape_Leng":330.501903961,"Shape_Length":330.5018891246098}},{"type":"Feature","id":800,"geometry":{"type":"LineString","coordinates":[[-122.9921341,48.6049074],[-122.9920591,48.6048201],[-122.9919489,48.604612],[-122.9920148,48.604073],[-122.992002,48.6037706]]},"properties":{"OBJECTID_1":800,"OBJECTID":795,"ID":1,"SITECODE":"sjs0432","SITECODE1":" ","ISLAND":"Orcas","LENGTH":424.774,"SITE":" ","LINK1":" ","LINK2":" ","LINK3":" ","SAMP_SIZE":14,"MEAN":17.6800003,"ST_DEV":4.15999985,"MAX_":22.2000008,"MIN_":10.1999998,"COMMENTS":" ","Shape_Leng":424.773971445,"Shape_Length":424.7741060402437}},{"type":"Feature","id":801,"geometry":{"type":"LineString","coordinates":[[-122.9826002,48.6010794],[-122.9824447,48.6009983],[-122.9822898,48.6009297]]},"properties":{"OBJECTID_1":801,"OBJECTID":796,"ID":1,"SITECODE":"sjs0432","SITECODE1":" ","ISLAND":"Orcas","LENGTH":92.949,"SITE":" ","LINK1":" ","LINK2":" ","LINK3":" ","SAMP_SIZE":14,"MEAN":17.6800003,"ST_DEV":4.15999985,"MAX_":22.2000008,"MIN_":10.1999998,"COMMENTS":" ","Shape_Leng":92.948886838,"Shape_Length":92.94907959905021}},{"type":"Feature","id":802,"geometry":{"type":"LineString","coordinates":[[-122.9822898,48.6009297],[-122.9821348,48.6008611],[-122.9818686,48.6008577],[-122.9811029,48.600729],[-122.9808194,48.6006166],[-122.9807121,48.6004757]]},"properties":{"OBJECTID_1":802,"OBJECTID":797,"ID":1,"SITECODE":"sjs0431","SITECODE1":" ","ISLAND":"Orcas","LENGTH":438.135,"SITE":" ","LINK1":" ","LINK2":" ","LINK3":" ","SAMP_SIZE":5,"MEAN":16.7999992,"ST_DEV":3.42000008,"MAX_":20.7000008,"MIN_":11.3999996,"COMMENTS":" ","Shape_Leng":438.135136352,"Shape_Length":438.1349644374104}},{"type":"Feature","id":803,"geometry":{"type":"LineString","coordinates":[[-122.9789538,48.6384499],[-122.9789397,48.6383955],[-122.9789348,48.6382785],[-122.9788727,48.6382016],[-122.9788547,48.6380536],[-122.9788404,48.6380256]]},"properties":{"OBJECTID_1":803,"OBJECTID":798,"ID":1,"SITECODE":"sjs0422","SITECODE1":" ","ISLAND":"Orcas","LENGTH":159.615,"SITE":" ","LINK1":" ","LINK2":" ","LINK3":" ","SAMP_SIZE":15,"MEAN":7.28000021,"ST_DEV":1.82000005,"MAX_":11.6000004,"MIN_":4.5,"COMMENTS":" ","Shape_Leng":159.614985865,"Shape_Length":159.61494594111278}},{"type":"Feature","id":804,"geometry":{"type":"LineString","coordinates":[[-122.9788404,48.6380256],[-122.9786716,48.6376199],[-122.9782394,48.637425],[-122.9779116,48.6374701],[-122.9777936,48.6374644],[-122.9774147,48.6374168],[-122.9773088,48.6374188]]},"properties":{"OBJECTID_1":804,"OBJECTID":799,"ID":1,"SITECODE":"sjs0421","SITECODE1":" ","ISLAND":"Orcas","LENGTH":508.469,"SITE":" ","LINK1":" ","LINK2":" ","LINK3":" ","SAMP_SIZE":11,"MEAN":9.44999981,"ST_DEV":1.63,"MAX_":12.1000004,"MIN_":7,"COMMENTS":" ","Shape_Leng":508.468922939,"Shape_Length":508.4694783752134}},{"type":"Feature","id":805,"geometry":{"type":"LineString","coordinates":[[-122.893441,48.6922345],[-122.8936738,48.6914271],[-122.8933395,48.6909728],[-122.8929304,48.6905449],[-122.8922018,48.6900307],[-122.8913681,48.6897275],[-122.8900968,48.6892312],[-122.8898252,48.689077],[-122.8895492,48.6888141],[-122.8891177,48.6886987]]},"properties":{"OBJECTID_1":805,"OBJECTID":800,"ID":1,"SITECODE":"sjs0391","SITECODE1":" ","ISLAND":"Orcas","LENGTH":1828.121,"SITE":" ","LINK1":" ","LINK2":" ","LINK3":" ","SAMP_SIZE":19,"MEAN":14,"ST_DEV":1.78999996,"MAX_":18.2000008,"MIN_":9.89999962,"COMMENTS":" ","Shape_Leng":1828.1214488,"Shape_Length":1828.1212694572962}},{"type":"Feature","id":806,"geometry":{"type":"LineString","coordinates":[[-122.8891177,48.6886987],[-122.8887571,48.6886022]]},"properties":{"OBJECTID_1":806,"OBJECTID":801,"ID":1,"SITECODE":"sjs0390","SITECODE1":" ","ISLAND":" ","LENGTH":93.957,"SITE":" ","LINK1":" ","LINK2":" ","LINK3":" ","SAMP_SIZE":0,"MEAN":0,"ST_DEV":0,"MAX_":0,"MIN_":0,"COMMENTS":" ","Shape_Leng":93.9566283662,"Shape_Length":93.95675855789486}},{"type":"Feature","id":807,"geometry":{"type":"LineString","coordinates":[[-122.8357264,48.6184633],[-122.8356252,48.6184566],[-122.8351756,48.6182552],[-122.8346402,48.6184402],[-122.8341566,48.6179528]]},"properties":{"OBJECTID_1":807,"OBJECTID":802,"ID":1,"SITECODE":"sjs0380","SITECODE1":" ","ISLAND":"Orcas","LENGTH":514.725,"SITE":" ","LINK1":" ","LINK2":" ","LINK3":" ","SAMP_SIZE":5,"MEAN":7.5,"ST_DEV":1.61000001,"MAX_":9.5,"MIN_":5.30000019,"COMMENTS":" ","Shape_Leng":514.724627167,"Shape_Length":514.7246563395086}},{"type":"Feature","id":808,"geometry":{"type":"LineString","coordinates":[[-122.8341566,48.6179528],[-122.8341014,48.6178972],[-122.8338852,48.6175328],[-122.8330065,48.6173303],[-122.8324237,48.6172734],[-122.8324363,48.6172732]]},"properties":{"OBJECTID_1":808,"OBJECTID":803,"ID":1,"SITECODE":"sjs0379","SITECODE1":" ","ISLAND":"Orcas","LENGTH":537.718,"SITE":" ","LINK1":" ","LINK2":" ","LINK3":" ","SAMP_SIZE":8,"MEAN":9.47000027,"ST_DEV":3.8599999,"MAX_":14.8999996,"MIN_":4.5,"COMMENTS":" ","Shape_Leng":537.718100843,"Shape_Length":537.7179421281088}},{"type":"Feature","id":809,"geometry":{"type":"LineString","coordinates":[[-122.7969504,48.6307566],[-122.7964492,48.6311835],[-122.7959983,48.6312748],[-122.7953487,48.6314531],[-122.7952643,48.6315549],[-122.7951835,48.6316019]]},"properties":{"OBJECTID_1":809,"OBJECTID":804,"ID":1,"SITECODE":"sjs0480","SITECODE1":" ","ISLAND":"Orcas","LENGTH":549.746,"SITE":" ","LINK1":" ","LINK2":" ","LINK3":" ","SAMP_SIZE":13,"MEAN":23.2399998,"ST_DEV":1.39999998,"MAX_":25.3999996,"MIN_":20.2999992,"COMMENTS":" ","Shape_Leng":549.745648829,"Shape_Length":549.7455590320452}},{"type":"Feature","id":810,"geometry":{"type":"LineString","coordinates":[[-122.7951835,48.6316019],[-122.7951161,48.6316411],[-122.7951197,48.6317331],[-122.7944462,48.6319453],[-122.7941359,48.6320844],[-122.7939924,48.6321887]]},"properties":{"OBJECTID_1":810,"OBJECTID":805,"ID":1,"SITECODE":"sjs0480","SITECODE1":"sjs0479","ISLAND":"Orcas","LENGTH":378.02,"SITE":" ","LINK1":" ","LINK2":" ","LINK3":" ","SAMP_SIZE":13,"MEAN":23.2399998,"ST_DEV":1.39999998,"MAX_":25.3999996,"MIN_":20.2999992,"COMMENTS":" ","Shape_Leng":378.02001182,"Shape_Length":378.02016259803344}},{"type":"Feature","id":811,"geometry":{"type":"LineString","coordinates":[[-122.7939924,48.6321887],[-122.7935624,48.6322698],[-122.7932414,48.6324593],[-122.7930486,48.6326968],[-122.7927267,48.6328613],[-122.792517,48.6329903],[-122.7923918,48.6330175]]},"properties":{"OBJECTID_1":811,"OBJECTID":806,"ID":1,"SITECODE":"sjs0479","SITECODE1":" ","ISLAND":"Orcas","LENGTH":509.781,"SITE":" ","LINK1":" ","LINK2":" ","LINK3":" ","SAMP_SIZE":12,"MEAN":19.2800007,"ST_DEV":3.02999997,"MAX_":23.6000004,"MIN_":13.3999996,"COMMENTS":" ","Shape_Leng":509.78070831,"Shape_Length":509.7807084213935}},{"type":"Feature","id":812,"geometry":{"type":"LineString","coordinates":[[-122.8746966,48.7120781],[-122.8749088,48.7123254],[-122.8751811,48.7124963],[-122.8754033,48.7126765],[-122.8755723,48.7127907],[-122.8762496,48.7129712],[-122.8769373,48.7131393]]},"properties":{"OBJECTID_1":812,"OBJECTID":807,"ID":1,"SITECODE":"sjs0460","SITECODE1":" ","ISLAND":"Orcas","LENGTH":690.87,"SITE":" ","LINK1":" ","LINK2":" ","LINK3":" ","SAMP_SIZE":8,"MEAN":23.5,"ST_DEV":3.41000009,"MAX_":27,"MIN_":16,"COMMENTS":" ","Shape_Leng":690.869788071,"Shape_Length":690.8701226794252}},{"type":"Feature","id":813,"geometry":{"type":"LineString","coordinates":[[-122.8769373,48.7131393],[-122.8774877,48.7132591],[-122.8780374,48.7134084],[-122.8789801,48.7135842],[-122.8794732,48.7135839],[-122.8803964,48.7132748]]},"properties":{"OBJECTID_1":813,"OBJECTID":808,"ID":1,"SITECODE":"sjs0459","SITECODE1":" ","ISLAND":"Orcas","LENGTH":888.686,"SITE":" ","LINK1":" ","LINK2":" ","LINK3":" ","SAMP_SIZE":7,"MEAN":20.1000004,"ST_DEV":5.53999996,"MAX_":25.8999996,"MIN_":11.6000004,"COMMENTS":" ","Shape_Leng":888.685521613,"Shape_Length":888.6854733797699}},{"type":"Feature","id":814,"geometry":{"type":"LineString","coordinates":[[-123.0336572,48.5899874],[-123.0331639,48.5906441],[-123.032465,48.5907919],[-123.0322888,48.590839]]},"properties":{"OBJECTID_1":814,"OBJECTID":809,"ID":1,"SITECODE":"sjs0560","SITECODE1":" ","ISLAND":"Yellow","LENGTH":491.18,"SITE":" ","LINK1":" ","LINK2":" ","LINK3":" ","SAMP_SIZE":12,"MEAN":19.2999992,"ST_DEV":4.21000004,"MAX_":27,"MIN_":12.3999996,"COMMENTS":" ","Shape_Leng":491.179769828,"Shape_Length":491.179656445097}},{"type":"Feature","id":815,"geometry":{"type":"LineString","coordinates":[[-123.0322888,48.590839],[-123.0322072,48.5908609],[-123.0311059,48.5910868],[-123.0304824,48.5914127],[-123.0301944,48.5914566],[-123.0293803,48.5918437],[-123.0291729,48.591963],[-123.0289828,48.5922614],[-123.0288689,48.5923084],[-123.0280663,48.5922915],[-123.0278209,48.5926487],[-123.0278393,48.5928534],[-123.0281843,48.5930135]]},"properties":{"OBJECTID_1":815,"OBJECTID":810,"ID":1,"SITECODE":"sjs0561","SITECODE1":" ","ISLAND":"Yellow","LENGTH":1537.647,"SITE":" ","LINK1":" ","LINK2":" ","LINK3":" ","SAMP_SIZE":14,"MEAN":21.5100002,"ST_DEV":4.69999981,"MAX_":27.3999996,"MIN_":14,"COMMENTS":" ","Shape_Leng":1537.6466791,"Shape_Length":1537.6468257063948}},{"type":"Feature","id":816,"geometry":{"type":"LineString","coordinates":[[-123.0287355,48.5932498],[-123.0288593,48.5933195],[-123.0292357,48.5936489],[-123.0298207,48.5935766]]},"properties":{"OBJECTID_1":816,"OBJECTID":811,"ID":1,"SITECODE":"sjs0561","SITECODE1":" ","ISLAND":"Yellow","LENGTH":334.072,"SITE":" ","LINK1":" ","LINK2":" ","LINK3":" ","SAMP_SIZE":14,"MEAN":21.5100002,"ST_DEV":4.69999981,"MAX_":27.3999996,"MIN_":14,"COMMENTS":" ","Shape_Leng":334.072364338,"Shape_Length":334.0721495373755}},{"type":"Feature","id":817,"geometry":{"type":"LineString","coordinates":[[-123.0298207,48.5935766],[-123.0298484,48.5935732],[-123.0305289,48.5936724],[-123.0308982,48.5935533],[-123.031396,48.5933356]]},"properties":{"OBJECTID_1":817,"OBJECTID":812,"ID":1,"SITECODE":"sjs0560","SITECODE1":" ","ISLAND":"Yellow","LENGTH":419.13,"SITE":" ","LINK1":" ","LINK2":" ","LINK3":" ","SAMP_SIZE":12,"MEAN":19.2999992,"ST_DEV":4.21000004,"MAX_":27,"MIN_":12.3999996,"COMMENTS":" ","Shape_Leng":419.129812748,"Shape_Length":419.12971431955697}},{"type":"Feature","id":818,"geometry":{"type":"LineString","coordinates":[[-122.9918198,48.6014341],[-122.9918445,48.601486],[-122.9919942,48.6015581],[-122.9924254,48.6018867],[-122.9925213,48.6020195],[-122.9927713,48.6023291],[-122.9937484,48.603029],[-122.9945276,48.6030519],[-122.9952551,48.6029187],[-122.995799,48.6029759],[-122.996214,48.602941]]},"properties":{"OBJECTID_1":818,"OBJECTID":813,"ID":1,"SITECODE":"sjs0558","SITECODE1":" ","ISLAND":"Crane","LENGTH":1359.195,"SITE":" ","LINK1":" ","LINK2":" ","LINK3":" ","SAMP_SIZE":13,"MEAN":16.8799992,"ST_DEV":3.6400001,"MAX_":21.6000004,"MIN_":10.5,"COMMENTS":" ","Shape_Leng":1359.1946834,"Shape_Length":1359.194714928588}},{"type":"Feature","id":819,"geometry":{"type":"LineString","coordinates":[[-122.996214,48.602941],[-122.9964846,48.6029182],[-122.9969463,48.6029021],[-122.9970295,48.602736],[-122.9974789,48.6024284],[-122.9977559,48.602311],[-122.9984016,48.6018426]]},"properties":{"OBJECTID_1":819,"OBJECTID":814,"ID":1,"SITECODE":"sjs0557","SITECODE1":" ","ISLAND":"Crane","LENGTH":709.069,"SITE":" ","LINK1":" ","LINK2":" ","LINK3":" ","SAMP_SIZE":16,"MEAN":20.7600002,"ST_DEV":4.30000019,"MAX_":25,"MIN_":7.0999999,"COMMENTS":" ","Shape_Leng":709.068656304,"Shape_Length":709.068551009337}},{"type":"Feature","id":820,"geometry":{"type":"LineString","coordinates":[[-123.0073626,48.5942914],[-123.007158,48.5939886],[-123.0064563,48.5936651],[-123.0061476,48.5935661],[-123.0055,48.5931893],[-123.0052719,48.5928644],[-123.0046555,48.5926889],[-123.0042644,48.5925092],[-123.0037034,48.5923102],[-123.0029545,48.5924664],[-123.0028359,48.5925958],[-123.0023781,48.59273]]},"properties":{"OBJECTID_1":820,"OBJECTID":815,"ID":1,"SITECODE":"sjs0556","SITECODE1":" ","ISLAND":"Crane","LENGTH":1547.92,"SITE":" ","LINK1":" ","LINK2":" ","LINK3":" ","SAMP_SIZE":13,"MEAN":17.7900009,"ST_DEV":4.5,"MAX_":24.3999996,"MIN_":12.1000004,"COMMENTS":" ","Shape_Leng":1547.91954905,"Shape_Length":1547.9196310467978}},{"type":"Feature","id":821,"geometry":{"type":"LineString","coordinates":[[-123.0023781,48.59273],[-123.0018,48.5928994],[-123.0010522,48.5928161],[-123.0004267,48.5926932],[-122.9998182,48.5927045]]},"properties":{"OBJECTID_1":821,"OBJECTID":816,"ID":1,"SITECODE":"sjs0555","SITECODE1":" ","ISLAND":"Crane","LENGTH":641.647,"SITE":" ","LINK1":" ","LINK2":" ","LINK3":" ","SAMP_SIZE":12,"MEAN":18.8999996,"ST_DEV":3.97000003,"MAX_":25.7000008,"MIN_":13.1999998,"COMMENTS":" ","Shape_Leng":641.647337533,"Shape_Length":641.6473907486999}},{"type":"Feature","id":822,"geometry":{"type":"LineString","coordinates":[[-123.0128812,48.587347],[-123.0132116,48.5873517],[-123.0133427,48.5873274],[-123.0134293,48.5872752]]},"properties":{"OBJECTID_1":822,"OBJECTID":817,"ID":1,"SITECODE":"sjs0085","SITECODE1":" ","ISLAND":"Shaw","LENGTH":141.264,"SITE":" ","LINK1":" ","LINK2":" ","LINK3":" ","SAMP_SIZE":10,"MEAN":17.2099991,"ST_DEV":4.53000021,"MAX_":23.2999992,"MIN_":10.3000002,"COMMENTS":" ","Shape_Leng":141.263915295,"Shape_Length":141.26412659900947}},{"type":"Feature","id":823,"geometry":{"type":"LineString","coordinates":[[-123.0134293,48.5872752],[-123.0135681,48.5871917],[-123.0137803,48.5871329]]},"properties":{"OBJECTID_1":823,"OBJECTID":818,"ID":1,"SITECODE":"sjs0086","SITECODE1":"sjs0085","ISLAND":"Shaw","LENGTH":101.01,"SITE":" ","LINK1":" ","LINK2":" ","LINK3":" ","SAMP_SIZE":11,"MEAN":17.3600006,"ST_DEV":2.68000007,"MAX_":21.7999992,"MIN_":12.6999998,"COMMENTS":" ","Shape_Leng":101.009955738,"Shape_Length":101.0097650663489}},{"type":"Feature","id":824,"geometry":{"type":"LineString","coordinates":[[-123.0117333,48.5797981],[-123.0107076,48.5797516],[-123.0102589,48.5796833],[-123.0095216,48.5798177],[-123.0091374,48.5797153],[-123.0080292,48.5796384]]},"properties":{"OBJECTID_1":824,"OBJECTID":819,"ID":1,"SITECODE":"sjs0087","SITECODE1":" ","ISLAND":"Shaw","LENGTH":915.332,"SITE":" ","LINK1":" ","LINK2":" ","LINK3":" ","SAMP_SIZE":7,"MEAN":20.0699997,"ST_DEV":4.88999987,"MAX_":25.3999996,"MIN_":11.8999996,"COMMENTS":" ","Shape_Leng":915.331600825,"Shape_Length":915.3315131920389}},{"type":"Feature","id":825,"geometry":{"type":"LineString","coordinates":[[-123.0080292,48.5796384],[-123.0075475,48.5796027],[-123.0064601,48.579656],[-123.0061278,48.5796074],[-123.0052961,48.5798531],[-123.0050166,48.5798802],[-123.0039781,48.5799216],[-123.003149,48.5798385]]},"properties":{"OBJECTID_1":825,"OBJECTID":820,"ID":1,"SITECODE":"sjs0088","SITECODE1":" ","ISLAND":"Shaw","LENGTH":1207.233,"SITE":" ","LINK1":" ","LINK2":" ","LINK3":" ","SAMP_SIZE":16,"MEAN":17.2999992,"ST_DEV":3.78999996,"MAX_":25.2000008,"MIN_":11.1999998,"COMMENTS":" ","Shape_Leng":1207.23314828,"Shape_Length":1207.2332419847064}},{"type":"Feature","id":826,"geometry":{"type":"LineString","coordinates":[[-122.9917995,48.5746163],[-122.9913132,48.5744391],[-122.990787,48.5740983],[-122.9905129,48.5738624],[-122.9902099,48.5737256],[-122.9898836,48.5734249],[-122.9897955,48.573295],[-122.9896643,48.572925],[-122.9897952,48.5725062],[-122.9896058,48.5722628]]},"properties":{"OBJECTID_1":826,"OBJECTID":821,"ID":1,"SITECODE":"sjs0089","SITECODE1":" ","ISLAND":"Shaw","LENGTH":1091.513,"SITE":" ","LINK1":" ","LINK2":" ","LINK3":" ","SAMP_SIZE":8,"MEAN":20.1299992,"ST_DEV":5.26000023,"MAX_":29.1000004,"MIN_":13.3000002,"COMMENTS":" ","Shape_Leng":1091.51311609,"Shape_Length":1091.5130646450825}},{"type":"Feature","id":827,"geometry":{"type":"LineString","coordinates":[[-122.9896058,48.5722628],[-122.9895683,48.5722147],[-122.9888079,48.5718015],[-122.987725,48.5711753]]},"properties":{"OBJECTID_1":827,"OBJECTID":822,"ID":1,"SITECODE":"sjs0090","SITECODE1":" ","ISLAND":"Shaw","LENGTH":605.473,"SITE":" ","LINK1":" ","LINK2":" ","LINK3":" ","SAMP_SIZE":12,"MEAN":22.5300007,"ST_DEV":3.28999996,"MAX_":28.1000004,"MIN_":15.5,"COMMENTS":" ","Shape_Leng":605.473074612,"Shape_Length":605.4730600644041}},{"type":"Feature","id":828,"geometry":{"type":"LineString","coordinates":[[-122.9225869,48.5640192],[-122.922628,48.5642097],[-122.9226793,48.5643492],[-122.9226463,48.5645069],[-122.92257,48.5645693],[-122.9222753,48.5647579],[-122.9218523,48.5647044],[-122.9217582,48.5646538],[-122.9216798,48.5646639],[-122.9215839,48.5645696],[-122.9215444,48.5645704],[-122.9214493,48.5644935],[-122.9213026,48.5644438],[-122.9212635,48.5644532],[-122.9211314,48.5644382],[-122.921053,48.5644483],[-122.920907,48.564416],[-122.9208413,48.5644172],[-122.9208154,48.5644076]]},"properties":{"OBJECTID_1":828,"OBJECTID":823,"ID":1,"SITECODE":"core002","SITECODE1":" ","ISLAND":"Shaw","LENGTH":711.628,"SITE":" ","LINK1":" ","LINK2":" ","LINK3":" ","SAMP_SIZE":28,"MEAN":16.7299995,"ST_DEV":1.26999998,"MAX_":19.7000008,"MIN_":14.3999996,"COMMENTS":" ","Shape_Leng":711.628437547,"Shape_Length":711.628296595056}},{"type":"Feature","id":829,"geometry":{"type":"LineString","coordinates":[[-122.9208154,48.5644076],[-122.9201471,48.5641592]]},"properties":{"OBJECTID_1":829,"OBJECTID":824,"ID":1,"SITECODE":"sjs0071","SITECODE1":" ","ISLAND":"Shaw","LENGTH":185.478,"SITE":" ","LINK1":" ","LINK2":" ","LINK3":" ","SAMP_SIZE":9,"MEAN":18.8999996,"ST_DEV":5.09000015,"MAX_":24.6000004,"MIN_":9.19999981,"COMMENTS":" ","Shape_Leng":185.477633197,"Shape_Length":185.47778134931173}},{"type":"Feature","id":830,"geometry":{"type":"LineString","coordinates":[[-122.9176831,48.5859408],[-122.9178189,48.5860646],[-122.9183664,48.5863702],[-122.9190307,48.5866264],[-122.9199866,48.5870352],[-122.9200732,48.5870641]]},"properties":{"OBJECTID_1":830,"OBJECTID":825,"ID":1,"SITECODE":"sjs0074","SITECODE1":" ","ISLAND":"Shaw","LENGTH":713.746,"SITE":" ","LINK1":" ","LINK2":" ","LINK3":" ","SAMP_SIZE":8,"MEAN":14.7200003,"ST_DEV":2.06999993,"MAX_":17.2999992,"MIN_":11,"COMMENTS":" ","Shape_Leng":713.745842196,"Shape_Length":713.7457607246744}},{"type":"Feature","id":831,"geometry":{"type":"LineString","coordinates":[[-122.9200732,48.5870641],[-122.9201433,48.5870875],[-122.9204946,48.5872469],[-122.9212565,48.5872726],[-122.9214932,48.5872447]]},"properties":{"OBJECTID_1":831,"OBJECTID":826,"ID":1,"SITECODE":"sjs0075","SITECODE1":" ","ISLAND":"Shaw","LENGTH":364.814,"SITE":" ","LINK1":" ","LINK2":" ","LINK3":" ","SAMP_SIZE":9,"MEAN":16.5400009,"ST_DEV":3.74000001,"MAX_":23.3999996,"MIN_":12.6000004,"COMMENTS":" ","Shape_Leng":364.814151845,"Shape_Length":364.81424297637227}},{"type":"Feature","id":832,"geometry":{"type":"LineString","coordinates":[[-122.8192507,48.5843438],[-122.8186467,48.5842318],[-122.81794,48.5846108],[-122.8175352,48.5847135],[-122.8170417,48.5850091]]},"properties":{"OBJECTID_1":832,"OBJECTID":827,"ID":1,"SITECODE":"sjs0485","SITECODE1":" ","ISLAND":"Blakely","LENGTH":637.59,"SITE":" ","LINK1":" ","LINK2":" ","LINK3":" ","SAMP_SIZE":10,"MEAN":15.5799999,"ST_DEV":5.44000006,"MAX_":21.1000004,"MIN_":5.9000001,"COMMENTS":" ","Shape_Leng":637.590245088,"Shape_Length":637.5902978276616}},{"type":"Feature","id":833,"geometry":{"type":"LineString","coordinates":[[-122.829565,48.5793378],[-122.8296446,48.5795278],[-122.8294673,48.5799138],[-122.8291422,48.5802066],[-122.828846,48.5806265],[-122.8282768,48.5808277],[-122.8278554,48.5811222],[-122.8274397,48.5815601],[-122.826588,48.582532],[-122.8259825,48.583037],[-122.8255353,48.583284],[-122.8247263,48.5835053],[-122.8238465,48.5837597],[-122.8235606,48.5838284],[-122.8230357,48.5839332],[-122.8224686,48.5841133]]},"properties":{"OBJECTID_1":833,"OBJECTID":828,"ID":1,"SITECODE":"sjs0372","SITECODE1":" ","ISLAND":"Blakely","LENGTH":2603.11,"SITE":" ","LINK1":" ","LINK2":" ","LINK3":" ","SAMP_SIZE":15,"MEAN":18.2999992,"ST_DEV":3.88000011,"MAX_":23.2999992,"MIN_":11,"COMMENTS":" ","Shape_Leng":2603.1096768,"Shape_Length":2603.10966374611}},{"type":"Feature","id":834,"geometry":{"type":"LineString","coordinates":[[-122.8224686,48.5841133],[-122.8221331,48.5842199],[-122.8213548,48.5839939],[-122.8209506,48.5841125],[-122.8207621,48.5842115],[-122.8201188,48.5843661],[-122.8196585,48.5842782],[-122.8192765,48.5843486],[-122.8192507,48.5843438]]},"properties":{"OBJECTID_1":834,"OBJECTID":829,"ID":1,"SITECODE":"sjs0485","SITECODE1":"sjs0372","ISLAND":"Blakely","LENGTH":844.828,"SITE":" ","LINK1":" ","LINK2":" ","LINK3":" ","SAMP_SIZE":10,"MEAN":15.5799999,"ST_DEV":5.44000006,"MAX_":21.1000004,"MIN_":5.9000001,"COMMENTS":" ","Shape_Leng":844.828491301,"Shape_Length":844.828349023657}},{"type":"Feature","id":835,"geometry":{"type":"LineString","coordinates":[[-122.8315838,48.5688687],[-122.831605,48.5694108],[-122.8317803,48.5702055],[-122.8319586,48.5708545]]},"properties":{"OBJECTID_1":835,"OBJECTID":830,"ID":1,"SITECODE":"sjs0370","SITECODE1":" ","ISLAND":"Blakely","LENGTH":731.526,"SITE":" ","LINK1":" ","LINK2":" ","LINK3":" ","SAMP_SIZE":13,"MEAN":18,"ST_DEV":2.73000002,"MAX_":21,"MIN_":12.8000002,"COMMENTS":" ","Shape_Leng":731.525672405,"Shape_Length":731.5258199224581}},{"type":"Feature","id":836,"geometry":{"type":"LineString","coordinates":[[-122.8319586,48.5708545],[-122.8319766,48.5709201],[-122.8318471,48.5719115],[-122.831819,48.5724225],[-122.8309532,48.5730278],[-122.8305769,48.5732417],[-122.8302499,48.5734866],[-122.8298976,48.5737001],[-122.8294167,48.5743146],[-122.8292142,48.5746691],[-122.8290438,48.5752305],[-122.828943,48.5757268],[-122.8288699,48.5763184],[-122.8290896,48.5770166]]},"properties":{"OBJECTID_1":836,"OBJECTID":831,"ID":1,"SITECODE":"sjs0371","SITECODE1":" ","ISLAND":"Blakely","LENGTH":2492.532,"SITE":" ","LINK1":" ","LINK2":" ","LINK3":" ","SAMP_SIZE":17,"MEAN":17.5499992,"ST_DEV":3.81999993,"MAX_":22.7999992,"MIN_":6.19999981,"COMMENTS":" ","Shape_Leng":2492.53201365,"Shape_Length":2492.5321254265828}},{"type":"Feature","id":837,"geometry":{"type":"LineString","coordinates":[[-122.8307107,48.5606831],[-122.8308682,48.5616377],[-122.830856,48.561941],[-122.8308186,48.5620373]]},"properties":{"OBJECTID_1":837,"OBJECTID":832,"ID":1,"SITECODE":"sjs0369","SITECODE1":" ","ISLAND":"Blakely","LENGTH":497.325,"SITE":" ","LINK1":" ","LINK2":" ","LINK3":" ","SAMP_SIZE":14,"MEAN":18.1200008,"ST_DEV":2.72000003,"MAX_":22.6000004,"MIN_":13.1000004,"COMMENTS":" ","Shape_Leng":497.325063297,"Shape_Length":497.3250708949761}},{"type":"Feature","id":838,"geometry":{"type":"LineString","coordinates":[[-122.8308186,48.5620373],[-122.8307687,48.5621659],[-122.8308803,48.5625628],[-122.8308941,48.5629136],[-122.8311714,48.5644724],[-122.8313118,48.5656027],[-122.8314063,48.5661755],[-122.8315114,48.5670192],[-122.8315604,48.5676566],[-122.8315598,48.5688691]]},"properties":{"OBJECTID_1":838,"OBJECTID":833,"ID":1,"SITECODE":"sjs0370","SITECODE1":" ","ISLAND":"Blakely","LENGTH":2504.432,"SITE":" ","LINK1":" ","LINK2":" ","LINK3":" ","SAMP_SIZE":13,"MEAN":18,"ST_DEV":2.73000002,"MAX_":21,"MIN_":12.8000002,"COMMENTS":" ","Shape_Leng":2504.4319333,"Shape_Length":2504.4317646844343}},{"type":"Feature","id":839,"geometry":{"type":"LineString","coordinates":[[-122.8026327,48.5861322],[-122.8026062,48.5860688],[-122.8023381,48.5859776],[-122.8019025,48.5859052],[-122.8017411,48.5858035]]},"properties":{"OBJECTID_1":839,"OBJECTID":834,"ID":1,"SITECODE":"sjs0486","SITECODE1":" ","ISLAND":"Blakely","LENGTH":259.469,"SITE":" ","LINK1":" ","LINK2":" ","LINK3":" ","SAMP_SIZE":13,"MEAN":18.5699997,"ST_DEV":3.13000011,"MAX_":23.2999992,"MIN_":12,"COMMENTS":" ","Shape_Leng":259.468677561,"Shape_Length":259.4688181299918}},{"type":"Feature","id":840,"geometry":{"type":"LineString","coordinates":[[-122.8017411,48.5858035],[-122.8014342,48.58561],[-122.8012832,48.5854371]]},"properties":{"OBJECTID_1":840,"OBJECTID":835,"ID":1,"SITECODE":"sjs0487","SITECODE1":" ","ISLAND":"Blakely","LENGTH":175.385,"SITE":" ","LINK1":" ","LINK2":" ","LINK3":" ","SAMP_SIZE":5,"MEAN":21.7199993,"ST_DEV":1.98000002,"MAX_":25.2000008,"MIN_":20.2000008,"COMMENTS":" ","Shape_Leng":175.384715574,"Shape_Length":175.38488449478058}},{"type":"Feature","id":841,"geometry":{"type":"LineString","coordinates":[[-122.8277881,48.5036953],[-122.8278916,48.503885],[-122.8284854,48.5043375],[-122.8289397,48.504904],[-122.8293479,48.5055192],[-122.8294865,48.5059955],[-122.8301029,48.5070219],[-122.8303843,48.5074638],[-122.8304971,48.5077078]]},"properties":{"OBJECTID_1":841,"OBJECTID":836,"ID":1,"SITECODE":"sjs0104","SITECODE1":" ","ISLAND":"Decatur","LENGTH":1620.423,"SITE":" ","LINK1":" ","LINK2":" ","LINK3":" ","SAMP_SIZE":8,"MEAN":12.1700001,"ST_DEV":2.43000007,"MAX_":15.3000002,"MIN_":8.19999981,"COMMENTS":" ","Shape_Leng":1620.42350025,"Shape_Length":1620.4235935819754}},{"type":"Feature","id":842,"geometry":{"type":"LineString","coordinates":[[-122.8304971,48.5077078],[-122.830699,48.5081444],[-122.8307878,48.5085737],[-122.8311583,48.5088385],[-122.8313546,48.5089468],[-122.8318068,48.5092944],[-122.8323098,48.5094249],[-122.8329879,48.5095728],[-122.8335164,48.5095796],[-122.8342117,48.5095516],[-122.8344744,48.5095152]]},"properties":{"OBJECTID_1":842,"OBJECTID":837,"ID":1,"SITECODE":"sjs0105","SITECODE1":" ","ISLAND":"Decatur","LENGTH":1352.022,"SITE":" ","LINK1":" ","LINK2":" ","LINK3":" ","SAMP_SIZE":10,"MEAN":6.15999985,"ST_DEV":2.5,"MAX_":9.19999981,"MIN_":2.20000005,"COMMENTS":" ","Shape_Leng":1352.02176629,"Shape_Length":1352.0214058676036}},{"type":"Feature","id":843,"geometry":{"type":"LineString","coordinates":[[-122.7995201,48.4872189],[-122.8012004,48.4866001],[-122.801247,48.4862998]]},"properties":{"OBJECTID_1":843,"OBJECTID":838,"ID":1,"SITECODE":"sjs0117","SITECODE1":" ","ISLAND":"Decatur","LENGTH":575.984,"SITE":" ","LINK1":" ","LINK2":" ","LINK3":" ","SAMP_SIZE":11,"MEAN":25.8700008,"ST_DEV":2.36999989,"MAX_":27.8999996,"MIN_":22.6000004,"COMMENTS":" ","Shape_Leng":575.984458633,"Shape_Length":575.9844082048529}},{"type":"Feature","id":844,"geometry":{"type":"LineString","coordinates":[[-122.801247,48.4862998],[-122.8012773,48.4861042],[-122.8015991,48.4851095],[-122.8025302,48.4843597],[-122.8037915,48.484083],[-122.8049901,48.4846689],[-122.8054993,48.4841815],[-122.8064076,48.4840863],[-122.8066475,48.48346],[-122.8078393,48.4832482],[-122.80829,48.4831128]]},"properties":{"OBJECTID_1":844,"OBJECTID":839,"ID":1,"SITECODE":"sjs0118","SITECODE1":" ","ISLAND":"Decatur","LENGTH":2574.947,"SITE":" ","LINK1":" ","LINK2":" ","LINK3":" ","SAMP_SIZE":19,"MEAN":25.4599991,"ST_DEV":1.11000001,"MAX_":27.1000004,"MIN_":22.3999996,"COMMENTS":" ","Shape_Leng":2574.94713536,"Shape_Length":2574.946891578833}},{"type":"Feature","id":845,"geometry":{"type":"LineString","coordinates":[[-122.7940634,48.49138],[-122.7943219,48.4906098],[-122.7942113,48.4902287],[-122.7952243,48.4897329],[-122.7962799,48.4890928],[-122.7968748,48.4883328],[-122.7971033,48.4881863]]},"properties":{"OBJECTID_1":845,"OBJECTID":840,"ID":1,"SITECODE":"sjs0116","SITECODE1":" ","ISLAND":"Decatur","LENGTH":1470.572,"SITE":" ","LINK1":" ","LINK2":" ","LINK3":" ","SAMP_SIZE":6,"MEAN":27.6100006,"ST_DEV":0.389999986,"MAX_":28.2000008,"MIN_":27.2000008,"COMMENTS":" ","Shape_Leng":1470.57204703,"Shape_Length":1470.5719236266536}},{"type":"Feature","id":846,"geometry":{"type":"LineString","coordinates":[[-122.7971033,48.4881863],[-122.7971559,48.4881526],[-122.7981553,48.4879282],[-122.7985994,48.4876175],[-122.7994722,48.4872198],[-122.7995435,48.4872026]]},"properties":{"OBJECTID_1":846,"OBJECTID":841,"ID":1,"SITECODE":"sjs0117","SITECODE1":" ","ISLAND":"Decatur","LENGTH":704.892,"SITE":" ","LINK1":" ","LINK2":" ","LINK3":" ","SAMP_SIZE":11,"MEAN":25.8700008,"ST_DEV":2.36999989,"MAX_":27.8999996,"MIN_":22.6000004,"COMMENTS":" ","Shape_Leng":704.892141009,"Shape_Length":704.8920211778784}},{"type":"Feature","id":847,"geometry":{"type":"LineString","coordinates":[[-122.7831786,48.5105977],[-122.7833879,48.5104187],[-122.7842386,48.5094311],[-122.7849187,48.5090048],[-122.7857704,48.5086714],[-122.7864055,48.5083256],[-122.7871994,48.5077379],[-122.7877257,48.5070589],[-122.7879491,48.5066244],[-122.7881653,48.5059985],[-122.7882023,48.5057107],[-122.7883996,48.5045905],[-122.7883388,48.5042565],[-122.7886132,48.5037169]]},"properties":{"OBJECTID_1":847,"OBJECTID":842,"ID":1,"SITECODE":"sjs0114","SITECODE1":" ","ISLAND":"Decatur","LENGTH":2979.029,"SITE":" ","LINK1":" ","LINK2":" ","LINK3":" ","SAMP_SIZE":14,"MEAN":22.6800003,"ST_DEV":2.29999995,"MAX_":25.3999996,"MIN_":17,"COMMENTS":" ","Shape_Leng":2979.02905788,"Shape_Length":2979.0287101455}},{"type":"Feature","id":848,"geometry":{"type":"LineString","coordinates":[[-122.7886132,48.5037169],[-122.7890535,48.5028564]]},"properties":{"OBJECTID_1":848,"OBJECTID":843,"ID":1,"SITECODE":"sjs0115","SITECODE1":" ","ISLAND":"Decatur","LENGTH":331.601,"SITE":" ","LINK1":" ","LINK2":" ","LINK3":" ","SAMP_SIZE":17,"MEAN":24.6100006,"ST_DEV":2.0999999,"MAX_":28.2999992,"MIN_":20.2999992,"COMMENTS":" ","Shape_Leng":331.601158486,"Shape_Length":331.6013676075031}},{"type":"Feature","id":849,"geometry":{"type":"LineString","coordinates":[[-122.7744598,48.5136958],[-122.7743824,48.5135535],[-122.773936,48.5131244]]},"properties":{"OBJECTID_1":849,"OBJECTID":844,"ID":1,"SITECODE":"sjs0693","SITECODE1":" ","ISLAND":"James","LENGTH":245.485,"SITE":" ","LINK1":" ","LINK2":" ","LINK3":" ","SAMP_SIZE":4,"MEAN":18.2000008,"ST_DEV":2.1500001,"MAX_":21,"MIN_":16.1000004,"COMMENTS":" ","Shape_Leng":245.485490485,"Shape_Length":245.4855286942975}},{"type":"Feature","id":850,"geometry":{"type":"LineString","coordinates":[[-122.773936,48.5131244],[-122.7738092,48.5130047],[-122.7735313,48.5126424],[-122.7732385,48.5125197],[-122.7727777,48.5123997]]},"properties":{"OBJECTID_1":850,"OBJECTID":845,"ID":1,"SITECODE":"sjs0692","SITECODE1":" ","ISLAND":"James","LENGTH":405.657,"SITE":" ","LINK1":" ","LINK2":" ","LINK3":" ","SAMP_SIZE":4,"MEAN":18.0499992,"ST_DEV":2.05999994,"MAX_":20.2999992,"MIN_":15.3999996,"COMMENTS":" ","Shape_Leng":405.657173274,"Shape_Length":405.65715282328495}},{"type":"Feature","id":851,"geometry":{"type":"LineString","coordinates":[[-122.7933644,48.5169831],[-122.7931645,48.5167791],[-122.7925868,48.5161187],[-122.7923795,48.5157234],[-122.7914124,48.5149261],[-122.7913855,48.5148952]]},"properties":{"OBJECTID_1":851,"OBJECTID":846,"ID":1,"SITECODE":"sjs0113","SITECODE1":" ","ISLAND":"Decatur","LENGTH":906.759,"SITE":" ","LINK1":" ","LINK2":" ","LINK3":" ","SAMP_SIZE":15,"MEAN":14.8900003,"ST_DEV":2.27999997,"MAX_":18.2000008,"MIN_":10,"COMMENTS":" ","Shape_Leng":906.758693274,"Shape_Length":906.758892191321}},{"type":"Feature","id":852,"geometry":{"type":"LineString","coordinates":[[-122.7913855,48.5148952],[-122.7912617,48.5147531],[-122.7906945,48.5143638],[-122.7902035,48.5140849],[-122.7899082,48.5138985],[-122.7897311,48.5136622],[-122.789845,48.5135007],[-122.790136,48.5135755],[-122.7913672,48.5137462],[-122.7920471,48.5139421],[-122.7923312,48.5144528]]},"properties":{"OBJECTID_1":852,"OBJECTID":847,"ID":1,"SITECODE":"sjs0112","SITECODE1":" ","ISLAND":"Decatur","LENGTH":1433.003,"SITE":" ","LINK1":" ","LINK2":" ","LINK3":" ","SAMP_SIZE":21,"MEAN":15.3400002,"ST_DEV":1.59000003,"MAX_":19,"MIN_":13.1999998,"COMMENTS":" ","Shape_Leng":1433.0028198,"Shape_Length":1433.0023757911333}},{"type":"Feature","id":853,"geometry":{"type":"LineString","coordinates":[[-122.7923312,48.5144528],[-122.792434,48.5146376],[-122.7932006,48.5152149],[-122.7936822,48.5158768],[-122.7940008,48.5166692],[-122.7938985,48.5171336],[-122.7935397,48.5171716],[-122.7933884,48.5169827]]},"properties":{"OBJECTID_1":853,"OBJECTID":848,"ID":1,"SITECODE":"sjs0113","SITECODE1":" ","ISLAND":"Decatur","LENGTH":1257.478,"SITE":" ","LINK1":" ","LINK2":" ","LINK3":" ","SAMP_SIZE":15,"MEAN":14.8900003,"ST_DEV":2.27999997,"MAX_":18.2000008,"MIN_":10,"COMMENTS":" ","Shape_Leng":1257.47749397,"Shape_Length":1257.4774476410803}},{"type":"Feature","id":854,"geometry":{"type":"LineString","coordinates":[[-122.790861,48.5212215],[-122.7913289,48.5208945],[-122.79299,48.5203718],[-122.7934787,48.5199647],[-122.7937773,48.5196086],[-122.7940026,48.5192219],[-122.7941572,48.5188683],[-122.7945696,48.5183507],[-122.794729,48.5181247],[-122.7951668,48.5170164],[-122.7949927,48.5168598],[-122.7948826,48.5164947],[-122.7948476,48.5162081],[-122.7946686,48.515924],[-122.7944564,48.5154011],[-122.7941483,48.5148798],[-122.7930217,48.5143085],[-122.7928914,48.5141735]]},"properties":{"OBJECTID_1":854,"OBJECTID":849,"ID":1,"SITECODE":"sjs0112","SITECODE1":" ","ISLAND":"Decatur","LENGTH":3185.081,"SITE":" ","LINK1":" ","LINK2":" ","LINK3":" ","SAMP_SIZE":21,"MEAN":15.3400002,"ST_DEV":1.59000003,"MAX_":19,"MIN_":13.1999998,"COMMENTS":" ","Shape_Leng":3185.08088325,"Shape_Length":3185.0810999427094}},{"type":"Feature","id":855,"geometry":{"type":"LineString","coordinates":[[-122.7928914,48.5141735],[-122.7925216,48.5137905],[-122.7915002,48.5134568],[-122.790701,48.5132788],[-122.7898783,48.5131172],[-122.7893695,48.5129982],[-122.7888108,48.5128321]]},"properties":{"OBJECTID_1":855,"OBJECTID":850,"ID":1,"SITECODE":"sjs0113","SITECODE1":" ","ISLAND":"Decatur","LENGTH":1133.238,"SITE":" ","LINK1":" ","LINK2":" ","LINK3":" ","SAMP_SIZE":15,"MEAN":14.8900003,"ST_DEV":2.27999997,"MAX_":18.2000008,"MIN_":10,"COMMENTS":" ","Shape_Leng":1133.23755247,"Shape_Length":1133.2374728360214}},{"type":"Feature","id":856,"geometry":{"type":"LineString","coordinates":[[-122.8944539,48.5577759],[-122.8957414,48.5577231],[-122.896649,48.5575477],[-122.8972749,48.5574519],[-122.8979976,48.5575237],[-122.8982378,48.5574722]]},"properties":{"OBJECTID_1":856,"OBJECTID":851,"ID":1,"SITECODE":"sjs0600","SITECODE1":" ","ISLAND":"Lopez","LENGTH":934.957,"SITE":" ","LINK1":" ","LINK2":" ","LINK3":" ","SAMP_SIZE":13,"MEAN":16.2600002,"ST_DEV":4.23000002,"MAX_":24.7000008,"MIN_":8,"COMMENTS":" ","Shape_Leng":934.956600645,"Shape_Length":934.956463886824}},{"type":"Feature","id":857,"geometry":{"type":"LineString","coordinates":[[-122.8982378,48.5574722],[-122.8984287,48.5574314],[-122.8991523,48.5571547],[-122.8996921,48.5569709],[-122.9000388,48.5568303],[-122.9004212,48.5566443]]},"properties":{"OBJECTID_1":857,"OBJECTID":852,"ID":1,"SITECODE":"sjs0599","SITECODE1":" ","ISLAND":"Lopez","LENGTH":610.92,"SITE":" ","LINK1":" ","LINK2":" ","LINK3":" ","SAMP_SIZE":21,"MEAN":22.4599991,"ST_DEV":1.76999998,"MAX_":27.2000008,"MIN_":19.5,"COMMENTS":" ","Shape_Leng":610.920308743,"Shape_Length":610.9203460539227}},{"type":"Feature","id":858,"geometry":{"type":"LineString","coordinates":[[-122.9060255,48.5524879],[-122.9065704,48.5520601],[-122.9068053,48.5517523],[-122.9069743,48.551709]]},"properties":{"OBJECTID_1":858,"OBJECTID":853,"ID":1,"SITECODE":"sjs0599","SITECODE1":" ","ISLAND":"Lopez","LENGTH":374.15,"SITE":" ","LINK1":" ","LINK2":" ","LINK3":" ","SAMP_SIZE":21,"MEAN":22.4599991,"ST_DEV":1.76999998,"MAX_":27.2000008,"MIN_":19.5,"COMMENTS":" ","Shape_Leng":374.149975136,"Shape_Length":374.1501803466032}},{"type":"Feature","id":859,"geometry":{"type":"LineString","coordinates":[[-122.9069743,48.551709],[-122.9071392,48.5516667],[-122.9081418,48.5510664],[-122.9086217,48.5508837],[-122.9090663,48.5507562],[-122.9096824,48.5506059],[-122.9104034,48.5506377],[-122.910895,48.5503751],[-122.9108877,48.5503802]]},"properties":{"OBJECTID_1":859,"OBJECTID":854,"ID":1,"SITECODE":"sjs0598","SITECODE1":" ","ISLAND":"Lopez","LENGTH":1110.534,"SITE":" ","LINK1":" ","LINK2":" ","LINK3":" ","SAMP_SIZE":17,"MEAN":20.7299995,"ST_DEV":2.8499999,"MAX_":23.7000008,"MIN_":13.3999996,"COMMENTS":" ","Shape_Leng":1110.53407245,"Shape_Length":1110.5340513270544}},{"type":"Feature","id":860,"geometry":{"type":"LineString","coordinates":[[-122.9229293,48.5427245],[-122.9229343,48.5425611],[-122.9229857,48.5423154]]},"properties":{"OBJECTID_1":860,"OBJECTID":855,"ID":1,"SITECODE":"sjs0597","SITECODE1":" ","ISLAND":"Lopez","LENGTH":150.127,"SITE":" ","LINK1":" ","LINK2":" ","LINK3":" ","SAMP_SIZE":35,"MEAN":22.4799995,"ST_DEV":2.31999993,"MAX_":27.2000008,"MIN_":18.1000004,"COMMENTS":" ","Shape_Leng":150.127271285,"Shape_Length":150.12731356828388}},{"type":"Feature","id":861,"geometry":{"type":"LineString","coordinates":[[-122.9229857,48.5423154],[-122.9229931,48.5422801],[-122.9229633,48.5421251],[-122.9230854,48.5419596],[-122.9231337,48.5417098],[-122.9230919,48.5415473],[-122.9232117,48.5410396],[-122.9233188,48.5405089],[-122.9233633,48.5398782],[-122.9234132,48.5396673],[-122.9233903,48.5391078],[-122.923413,48.5388041]]},"properties":{"OBJECTID_1":861,"OBJECTID":856,"ID":1,"SITECODE":"sjs0596","SITECODE1":" ","ISLAND":"Lopez","LENGTH":1295.44,"SITE":" ","LINK1":" ","LINK2":" ","LINK3":" ","SAMP_SIZE":0,"MEAN":0,"ST_DEV":0,"MAX_":0,"MIN_":0,"COMMENTS":" ","Shape_Leng":1295.43956192,"Shape_Length":1295.4394548167347}},{"type":"Feature","id":862,"geometry":{"type":"LineString","coordinates":[[-122.923413,48.5388041],[-122.9234233,48.5381973],[-122.9234397,48.5380259],[-122.9234626,48.5371545],[-122.9234428,48.5360973],[-122.9231116,48.5351691]]},"properties":{"OBJECTID_1":862,"OBJECTID":857,"ID":1,"SITECODE":"sjs0596","SITECODE1":" ","ISLAND":"Lopez","LENGTH":1335.721,"SITE":" ","LINK1":" ","LINK2":" ","LINK3":" ","SAMP_SIZE":0,"MEAN":0,"ST_DEV":0,"MAX_":0,"MIN_":0,"COMMENTS":" ","Shape_Leng":1335.72139131,"Shape_Length":1335.721613477066}},{"type":"Feature","id":863,"geometry":{"type":"LineString","coordinates":[[-122.9231116,48.5351691],[-122.9230118,48.5350085],[-122.9228688,48.5346611],[-122.9228726,48.5344667]]},"properties":{"OBJECTID_1":863,"OBJECTID":858,"ID":1,"SITECODE":"sjs0595","SITECODE1":" ","ISLAND":"Lopez","LENGTH":265.724,"SITE":" ","LINK1":" ","LINK2":" ","LINK3":" ","SAMP_SIZE":17,"MEAN":25.6200008,"ST_DEV":2,"MAX_":28.8999996,"MIN_":20.7999992,"COMMENTS":" ","Shape_Leng":265.724557479,"Shape_Length":265.72450261215283}},{"type":"Feature","id":864,"geometry":{"type":"LineString","coordinates":[[-122.9240115,48.522839],[-122.9247302,48.5225222],[-122.9257404,48.5220635],[-122.9266165,48.5216831],[-122.9270098,48.5212355],[-122.9283156,48.520741],[-122.9284156,48.5203899],[-122.9287294,48.5201282]]},"properties":{"OBJECTID_1":864,"OBJECTID":859,"ID":1,"SITECODE":"sjs0594","SITECODE1":" ","ISLAND":"Lopez","LENGTH":1565.002,"SITE":" ","LINK1":" ","LINK2":" ","LINK3":" ","SAMP_SIZE":13,"MEAN":25.6800003,"ST_DEV":3.00999999,"MAX_":30,"MIN_":20.3999996,"COMMENTS":" ","Shape_Leng":1565.00177149,"Shape_Length":1565.001839401035}},{"type":"Feature","id":865,"geometry":{"type":"LineString","coordinates":[[-122.9287294,48.5201282],[-122.9292348,48.5197371],[-122.9296483,48.5192284],[-122.9308509,48.5184472],[-122.9313874,48.5181489],[-122.9324103,48.5174468],[-122.9326331,48.5173061],[-122.9329596,48.5169053],[-122.9333471,48.516321],[-122.9337357,48.5152052],[-122.9340843,48.5147888],[-122.934228,48.5143912]]},"properties":{"OBJECTID_1":865,"OBJECTID":860,"ID":1,"SITECODE":"sjs0593","SITECODE1":" ","ISLAND":"Lopez","LENGTH":2547.147,"SITE":" ","LINK1":" ","LINK2":" ","LINK3":" ","SAMP_SIZE":12,"MEAN":16.3799992,"ST_DEV":6.90999985,"MAX_":28,"MIN_":7.69999981,"COMMENTS":" ","Shape_Leng":2547.14702284,"Shape_Length":2547.147156296785}},{"type":"Feature","id":866,"geometry":{"type":"LineString","coordinates":[[-122.9379019,48.5058946],[-122.9379542,48.5055485]]},"properties":{"OBJECTID_1":866,"OBJECTID":861,"ID":1,"SITECODE":"sjs0592","SITECODE1":" ","ISLAND":"Lopez","LENGTH":126.873,"SITE":" ","LINK1":" ","LINK2":" ","LINK3":" ","SAMP_SIZE":13,"MEAN":22.5900002,"ST_DEV":6.07999992,"MAX_":30.6000004,"MIN_":11.8999996,"COMMENTS":" ","Shape_Leng":126.872677258,"Shape_Length":126.87289433555821}},{"type":"Feature","id":867,"geometry":{"type":"LineString","coordinates":[[-122.9379542,48.5055485],[-122.9381886,48.5039755],[-122.9382628,48.5030021],[-122.9385913,48.5020999],[-122.9387788,48.5016561],[-122.9410007,48.4990031],[-122.9415773,48.4980205],[-122.9423625,48.49711]]},"properties":{"OBJECTID_1":867,"OBJECTID":862,"ID":1,"SITECODE":"sjs0591","SITECODE1":" ","ISLAND":"Lopez","LENGTH":3314.344,"SITE":" ","LINK1":" ","LINK2":" ","LINK3":" ","SAMP_SIZE":9,"MEAN":19.5799999,"ST_DEV":3.56999993,"MAX_":23.7999992,"MIN_":13.8999996,"COMMENTS":" ","Shape_Leng":3314.34435135,"Shape_Length":3314.344139630286}},{"type":"Feature","id":868,"geometry":{"type":"LineString","coordinates":[[-122.945752,48.483286],[-122.9463891,48.4819541],[-122.94676,48.4807371],[-122.9467873,48.4804662]]},"properties":{"OBJECTID_1":868,"OBJECTID":863,"ID":1,"SITECODE":"sjs0589","SITECODE1":" ","ISLAND":"Lopez","LENGTH":1061.904,"SITE":" ","LINK1":" ","LINK2":" ","LINK3":" ","SAMP_SIZE":9,"MEAN":14.1099997,"ST_DEV":4.07000017,"MAX_":21.3999996,"MIN_":7.69999981,"COMMENTS":" ","Shape_Leng":1061.90364481,"Shape_Length":1061.9036360526861}},{"type":"Feature","id":869,"geometry":{"type":"LineString","coordinates":[[-122.9467873,48.4804662],[-122.9468734,48.4794747],[-122.9469257,48.4792837],[-122.9469977,48.4788423],[-122.9469985,48.4788623]]},"properties":{"OBJECTID_1":869,"OBJECTID":864,"ID":1,"SITECODE":"sjs0588","SITECODE1":" ","ISLAND":"Lopez","LENGTH":602.428,"SITE":" ","LINK1":" ","LINK2":" ","LINK3":" ","SAMP_SIZE":13,"MEAN":21.4699993,"ST_DEV":4.19000006,"MAX_":27.1000004,"MIN_":14,"COMMENTS":" ","Shape_Leng":602.428110677,"Shape_Length":602.4282092660496}},{"type":"Feature","id":870,"geometry":{"type":"LineString","coordinates":[[-122.9469347,48.4751327],[-122.9464559,48.4748314],[-122.9462042,48.4745659],[-122.9460137,48.4739593],[-122.9457404,48.4735342],[-122.9455248,48.473048],[-122.9452151,48.4728336],[-122.9448644,48.4719898],[-122.9448025,48.4716451]]},"properties":{"OBJECTID_1":870,"OBJECTID":865,"ID":1,"SITECODE":"sjs0588","SITECODE1":" ","ISLAND":"Lopez","LENGTH":1408.55,"SITE":" ","LINK1":" ","LINK2":" ","LINK3":" ","SAMP_SIZE":13,"MEAN":21.4699993,"ST_DEV":4.19000006,"MAX_":27.1000004,"MIN_":14,"COMMENTS":" ","Shape_Leng":1408.55022827,"Shape_Length":1408.5500265231294}},{"type":"Feature","id":871,"geometry":{"type":"LineString","coordinates":[[-122.9448025,48.4716451],[-122.9443457,48.470719]]},"properties":{"OBJECTID_1":871,"OBJECTID":866,"ID":1,"SITECODE":"sjs0587","SITECODE1":" ","ISLAND":"Lopez","LENGTH":355.555,"SITE":" ","LINK1":" ","LINK2":" ","LINK3":" ","SAMP_SIZE":3,"MEAN":26.6299992,"ST_DEV":0.230000004,"MAX_":26.8999996,"MIN_":26.5,"COMMENTS":" ","Shape_Leng":355.555235856,"Shape_Length":355.55535997980763}},{"type":"Feature","id":872,"geometry":{"type":"LineString","coordinates":[[-122.9330367,48.4553815],[-122.9329019,48.455394],[-122.9326872,48.4556579],[-122.932596,48.4559997],[-122.9324819,48.4561518],[-122.9320787,48.4562191],[-122.9317688,48.4563648],[-122.931394,48.4563916],[-122.9312487,48.4565142],[-122.93165,48.456767],[-122.9317488,48.4569752],[-122.931545,48.457139],[-122.9313939,48.4571217],[-122.9307603,48.4570732],[-122.9304874,48.4570181],[-122.930062,48.457646],[-122.9296222,48.457924],[-122.9292231,48.4580464]]},"properties":{"OBJECTID_1":872,"OBJECTID":867,"ID":1,"SITECODE":"sjs0584","SITECODE1":" ","ISLAND":"Lopez","LENGTH":1730.147,"SITE":" ","LINK1":" ","LINK2":" ","LINK3":" ","SAMP_SIZE":6,"MEAN":20.6100006,"ST_DEV":4.11000013,"MAX_":26.7000008,"MIN_":15,"COMMENTS":" ","Shape_Leng":1730.14747727,"Shape_Length":1730.1472342525865}},{"type":"Feature","id":873,"geometry":{"type":"LineString","coordinates":[[-122.9292231,48.4580464],[-122.9288945,48.4581472],[-122.9287862,48.4584393],[-122.9281685,48.4584104],[-122.9261996,48.4584361],[-122.9234602,48.4583756]]},"properties":{"OBJECTID_1":873,"OBJECTID":868,"ID":1,"SITECODE":"sjs0583","SITECODE1":" ","ISLAND":"Lopez","LENGTH":1490.676,"SITE":" ","LINK1":" ","LINK2":" ","LINK3":" ","SAMP_SIZE":7,"MEAN":19.5,"ST_DEV":3.96000004,"MAX_":24.2000008,"MIN_":11.8000002,"COMMENTS":" ","Shape_Leng":1490.6758539,"Shape_Length":1490.675846737271}},{"type":"Feature","id":874,"geometry":{"type":"LineString","coordinates":[[-122.92136,48.4573933],[-122.9212531,48.4573552],[-122.9209148,48.4568012],[-122.920764,48.4566726]]},"properties":{"OBJECTID_1":874,"OBJECTID":869,"ID":1,"SITECODE":"sjs0583","SITECODE1":" ","ISLAND":"Lopez","LENGTH":307.04,"SITE":" ","LINK1":" ","LINK2":" ","LINK3":" ","SAMP_SIZE":7,"MEAN":19.5,"ST_DEV":3.96000004,"MAX_":24.2000008,"MIN_":11.8000002,"COMMENTS":" ","Shape_Leng":307.040360867,"Shape_Length":307.0402850620486}},{"type":"Feature","id":875,"geometry":{"type":"LineString","coordinates":[[-122.920764,48.4566726],[-122.9200594,48.4561065],[-122.9195229,48.4558561],[-122.9192564,48.4555909],[-122.9180417,48.4553027],[-122.9177578,48.4546077],[-122.9173939,48.4541641],[-122.9167409,48.4536358],[-122.91658,48.4533786],[-122.9165792,48.4533586]]},"properties":{"OBJECTID_1":875,"OBJECTID":870,"ID":1,"SITECODE":"sjs0582","SITECODE1":" ","ISLAND":"Lopez","LENGTH":1662.012,"SITE":" ","LINK1":" ","LINK2":" ","LINK3":" ","SAMP_SIZE":16,"MEAN":14.8000002,"ST_DEV":3.8599999,"MAX_":20.1000004,"MIN_":7.69999981,"COMMENTS":" ","Shape_Leng":1662.01229845,"Shape_Length":1662.0121132622828}},{"type":"Feature","id":876,"geometry":{"type":"LineString","coordinates":[[-122.8064456,48.454733],[-122.8062713,48.4546307],[-122.8047947,48.4536579],[-122.8039544,48.4533056],[-122.8041027,48.4523866]]},"properties":{"OBJECTID_1":876,"OBJECTID":871,"ID":1,"SITECODE":"sjs0633","SITECODE1":" ","ISLAND":"Lopez","LENGTH":1138.977,"SITE":" ","LINK1":" ","LINK2":" ","LINK3":" ","SAMP_SIZE":10,"MEAN":19.2399998,"ST_DEV":3.81999993,"MAX_":24.3999996,"MIN_":13.1000004,"COMMENTS":" ","Shape_Leng":1138.97741696,"Shape_Length":1138.9772939085046}},{"type":"Feature","id":877,"geometry":{"type":"LineString","coordinates":[[-122.8119204,48.4621516],[-122.81171,48.4614627],[-122.8114416,48.4608563],[-122.8111316,48.4599655],[-122.8107502,48.4596054],[-122.8099804,48.4594963],[-122.8095873,48.4596252],[-122.8090592,48.4602249],[-122.8090349,48.4603883],[-122.8090797,48.4607541],[-122.808944,48.4612045],[-122.8091739,48.4616079],[-122.8091049,48.4621998],[-122.8089629,48.4624873],[-122.8084355,48.462313],[-122.8081836,48.462134],[-122.8082887,48.4616841],[-122.8082738,48.4612974],[-122.8081584,48.4606884],[-122.8084872,48.4604791],[-122.8088089,48.4600866],[-122.8086159,48.4598455],[-122.808739,48.4590694],[-122.8087199,48.4589191]]},"properties":{"OBJECTID_1":877,"OBJECTID":872,"ID":1,"SITECODE":"sjs0361","SITECODE1":" ","ISLAND":"Lopez","LENGTH":3854.287,"SITE":" ","LINK1":" ","LINK2":" ","LINK3":" ","SAMP_SIZE":0,"MEAN":0,"ST_DEV":0,"MAX_":0,"MIN_":0,"COMMENTS":" ","Shape_Leng":3854.28696244,"Shape_Length":3854.287012979146}},{"type":"Feature","id":878,"geometry":{"type":"LineString","coordinates":[[-122.8087199,48.4589191],[-122.8086951,48.4587239],[-122.8085852,48.4582574],[-122.8081497,48.4572872],[-122.8078515,48.4567016],[-122.8072756,48.4560597],[-122.8071689,48.4556745],[-122.8067099,48.454888],[-122.8064456,48.454733]]},"properties":{"OBJECTID_1":878,"OBJECTID":873,"ID":1,"SITECODE":"sjs0632","SITECODE1":" ","ISLAND":"Lopez","LENGTH":1647.525,"SITE":" ","LINK1":" ","LINK2":" ","LINK3":" ","SAMP_SIZE":9,"MEAN":25.6800003,"ST_DEV":0.680000007,"MAX_":26.7999992,"MIN_":24.7000008,"COMMENTS":" ","Shape_Leng":1647.52473442,"Shape_Length":1647.5249601179034}},{"type":"Feature","id":879,"geometry":{"type":"LineString","coordinates":[[-122.8131088,48.4707059],[-122.8131881,48.4703787],[-122.8134062,48.4696825],[-122.8138142,48.469146],[-122.8140644,48.4684899],[-122.8143751,48.4678125],[-122.8145602,48.4670557],[-122.8148183,48.4666032],[-122.814907,48.4665322]]},"properties":{"OBJECTID_1":879,"OBJECTID":874,"ID":1,"SITECODE":"sjs0630","SITECODE1":" ","ISLAND":"Lopez","LENGTH":1594.906,"SITE":" ","LINK1":" ","LINK2":" ","LINK3":" ","SAMP_SIZE":16,"MEAN":20.4200001,"ST_DEV":4.28000021,"MAX_":27.1000004,"MIN_":13.8000002,"COMMENTS":" ","Shape_Leng":1594.90628836,"Shape_Length":1594.906148410105}},{"type":"Feature","id":880,"geometry":{"type":"LineString","coordinates":[[-122.814907,48.4665322],[-122.8156501,48.4659372],[-122.8150425,48.4652755],[-122.8137335,48.4646869],[-122.8125626,48.4645033],[-122.8123091,48.4642836],[-122.8123467,48.4636719],[-122.811951,48.4621511]]},"properties":{"OBJECTID_1":880,"OBJECTID":875,"ID":1,"SITECODE":"sjs0631","SITECODE1":" ","ISLAND":"Lopez","LENGTH":2127.659,"SITE":" ","LINK1":" ","LINK2":" ","LINK3":" ","SAMP_SIZE":33,"MEAN":25.7800007,"ST_DEV":2.19000006,"MAX_":28.6000004,"MIN_":16.7999992,"COMMENTS":" ","Shape_Leng":2127.65886599,"Shape_Length":2127.658983768508}},{"type":"Feature","id":881,"geometry":{"type":"LineString","coordinates":[[-122.8175468,48.4778253],[-122.8164707,48.4773745],[-122.8163626,48.4771156],[-122.8160521,48.4766908],[-122.8155676,48.4758257],[-122.814606,48.4752947],[-122.8145949,48.4752743]]},"properties":{"OBJECTID_1":881,"OBJECTID":876,"ID":1,"SITECODE":"sjs0629","SITECODE1":" ","ISLAND":"Lopez","LENGTH":1226.713,"SITE":" ","LINK1":" ","LINK2":" ","LINK3":" ","SAMP_SIZE":13,"MEAN":20.6900005,"ST_DEV":6.01000023,"MAX_":27.2999992,"MIN_":11.6999998,"COMMENTS":" ","Shape_Leng":1226.71298163,"Shape_Length":1226.7131695952892}},{"type":"Feature","id":882,"geometry":{"type":"LineString","coordinates":[[-122.8145949,48.4752743],[-122.8142473,48.4746361],[-122.8137996,48.4742136],[-122.8134172,48.4734511],[-122.8132499,48.4731802],[-122.8133755,48.4728782]]},"properties":{"OBJECTID_1":882,"OBJECTID":877,"ID":1,"SITECODE":"sjs0630","SITECODE1":" ","ISLAND":"Lopez","LENGTH":950.528,"SITE":" ","LINK1":" ","LINK2":" ","LINK3":" ","SAMP_SIZE":16,"MEAN":20.4200001,"ST_DEV":4.28000021,"MAX_":27.1000004,"MIN_":13.8000002,"COMMENTS":" ","Shape_Leng":950.528624335,"Shape_Length":950.5286504949385}},{"type":"Feature","id":883,"geometry":{"type":"LineString","coordinates":[[-122.8722598,48.5064259],[-122.8719941,48.5066827],[-122.8712359,48.5071315],[-122.8703131,48.5077781],[-122.8700669,48.5080918],[-122.8685241,48.5087607],[-122.866373,48.5093142],[-122.8662302,48.5096261],[-122.8663776,48.5098642],[-122.8660684,48.510328],[-122.8659555,48.5105248],[-122.865965,48.5107653],[-122.8655905,48.5113219],[-122.8653672,48.5119345]]},"properties":{"OBJECTID_1":883,"OBJECTID":878,"ID":1,"SITECODE":"sjs0617","SITECODE1":" ","ISLAND":"Lopez","LENGTH":2834.668,"SITE":" ","LINK1":" ","LINK2":" ","LINK3":" ","SAMP_SIZE":14,"MEAN":13.5200005,"ST_DEV":8.22999954,"MAX_":25.2999992,"MIN_":3,"COMMENTS":" ","Shape_Leng":2834.6676887,"Shape_Length":2834.667438609374}},{"type":"Feature","id":884,"geometry":{"type":"LineString","coordinates":[[-122.8653672,48.5119345],[-122.8651239,48.5126022]]},"properties":{"OBJECTID_1":884,"OBJECTID":879,"ID":1,"SITECODE":"sjs0616","SITECODE1":" ","ISLAND":"Lopez","LENGTH":250.626,"SITE":" ","LINK1":" ","LINK2":" ","LINK3":" ","SAMP_SIZE":21,"MEAN":18.6700001,"ST_DEV":1.47000003,"MAX_":21.6000004,"MIN_":16.6000004,"COMMENTS":" ","Shape_Leng":250.62624085,"Shape_Length":250.62630294197555}},{"type":"Feature","id":885,"geometry":{"type":"LineString","coordinates":[[-122.8625381,48.5187213],[-122.8623644,48.5191254],[-122.862276,48.5195051],[-122.8621041,48.5199551],[-122.8620156,48.5203348],[-122.8618909,48.5206693],[-122.8617871,48.5210951],[-122.8616805,48.5214052]]},"properties":{"OBJECTID_1":885,"OBJECTID":880,"ID":1,"SITECODE":"sjs0616","SITECODE1":" ","ISLAND":"Lopez","LENGTH":1002.182,"SITE":" ","LINK1":" ","LINK2":" ","LINK3":" ","SAMP_SIZE":21,"MEAN":18.6700001,"ST_DEV":1.47000003,"MAX_":21.6000004,"MIN_":16.6000004,"COMMENTS":" ","Shape_Leng":1002.18207684,"Shape_Length":1002.1818834152832}},{"type":"Feature","id":886,"geometry":{"type":"LineString","coordinates":[[-122.8616805,48.5214052],[-122.8614623,48.5220405],[-122.8611702,48.522504],[-122.8609016,48.5231276],[-122.8608128,48.5239313]]},"properties":{"OBJECTID_1":886,"OBJECTID":881,"ID":1,"SITECODE":"sjs0615","SITECODE1":" ","ISLAND":"Lopez","LENGTH":951.658,"SITE":" ","LINK1":" ","LINK2":" ","LINK3":" ","SAMP_SIZE":14,"MEAN":18.6599998,"ST_DEV":1.05999994,"MAX_":20.6000004,"MIN_":17.1000004,"COMMENTS":" ","Shape_Leng":951.657487534,"Shape_Length":951.6575402631365}},{"type":"Feature","id":887,"geometry":{"type":"LineString","coordinates":[[-122.859461,48.5298683],[-122.8593203,48.5301863]]},"properties":{"OBJECTID_1":887,"OBJECTID":882,"ID":1,"SITECODE":"sjs0615","SITECODE1":" ","ISLAND":"Lopez","LENGTH":120.913,"SITE":" ","LINK1":" ","LINK2":" ","LINK3":" ","SAMP_SIZE":14,"MEAN":18.6599998,"ST_DEV":1.05999994,"MAX_":20.6000004,"MIN_":17.1000004,"COMMENTS":" ","Shape_Leng":120.912576376,"Shape_Length":120.91267210477379}},{"type":"Feature","id":888,"geometry":{"type":"LineString","coordinates":[[-122.8593203,48.5301863],[-122.8591443,48.5305843],[-122.8587781,48.530923]]},"properties":{"OBJECTID_1":888,"OBJECTID":883,"ID":1,"SITECODE":"sjs0614","SITECODE1":" ","ISLAND":"Lopez","LENGTH":303.482,"SITE":" ","LINK1":" ","LINK2":" ","LINK3":" ","SAMP_SIZE":13,"MEAN":17.8400002,"ST_DEV":1.77999997,"MAX_":20,"MIN_":13.1999998,"COMMENTS":" ","Shape_Leng":303.482205416,"Shape_Length":303.4822182112706}},{"type":"Feature","id":889,"geometry":{"type":"LineString","coordinates":[[-122.8446335,48.5345272],[-122.8445644,48.5349639],[-122.8444527,48.535195],[-122.84441,48.5354249],[-122.8447175,48.5357863],[-122.8447928,48.5359454],[-122.8447255,48.536134]]},"properties":{"OBJECTID_1":889,"OBJECTID":884,"ID":1,"SITECODE":"sjs0612","SITECODE1":"sjs0613","ISLAND":"Lopez","LENGTH":616.253,"SITE":" ","LINK1":" ","LINK2":" ","LINK3":" ","SAMP_SIZE":7,"MEAN":14.7200003,"ST_DEV":2.31999993,"MAX_":17.2999992,"MIN_":11.8000002,"COMMENTS":" ","Shape_Leng":616.252557631,"Shape_Length":616.2527462565515}},{"type":"Feature","id":890,"geometry":{"type":"LineString","coordinates":[[-122.8447255,48.536134],[-122.8446529,48.5363375],[-122.8446797,48.5365777],[-122.8445993,48.5367281]]},"properties":{"OBJECTID_1":890,"OBJECTID":885,"ID":1,"SITECODE":"sjs0612","SITECODE1":" ","ISLAND":"Lopez","LENGTH":222.367,"SITE":" ","LINK1":" ","LINK2":" ","LINK3":" ","SAMP_SIZE":7,"MEAN":14.7200003,"ST_DEV":2.31999993,"MAX_":17.2999992,"MIN_":11.8000002,"COMMENTS":" ","Shape_Leng":222.366733226,"Shape_Length":222.36647657389054}},{"type":"Feature","id":891,"geometry":{"type":"LineString","coordinates":[[-122.8495865,48.5367331],[-122.8497467,48.5368563],[-122.8500444,48.5369657],[-122.8504614,48.5370387],[-122.8514298,48.5370906],[-122.8521118,48.5373194],[-122.8527997,48.5385679],[-122.853429,48.538954]]},"properties":{"OBJECTID_1":891,"OBJECTID":886,"ID":1,"SITECODE":"sjs0611","SITECODE1":" ","ISLAND":"Lopez","LENGTH":1359.419,"SITE":" ","LINK1":" ","LINK2":" ","LINK3":" ","SAMP_SIZE":10,"MEAN":11.6999998,"ST_DEV":4.80000019,"MAX_":19.7000008,"MIN_":5.5,"COMMENTS":" ","Shape_Leng":1359.41899938,"Shape_Length":1359.4189079487003}}]}